sample_id,true_label,prediction
0,0.1613113433122635,0.3924728035926819
1,0.1613113433122635,0.38160473108291626
2,0.1613113433122635,0.3223237693309784
3,0.1613113433122635,0.34700194001197815
4,0.1613113433122635,0.27755552530288696
5,0.1613113433122635,0.3260772228240967
6,0.1613113433122635,0.2577019929885864
7,0.1613113433122635,0.2949293851852417
8,0.1613113433122635,0.35362595319747925
9,0.1613113433122635,0.27051225304603577
