sample_id,true_label,prediction
0,0.1613113433122635,-0.000355922500602901
1,0.1613113433122635,-0.0024038408882915974
2,0.1613113433122635,-0.004520961549133062
3,0.1613113433122635,-0.00687588844448328
4,0.1613113433122635,-0.006480631418526173
5,0.1613113433122635,-0.0019115018658339977
6,0.1613113433122635,0.0013464915100485086
7,0.1613113433122635,0.0044359308667480946
8,0.1613113433122635,0.009056633338332176
9,0.1613113433122635,0.009590753354132175
