{
  "type": "StandardScaler",
  "n_features_in": 500,
  "mean": [
    213336.484375,
    213346.09375,
    213345.359375,
    213345.875,
    213334.375,
    213342.515625,
    213339.453125,
    213328.40625,
    213336.515625,
    213338.078125,
    213324.3125,
    213330.984375,
    213333.546875,
    213325.09375,
    213326.34375,
    213324.53125,
    213341.96875,
    213341.875,
    213346.71875,
    213322.796875,
    213324.515625,
    213319.421875,
    213326.296875,
    213328.140625,
    213318.09375,
    213323.375,
    213305.53125,
    213304.28125,
    213301.25,
    213315.4375,
    213313.96875,
    213307.1875,
    213313.109375,
    213295.625,
    213305.0,
    213303.921875,
    213302.671875,
    213308.859375,
    213308.703125,
    213307.921875,
    213292.234375,
    213303.203125,
    213304.96875,
    213301.609375,
    213313.09375,
    213314.578125,
    213304.234375,
    213309.34375,
    213306.296875,
    213313.90625,
    213308.328125,
    213285.921875,
    213308.203125,
    213312.59375,
    213299.703125,
    213313.484375,
    213314.234375,
    213312.515625,
    213311.078125,
    213323.078125,
    213325.78125,
    213335.78125,
    213331.71875,
    213331.40625,
    213327.5,
    213318.078125,
    213325.625,
    213305.90625,
    213321.984375,
    213320.4375,
    213317.515625,
    213314.609375,
    213319.578125,
    213308.328125,
    213343.1875,
    213332.28125,
    213325.65625,
    213333.15625,
    213336.390625,
    213338.953125,
    213347.796875,
    213357.5625,
    213346.1875,
    213344.59375,
    213346.765625,
    213342.75,
    213324.765625,
    213320.53125,
    213331.0625,
    213341.0,
    213339.546875,
    213349.828125,
    213333.890625,
    213328.828125,
    213332.578125,
    213325.5625,
    213341.171875,
    213329.015625,
    213333.890625,
    213331.25,
    213337.171875,
    213338.9375,
    213335.828125,
    213318.546875,
    213335.4375,
    213337.3125,
    213337.640625,
    213335.03125,
    213337.015625,
    213333.734375,
    213337.890625,
    213350.9375,
    213340.421875,
    213318.0625,
    213344.65625,
    213338.953125,
    213353.078125,
    213341.375,
    213356.078125,
    213347.4375,
    213350.203125,
    213349.484375,
    213346.234375,
    213332.203125,
    213335.203125,
    213333.703125,
    213322.5,
    213331.765625,
    213325.25,
    213325.15625,
    213306.0,
    213323.671875,
    213321.328125,
    213319.859375,
    213325.828125,
    213335.8125,
    213328.203125,
    213336.140625,
    213335.171875,
    213346.84375,
    213337.375,
    213347.140625,
    213344.96875,
    213355.53125,
    213360.390625,
    213348.71875,
    213364.90625,
    213354.375,
    213372.46875,
    213362.265625,
    213378.484375,
    213383.3125,
    213383.265625,
    213372.15625,
    213369.515625,
    213378.203125,
    213385.21875,
    213377.84375,
    213394.0,
    213377.953125,
    213383.453125,
    213378.546875,
    213378.09375,
    213384.234375,
    213389.59375,
    213375.890625,
    213379.90625,
    213381.859375,
    213388.359375,
    213389.609375,
    213392.46875,
    213383.890625,
    213379.46875,
    213383.53125,
    213390.234375,
    213382.265625,
    213388.15625,
    213389.328125,
    213392.8125,
    213381.25,
    213384.375,
    213393.640625,
    213394.84375,
    213375.03125,
    213374.984375,
    213369.359375,
    213373.15625,
    213385.28125,
    213378.890625,
    213372.875,
    213371.703125,
    213377.4375,
    213368.5625,
    213387.328125,
    213387.140625,
    213399.765625,
    213397.890625,
    213399.734375,
    213406.234375,
    213412.515625,
    213395.84375,
    213401.953125,
    213385.5625,
    213383.515625,
    213389.84375,
    213379.453125,
    213378.671875,
    213370.125,
    213366.59375,
    213377.625,
    213369.40625,
    213370.421875,
    213381.578125,
    213371.5625,
    213374.71875,
    213368.796875,
    213376.0625,
    213373.0,
    213357.328125,
    213357.21875,
    213346.796875,
    213359.34375,
    213354.984375,
    213353.96875,
    213333.421875,
    213334.53125,
    213328.875,
    213341.40625,
    213327.890625,
    213328.109375,
    213309.765625,
    213299.796875,
    213299.125,
    213303.859375,
    213293.703125,
    213312.84375,
    213306.703125,
    213293.453125,
    213311.296875,
    213297.5,
    213314.359375,
    213325.171875,
    213323.203125,
    213317.78125,
    213317.84375,
    213304.171875,
    213315.875,
    213323.4375,
    213313.984375,
    213310.9375,
    213321.078125,
    213332.90625,
    213330.71875,
    213333.5,
    213321.34375,
    213322.796875,
    213313.921875,
    213313.515625,
    213323.703125,
    213325.15625,
    213315.140625,
    213315.484375,
    213322.828125,
    213312.5625,
    213316.546875,
    213314.40625,
    213325.8125,
    213329.328125,
    213337.453125,
    213319.8125,
    213326.109375,
    213322.265625,
    213328.203125,
    213336.9375,
    213336.578125,
    213345.40625,
    213332.046875,
    213316.1875,
    213319.171875,
    213333.90625,
    213337.21875,
    213337.546875,
    213339.265625,
    213330.765625,
    213341.8125,
    213338.390625,
    213341.375,
    213348.359375,
    213344.8125,
    213349.625,
    213325.421875,
    213334.359375,
    213341.328125,
    213336.671875,
    213336.984375,
    213339.265625,
    213335.953125,
    213333.015625,
    213334.109375,
    213345.953125,
    213341.796875,
    213321.5625,
    213333.15625,
    213342.546875,
    213319.765625,
    213342.75,
    213347.703125,
    213344.953125,
    213338.828125,
    213340.34375,
    213345.984375,
    213355.171875,
    213352.625,
    213348.734375,
    213344.359375,
    213343.6875,
    213352.453125,
    213336.125,
    213347.71875,
    213349.328125,
    213326.96875,
    213334.265625,
    213334.390625,
    213322.890625,
    213359.375,
    213356.5625,
    213342.828125,
    213344.5625,
    213355.265625,
    213363.875,
    213366.078125,
    213370.453125,
    213349.53125,
    213347.578125,
    213352.578125,
    213353.703125,
    213361.65625,
    213350.96875,
    213353.953125,
    213358.296875,
    213354.578125,
    213372.125,
    213369.421875,
    213356.71875,
    213360.96875,
    213344.296875,
    213367.5,
    213342.34375,
    213360.046875,
    213359.359375,
    213359.421875,
    213355.296875,
    213359.0625,
    213341.84375,
    213349.328125,
    213353.90625,
    213349.828125,
    213350.890625,
    213349.140625,
    213343.71875,
    213350.78125,
    213367.28125,
    213364.09375,
    213338.703125,
    213357.625,
    213351.1875,
    213370.421875,
    213358.234375,
    213371.203125,
    213362.796875,
    213367.484375,
    213367.234375,
    213346.90625,
    213345.703125,
    213355.96875,
    213357.953125,
    213349.765625,
    213351.34375,
    213352.671875,
    213345.40625,
    213327.34375,
    213350.359375,
    213349.8125,
    213345.84375,
    213349.9375,
    213351.4375,
    213344.546875,
    213360.609375,
    213353.875,
    213355.703125,
    213354.46875,
    213354.109375,
    213351.4375,
    213346.015625,
    213349.171875,
    213341.921875,
    213352.359375,
    213343.671875,
    213358.0,
    213362.140625,
    213371.796875,
    213364.640625,
    213368.203125,
    213366.015625,
    213359.359375,
    213361.65625,
    213365.0,
    213357.796875,
    213367.5,
    213362.328125,
    213360.140625,
    213353.78125,
    213356.328125,
    213365.484375,
    213361.0,
    213352.515625,
    213353.796875,
    213354.53125,
    213361.703125,
    213361.390625,
    213372.546875,
    213369.234375,
    213353.484375,
    213361.578125,
    213365.0,
    213358.1875,
    213357.203125,
    213355.953125,
    213362.125,
    213348.46875,
    213358.40625,
    213363.109375,
    213356.46875,
    213330.4375,
    213330.625,
    213332.21875,
    213333.28125,
