ZZ	1	21	  0	  0	  0	  0	     0	     0	     0	     0	     0	     0	     0	     0	     0	     0	     0	     0	     0	     0	     0	     0	370171	370171	370171	370171	??
ZZ	2	42	  0	  0	  0	  0	370689	370689	370689	370344	370344	370344	370344	370487	370487	370487	370487	370472	370472	370472	370472	370529	370529	370529	370529	370521	??
ZZ	3	63	  0	  0	  0	  0	370521	370521	370570	370570	370570	370570	370534	370534	370534	370534	370506	370506	370506	370506	370475	370475	370475	370475	370434	370434	??
ZZ	4	84	  0	  0	  0	  0	370434	370600	370600	370600	370600	370457	370457	370457	370457	370537	370537	370537	370537	370693	370693	370693	370693	370740	370740	370740	??
ZZ	5	105	  0	  0	  0	  0	370694	370694	370694	370694	370587	370587	370587	370587	370708	370708	370708	370708	370633	370633	370633	370633	370676	370676	370676	370676	??
ZZ	6	127	  0	  0	  0	  0	370721	370721	370721	370861	370861	370861	370861	370787	370787	370787	370787	370753	370753	370753	370753	370699	370699	370699	370699	370896	??
ZZ	7	148	  0	  0	  0	  0	370896	370896	370736	370736	370736	370736	370634	370634	370634	370634	370640	370640	370640	370640	370717	370717	370717	370717	370896	370896	??
ZZ	8	169	  0	  0	  0	  0	370896	370709	370709	370709	370709	370721	370721	370721	370721	370809	370809	370809	370809	370717	370717	370717	370717	370911	370911	370911	??
ZZ	9	190	  0	  0	  0	  0	370623	370623	370623	370623	370769	370769	370769	370769	370808	370808	370808	370808	370801	370801	370801	370801	370817	370817	370817	370817	??
ZZ	10	211	  0	  0	  0	  0	370834	370834	370834	370795	370795	370795	370795	370789	370789	370789	370789	370847	370847	370847	370847	370864	370864	370864	370864	370729	??
ZZ	11	232	  0	  0	  0	  0	370729	370729	370908	370908	370908	370908	370821	370821	370821	370821	370963	370963	370963	370963	370877	370877	370877	370877	370682	370682	??
ZZ	12	253	  0	  0	  0	  0	370682	370896	370896	370896	370896	370791	370791	370791	370791	370755	370755	370755	370755	370903	370903	370903	370903	370844	370844	370844	??
ZZ	13	274	  0	  0	  0	  0	370877	370877	370877	370877	370793	370793	370793	370793	370885	370885	370885	370885	370989	370989	370989	370989	370867	370867	370867	370867	??
ZZ	14	296	  0	  0	  0	  0	370974	370974	370974	370803	370803	370803	370803	370909	370909	370909	370909	370911	370911	370911	370911	370665	370665	370665	370665	370828	??
ZZ	15	317	  0	  0	  0	  0	370828	370828	370923	370923	370923	370923	370823	370823	370823	370823	370894	370894	370894	370894	370989	370989	370989	370989	370908	370908	??
ZZ	16	338	  0	  0	  0	  0	370908	370791	370791	370791	370791	370862	370862	370862	370862	370857	370857	370857	370857	370911	370911	370911	370911	371107	371107	371107	??
ZZ	17	359	  0	  0	  0	  0	370979	370979	370979	370979	371095	371095	371095	371095	371001	371001	371001	371001	371000	371000	371000	371000	370960	370960	370960	370960	??
ZZ	18	380	  0	  0	  0	  0	370901	370901	370901	370967	370967	370967	370967	371076	371076	371076	371076	370939	370939	370939	370939	371103	371103	371103	371103	371012	??
ZZ	19	401	  0	  0	  0	  0	371012	371012	371046	371046	371046	371046	370994	370994	370994	370994	370920	370920	370920	370920	370987	370987	370987	370987	370952	370952	??
ZZ	20	423	  0	  0	  0	  0	370952	370963	370963	370963	370963	370986	370986	370986	370986	371080	371080	371080	371080	371014	371014	371014	371014	370963	370963	370963	??
ZZ	21	444	  0	  0	  0	  0	371012	371012	371012	371012	371017	371017	371017	371017	371080	371080	371080	371080	371047	371047	371047	371047	370843	370843	370843	370843	??
ZZ	22	465	  0	  0	  0	  0	371185	371185	371185	371000	371000	371000	371000	370885	370885	370885	370885	371001	371001	371001	371001	370929	370929	370929	370929	371016	??
ZZ	23	486	  0	  0	  0	  0	371016	371016	371031	371031	371031	371031	370963	370963	370963	370963	371137	371137	371137	371137	371006	371006	371006	371006	371005	371005	??
ZZ	24	507	  0	  0	  0	  0	371005	370898	370898	370898	370898	370920	370920	370920	370920	370955	370955	370955	370955	370933	370933	370933	370933	371051	371051	371051	??
ZZ	25	528	  0	  0	  0	  0	370979	370979	370979	370979	370986	370986	370986	370986	371001	371001	371001	371001	370948	370948	370948	370948	370977	370977	370977	370977	??
ZZ	26	549	  0	  0	  0	  0	370955	370955	370955	370986	370986	370986	370986	370970	370970	370970	370970	371178	371178	371178	371178	370982	370982	370982	370982	371056	??
ZZ	27	571	  0	  0	  0	  0	371056	371056	370994	370994	370994	370994	371103	371103	371103	371103	371048	371048	371048	371048	371133	371133	371133	371133	371026	371026	??
ZZ	28	592	  0	  0	  0	  0	371026	371012	371012	371012	371012	371061	371061	371061	371061	371070	371070	371070	371070	371121	371121	371121	371121	371088	371088	371088	??
ZZ	29	613	  0	  0	  0	  0	371086	371086	371086	371086	370813	370813	370813	370813	370918	370918	370918	370918	370929	370929	370929	370929	370948	370948	370948	370948	??
ZZ	30	634	  0	  0	  0	  0	370956	370956	370956	371099	371099	371099	371099	371103	371103	371103	371103	371063	371063	371063	371063	371091	371091	371091	371091	371118	??
ZZ	31	655	  0	  0	  0	  0	371118	371118	371092	371092	371092	371092	371076	371076	371076	371076	371069	371069	371069	371069	371020	371020	371020	371020	371046	371046	??
ZZ	32	676	  0	  0	  0	  0	371046	371046	371046	371046	371046	371073	371073	371073	371073	371054	371054	371054	371054	371047	371047	371047	371047	371050	371050	371050	??
ZZ	33	698	  0	  0	  0	  0	371072	371072	371072	371072	371040	371040	371040	371040	371110	371110	371110	371110	371060	371060	371060	371060	371061	371061	371061	371061	??
ZZ	34	719	  0	  0	  0	  0	371027	371027	371027	371079	371079	371079	371079	371185	371185	371185	371185	371001	371001	371001	371001	371056	371056	371056	371056	371126	??
ZZ	35	740	  0	  0	  0	  0	371126	371126	371013	371013	371013	371013	371085	371085	371085	371085	370900	370900	370900	370900	370993	370993	370993	370993	371005	371005	??
ZZ	36	761	  0	  0	  0	  0	371005	371020	371020	371020	371020	371022	371022	371022	371022	370976	370976	370976	370976	371073	371073	371073	371073	370970	370970	370970	??
ZZ	37	782	  0	  0	  0	  0	371050	371050	371050	371050	371024	371024	371024	371024	371034	371034	371034	371034	371031	371031	371031	371031	371024	371024	371024	371024	??
ZZ	38	803	  0	  0	  0	  0	371133	371133	371133	371039	371039	371039	371039	371043	371043	371043	371043	371035	371035	371035	371035	371046	371046	371046	371046	371064	??
ZZ	39	824	  0	  0	  0	  0	371064	371064	371042	371042	371042	371042	371061	371061	371061	371061	371067	371067	371067	371067	370836	370836	370836	370836	371003	371003	??
ZZ	40	846	  0	  0	  0	  0	371003	371219	371219	371219	371219	371012	371012	371012	371012	371049	371049	371049	371049	370971	370971	370971	370971	371012	371012	371012	??
ZZ	41	867	  0	  0	  0	  0	371068	371068	371068	371068	371171	371171	371171	371171	371148	371148	371148	371148	371127	371127	371127	371127	371179	371179	371179	371179	??
ZZ	42	888	  0	  0	  0	  0	371108	371108	371108	370971	370971	370971	370971	370911	370911	370911	370911	371002	371002	371002	371002	371106	371106	371106	371106	371118	??
ZZ	43	909	  0	  0	  0	  0	371118	371118	371114	371114	371114	371114	371113	371113	371113	371113	371023	371023	371023	371023	371077	371077	371077	371077	371080	371080	??
ZZ	44	930	  0	  0	  0	  0	371080	371045	371045	371045	371045	371027	371027	371027	371027	370994	370994	370994	370994	371071	371071	371071	371071	371262	371262	371262	??
ZZ	45	951	  0	  0	  0	  0	371073	371073	371073	371073	371187	371187	371187	371187	371141	371141	371141	371141	371196	371196	371196	371196	371026	371026	371026	371026	??
ZZ	46	973	  0	  0	  0	  0	371001	371001	371001	371066	371066	371066	371066	371035	371035	371035	371035	371174	371174	371174	371174	371091	371091	371091	371091	371046	??
ZZ	47	994	  0	  0	  0	  0	371046	371046	371170	371170	371170	371170	371077	371077	371077	371077	371242	371242	371242	371242	371125	371125	371125	371125	370997	370997	??
ZZ	48	1015	  0	  0	  0	  0	370997	371175	371175	371175	371175	371068	371068	371068	371068	371136	371136	371136	371136	371137	371137	371137	371137	371069	371069	371069	??
ZZ	49	1036	  0	  0	  0	  0	371235	371235	371235	371235	371054	371054	371054	371054	371142	371142	371142	371142	371170	371170	371170	371170	371095	371095	371095	371095	??
ZZ	50	1057	  0	  0	  0	  0	371088	371088	371088	371069	371069	371069	371069	371081	371081	371081	371081	370952	370952	370952	370952	371099	371099	371099	371099	371095	??
ZZ	51	1078	  0	  0	  0	  0	371095	371095	371088	371088	371088	371088	371103	371103	371103	371103	371129	371129	371129	371129	371159	371159	371159	371159	371157	371157	??
ZZ	52	1099	  0	  0	  0	  0	371157	371242	371242	371242	371242	371133	371133	371133	371133	371117	371117	371117	371117	371061	371061	371061	371061	371103	371103	371103	??
ZZ	53	1121	  0	  0	  0	  0	371033	371033	371033	371033	371125	371125	371125	371125	371122	371122	371122	371122	371091	371091	371091	371091	371095	371095	371095	371095	??
ZZ	54	1142	  0	  0	  0	  0	371137	371137	371137	371054	371054	371054	371054	371118	371118	371118	371118	371079	371079	371079	371079	371137	371137	371137	371137	370872	??
ZZ	55	1163	  0	  0	  0	  0	370872	370872	371056	371056	371056	371056	371009	371009	371009	371009	371144	371144	371144	371144	371085	371085	371085	371085	371069	371069	??
ZZ	56	1184	  0	  0	  0	  0	371069	371155	371155	371155	371155	371163	371163	371163	371163	371076	371076	371076	371076	371178	371178	371178	371178	371054	371054	371054	??
ZZ	57	1205	  0	  0	  0	  0	371122	371122	371122	371122	371124	371124	371124	371124	371061	371061	371061	371061	371167	371167	371167	371167	371080	371080	371080	371080	??
ZZ	58	1226	  0	  0	  0	  0	371095	371095	371095	371072	371072	371072	371072	371107	371107	371107	371107	371249	371249	371249	371249	371156	371156	371156	371156	371186	??
ZZ	59	1247	  0	  0	  0	  0	371186	371186	371046	371046	371046	371046	371151	371151	371151	371151	371137	371137	371137	371137	371135	371135	371135	371135	371223	371223	??
ZZ	60	1269	  0	  0	  0	  0	371223	371137	371137	371137	371137	371217	371217	371217	371217	371121	371121	371121	371121	371137	371137	371137	371137	371122	371122	371122	??
ZZ	61	1290	  0	  0	  0	  0	371178	371178	371178	371178	371088	371088	371088	371088	371130	371130	371130	371130	371088	371088	371088	371088	371156	371156	371156	371156	??
ZZ	62	1311	  0	  0	  0	  0	371133	371133	371133	371216	371216	371216	371216	371110	371110	371110	371110	371329	371329	371329	371329	371231	371231	371231	371231	371151	??
ZZ	63	1332	  0	  0	  0	  0	371151	371151	371080	371080	371080	371080	371042	371042	371042	371042	371037	371037	371037	371037	371114	371114	371114	371114	371100	371100	??
ZZ	64	1353	  0	  0	  0	  0	371100	371039	371039	371039	371039	371163	371163	371163	371163	371106	371106	371106	371106	371133	371133	371133	371133	371088	371088	371088	??
ZZ	65	1374	  0	  0	  0	  0	371117	371117	371117	371117	370926	370926	370926	370926	371242	371242	371242	371242	371111	371111	371111	371111	371035	371035	371035	371035	??
ZZ	66	1395	  0	  0	  0	  0	371155	371155	371155	371272	371272	371272	371272	371065	371065	371065	371065	371126	371126	371126	371126	371167	371167	371167	371167	371239	??
ZZ	67	1416	  0	  0	  0	  0	371239	371239	371130	371130	371130	371130	371179	371179	371179	371179	371118	371118	371118	371118	371140	371140	371140	371140	371228	371228	??
ZZ	68	1438	  0	  0	  0	  0	371228	371129	371129	371129	371129	371186	371186	371186	371186	371163	371163	371163	371163	371106	371106	371106	371106	371235	371235	371235	??
ZZ	69	1459	  0	  0	  0	  0	370960	370960	370960	370960	371147	371147	371147	371147	371231	371231	371231	371231	371133	371133	371133	371133	371186	371186	371186	371186	??
ZZ	70	1480	  0	  0	  0	  0	371106	371106	371106	371157	371157	371157	371157	371133	371133	371133	371133	371129	371129	371129	371129	371139	371139	371139	371139	371009	??
ZZ	71	1501	  0	  0	  0	  0	371009	371009	371163	371163	371163	371163	371103	371103	371103	371103	371179	371179	371179	371179	371110	371110	371110	371110	371147	371147	??
ZZ	72	1522	  0	  0	  0	  0	371147	371220	371220	371220	371220	371183	371183	371183	371183	371084	371084	371084	371084	371238	371238	371238	371238	371145	371145	371145	??
ZZ	73	1543	  0	  0	  0	  0	371145	371145	371145	371145	371216	371216	371216	371216	371182	371182	371182	371182	371126	371126	371126	371126	371079	371079	371079	371079	??
ZZ	74	1565	  0	  0	  0	  0	371107	371107	371107	371035	371035	371035	371035	371159	371159	371159	371159	371193	371193	371193	371193	371125	371125	371125	371125	371145	??
ZZ	75	1586	  0	  0	  0	  0	371145	371145	371201	371201	371201	371201	371205	371205	371205	371205	371159	371159	371159	371159	371095	371095	371095	371095	371158	371158	??
ZZ	76	1607	  0	  0	  0	  0	371158	371122	371122	371122	371122	371197	371197	371197	371197	371142	371142	371142	371142	371232	371232	371232	371232	371155	371155	371155	??
ZZ	77	1628	  0	  0	  0	  0	371150	371150	371150	371150	371061	371061	371061	371061	371298	371298	371298	371298	371135	371135	371135	371135	371163	371163	371163	371163	??
ZZ	78	1649	  0	  0	  0	  0	371102	371102	371102	371058	371058	371058	371058	371140	371140	371140	371140	371093	371093	371093	371093	371298	371298	371298	371298	371009	??
ZZ	79	1670	  0	  0	  0	  0	371009	371009	371118	371118	371118	371118	371256	371256	371256	371256	371223	371223	371223	371223	371215	371215	371215	371215	371137	371137	??
ZZ	80	1691	  0	  0	  0	  0	371137	371147	371147	371147	371147	371020	371020	371020	371020	371197	371197	371197	371197	371168	371168	371168	371168	371163	371163	371163	??
ZZ	81	1712	  0	  0	  0	  0	371174	371174	371174	371174	371144	371144	371144	371144	371091	371091	371091	371091	371280	371280	371280	371280	371149	371149	371149	371149	??
ZZ	82	1734	  0	  0	  0	  0	371139	371139	371139	371131	371131	371131	371131	371099	371099	371099	371099	371174	371174	371174	371174	371176	371176	371176	371176	371110	??
ZZ	83	1755	  0	  0	  0	  0	371110	371110	371129	371129	371129	371129	371085	371085	371085	371085	371107	371107	371107	371107	371110	371110	371110	371110	371133	371133	??
ZZ	84	1776	  0	  0	  0	  0	371133	371054	371054	371054	371054	371097	371097	371097	371097	371209	371209	371209	371209	371016	371016	371016	371016	371106	371106	371106	??
ZZ	85	1797	  0	  0	  0	  0	371061	371061	371061	371061	371088	371088	371088	371088	371090	371090	371090	371090	371106	371106	371106	371106	371150	371150	371150	371150	??
ZZ	86	1818	  0	  0	  0	  0	371081	371081	371081	371133	371133	371133	371133	371045	371045	371045	371045	371189	371189	371189	371189	371163	371163	371163	371163	371150	??
ZZ	87	1839	  0	  0	  0	  0	371150	371150	371141	371141	371141	371141	371140	371140	371140	371140	371147	371147	371147	371147	371212	371212	371212	371212	371070	371070	??
ZZ	88	1861	  0	  0	  0	  0	371070	371232	371232	371232	371232	371129	371129	371129	371129	371116	371116	371116	371116	371163	371163	371163	371163	371110	371110	371110	??
ZZ	89	1882	  0	  0	  0	  0	371124	371124	371124	371124	371195	371195	371195	371195	371160	371160	371160	371160	371179	371179	371179	371179	371197	371197	371197	371197	??
ZZ	90	1903	  0	  0	  0	  0	371180	371180	371180	371121	371121	371121	371121	370986	370986	370986	370986	371113	371113	371113	371113	371012	371012	371012	371012	371171	??
ZZ	91	1924	  0	  0	  0	  0	371171	371171	371132	371132	371132	371132	371239	371239	371239	371239	371125	371125	371125	371125	371153	371153	371153	371153	371277	371277	??
ZZ	92	1945	  0	  0	  0	  0	371277	371220	371220	371220	371220	370986	370986	370986	370986	371155	371155	371155	371155	371077	371077	371077	371077	371148	371148	371148	??
ZZ	93	1966	  0	  0	  0	  0	371137	371137	371137	371137	371077	371077	371077	371077	371148	371148	371148	371148	371137	371137	371137	371137	371107	371107	371107	371107	??
ZZ	94	1987	  0	  0	  0	  0	371185	371185	371185	371160	371160	371160	371160	371145	371145	371145	371145	371189	371189	371189	371189	371199	371199	371199	371199	371269	??
ZZ	95	2008	  0	  0	  0	  0	371269	371269	371095	371095	371095	371095	371179	371179	371179	371179	371189	371189	371189	371189	371223	371223	371223	371223	371195	371195	??
ZZ	96	2030	  0	  0	  0	  0	371195	371239	371239	371239	371239	371166	371166	371166	371166	371076	371076	371076	371076	371193	371193	371193	371193	371145	371145	371145	??
ZZ	97	2051	  0	  0	  0	  0	371178	371178	371178	371178	371148	371148	371148	371148	371119	371119	371119	371119	371197	371197	371197	371197	371249	371249	371249	371249	??
ZZ	98	2072	  0	  0	  0	  0	371176	371176	371176	371152	371152	371152	371152	371137	371137	371137	371137	371076	371076	371076	371076	371058	371058	371058	371058	371113	??
ZZ	99	2093	  0	  0	  0	  0	371113	371113	371152	371152	371152	371152	371137	371137	371137	371137	371169	371169	371169	371169	371155	371155	371155	371155	371167	371167	??
ZZ	100	2114	  0	  0	  0	  0	371167	371271	371271	371271	371271	371246	371246	371246	371246	371218	371218	371218	371218	371219	371219	371219	371219	371208	371208	371208	??
ZZ	101	2136	  0	  0	  0	  0	371183	371183	371183	371183	371107	371107	371107	371107	371227	371227	371227	371227	371184	371184	371184	371184	371189	371189	371189	371189	??
ZZ	102	2157	  0	  0	  0	  0	371169	371169	371169	371095	371095	371095	371095	371219	371219	371219	371219	371182	371182	371182	371182	371235	371235	371235	371235	371182	??
ZZ	103	2178	  0	  0	  0	  0	371182	371182	371167	371167	371167	371167	371174	371174	371174	371174	371232	371232	371232	371232	371127	371127	371127	371127	371257	371257	??
ZZ	104	2199	  0	  0	  0	  0	371257	371176	371176	371176	371176	371216	371216	371216	371216	371198	371198	371198	371198	371175	371175	371175	371175	371129	371129	371129	??
ZZ	105	2220	  0	  0	  0	  0	371190	371190	371190	371190	371173	371173	371173	371173	371174	371174	371174	371174	371178	371178	371178	371178	371176	371176	371176	371176	??
ZZ	106	2241	  0	  0	  0	  0	371148	371148	371148	371189	371189	371189	371189	371073	371073	371073	371073	371227	371227	371227	371227	371095	371095	371095	371095	371035	??
ZZ	107	2262	  0	  0	  0	  0	371035	371035	371217	371217	371217	371217	371117	371117	371117	371117	371203	371203	371203	371203	371283	371283	371283	371283	371212	371212	??
ZZ	108	2283	  0	  0	  0	  0	371212	371210	371210	371210	371210	371156	371156	371156	371156	371224	371224	371224	371224	371095	371095	371095	371095	371189	371189	371189	??
ZZ	109	2305	  0	  0	  0	  0	371225	371225	371225	371225	371005	371005	371005	371005	371150	371150	371150	371150	371088	371088	371088	371088	370997	370997	370997	370997	??
ZZ	110	2326	  0	  0	  0	  0	371113	371113	371113	371080	371080	371080	371080	371129	371129	371129	371129	371216	371216	371216	371216	371126	371126	371126	371126	371164	??
ZZ	111	2347	  0	  0	  0	  0	371164	371164	370917	370917	370917	370917	371103	371103	371103	371103	371059	371059	371059	371059	370997	370997	370997	370997	371163	371163	??
ZZ	112	2368	  0	  0	  0	  0	371163	371114	371114	371114	371114	371220	371220	371220	371220	371173	371173	371173	371173	371254	371254	371254	371254	371298	371298	371298	??
ZZ	113	2389	  0	  0	  0	  0	371171	371171	371171	371171	371205	371205	371205	371205	371140	371140	371140	371140	371131	371131	371131	371131	371182	371182	371182	371182	??
ZZ	114	2410	  0	  0	  0	  0	371090	371090	371090	371088	371088	371088	371088	371171	371171	371171	371171	371193	371193	371193	371193	371201	371201	371201	371201	370940	??
ZZ	115	2431	  0	  0	  0	  0	370940	370940	371125	371125	371125	371125	371091	371091	371091	371091	371133	371133	371133	371133	371114	371114	371114	371114	371228	371228	??
ZZ	116	2453	  0	  0	  0	  0	371228	371145	371145	371145	371145	371234	371234	371234	371234	371099	371099	371099	371099	371181	371181	371181	371181	371243	371243	371243	??
ZZ	117	2474	  0	  0	  0	  0	371080	371080	371080	371080	371141	371141	371141	371141	371185	371185	371185	371185	371125	371125	371125	371125	371130	371130	371130	371130	??
ZZ	118	2495	  0	  0	  0	  0	371212	371212	371212	371160	371160	371160	371160	371186	371186	371186	371186	371219	371219	371219	371219	371128	371128	371128	371128	371288	??
ZZ	119	2516	  0	  0	  0	  0	371288	371288	371179	371179	371179	371179	371221	371221	371221	371221	371317	371317	371317	371317	371125	371125	371125	371125	371198	371198	??
ZZ	120	2537	  0	  0	  0	  0	371198	371076	371076	371076	371076	371198	371198	371198	371198	371159	371159	371159	371159	371107	371107	371107	371107	371115	371115	371115	??
ZZ	121	2558	  0	  0	  0	  0	371114	371114	371114	371114	371238	371238	371238	371238	371176	371176	371176	371176	371160	371160	371160	371160	371137	371137	371137	371137	??
ZZ	122	2579	  0	  0	  0	  0	371179	371179	371179	371215	371215	371215	371215	371186	371186	371186	371186	371178	371178	371178	371178	371242	371242	371242	371242	371160	??
ZZ	123	2600	  0	  0	  0	  0	371160	371160	371110	371110	371110	371110	371235	371235	371235	371235	371136	371136	371136	371136	371182	371182	371182	371182	371156	371156	??
ZZ	124	2622	  0	  0	  0	  0	371156	371173	371173	371173	371173	371095	371095	371095	371095	371180	371180	371180	371180	371251	371251	371251	371251	371144	371144	371144	??
ZZ	125	2643	  0	  0	  0	  0	371167	371167	371167	371167	371204	371204	371204	371204	371182	371182	371182	371182	371186	371186	371186	371186	371291	371291	371291	371291	??
ZZ	126	2664	  0	  0	  0	  0	371196	371196	371196	371206	371206	371206	371206	371295	371295	371295	371295	371259	371259	371259	371259	371178	371178	371178	371178	371155	??
ZZ	127	2685	  0	  0	  0	  0	371155	371155	371074	371074	371074	371074	371269	371269	371269	371269	371185	371185	371185	371185	371167	371167	371167	371167	371126	371126	??
ZZ	128	2706	  0	  0	  0	  0	371126	371142	371142	371142	371142	371201	371201	371201	371201	371065	371065	371065	371065	371116	371116	371116	371116	371242	371242	371242	??
ZZ	129	2727	  0	  0	  0	  0	371187	371187	371187	371187	371206	371206	371206	371206	371225	371225	371225	371225	371152	371152	371152	371152	371179	371179	371179	371179	??
ZZ	130	2749	  0	  0	  0	  0	371257	371257	371257	371160	371160	371160	371160	371167	371167	371167	371167	371024	371024	371024	371024	371143	371143	371143	371143	371179	??
ZZ	131	2770	  0	  0	  0	  0	371179	371179	371061	371061	371061	371061	371165	371165	371165	371165	371163	371163	371163	371163	371185	371185	371185	371185	371123	371123	??
ZZ	132	2791	  0	  0	  0	  0	371123	371248	371248	371248	371248	371144	371144	371144	371144	371092	371092	371092	371092	371246	371246	371246	371246	371146	371146	371146	??
ZZ	133	2812	  0	  0	  0	  0	371175	371175	371175	371175	371189	371189	371189	371189	371192	371192	371192	371192	371185	371185	371185	371185	371201	371201	371201	371201	??
ZZ	134	2833	  0	  0	  0	  0	371199	371199	371199	371155	371155	371155	371155	371192	371192	371192	371192	371219	371219	371219	371219	371054	371054	371054	371054	371169	??
ZZ	135	2854	  0	  0	  0	  0	371169	371169	371065	371065	371065	371065	371144	371144	371144	371144	371151	371151	371151	371151	371133	371133	371133	371133	371204	371204	??
ZZ	136	2875	  0	  0	  0	  0	371204	371167	371167	371167	371167	371170	371170	371170	371170	371132	371132	371132	371132	371080	371080	371080	371080	371272	371272	371272	??
ZZ	137	2897	  0	  0	  0	  0	371172	371172	371172	371172	371220	371220	371220	371220	371189	371189	371189	371189	371174	371174	371174	371174	371163	371163	371163	371163	??
ZZ	138	2918	  0	  0	  0	  0	371211	371211	371211	371184	371184	371184	371184	371212	371212	371212	371212	371156	371156	371156	371156	371235	371235	371235	371235	371144	??
ZZ	139	2939	  0	  0	  0	  0	371144	371144	371226	371226	371226	371226	371219	371219	371219	371219	371246	371246	371246	371246	371191	371191	371191	371191	371174	371174	??
ZZ	140	2960	  0	  0	  0	  0	371174	371175	371175	371175	371175	371193	371193	371193	371193	371140	371140	371140	371140	371162	371162	371162	371162	371238	371238	371238	??
ZZ	141	2981	  0	  0	  0	  0	371240	371240	371240	371240	371176	371176	371176	371176	371224	371224	371224	371224	371227	371227	371227	371227	371174	371174	371174	371174	??
ZZ	142	3002	  0	  0	  0	  0	371186	371186	371186	371162	371162	371162	371162	371118	371118	371118	371118	371261	371261	371261	371261	371135	371135	371135	371135	371204	??
ZZ	143	3023	  0	  0	  0	  0	371204	371204	371198	371198	371198	371198	371162	371162	371162	371162	371167	371167	371167	371167	371194	371194	371194	371194	371173	371173	??
ZZ	144	3045	  0	  0	  0	  0	371173	371129	371129	371129	371129	371111	371111	371111	371111	371330	371330	371330	371330	371310	371310	371310	371310	371196	371196	371196	??
ZZ	145	3066	  0	  0	  0	  0	371272	371272	371272	371272	371246	371246	371246	371246	371219	371219	371219	371219	371137	371137	371137	371137	371246	371246	371246	371246	??
ZZ	146	3087	  0	  0	  0	  0	371190	371190	371190	371125	371125	371125	371125	371126	371126	371126	371126	371182	371182	371182	371182	371204	371204	371204	371204	371218	??
ZZ	147	3108	  0	  0	  0	  0	371218	371218	371178	371178	371178	371178	371129	371129	371129	371129	371212	371212	371212	371212	371148	371148	371148	371148	371155	371155	??
ZZ	148	3129	  0	  0	  0	  0	371155	371167	371167	371167	371167	371185	371185	371185	371185	371122	371122	371122	371122	371216	371216	371216	371216	371204	371204	371204	??
ZZ	149	3150	  0	  0	  0	  0	371172	371172	371172	371172	371219	371219	371219	371219	371046	371046	371046	371046	371153	371153	371153	371153	371106	371106	371106	371106	??
ZZ	150	3171	  0	  0	  0	  0	371114	371114	371114	371137	371137	371137	371137	371099	371099	371099	371099	371173	371173	371173	371173	371246	371246	371246	371246	371137	??
ZZ	151	3193	  0	  0	  0	  0	371137	371137	371171	371171	371171	371171	371069	371069	371069	371069	371310	371310	371310	371310	371139	371139	371139	371139	371216	371216	??
ZZ	152	3214	  0	  0	  0	  0	371216	371226	371226	371226	371226	371096	371096	371096	371096	371212	371212	371212	371212	371165	371165	371165	371165	371148	371148	371148	??
ZZ	153	3235	  0	  0	  0	  0	371084	371084	371084	371084	371143	371143	371143	371143	371302	371302	371302	371302	371227	371227	371227	371227	371213	371213	371213	371213	??
ZZ	154	3256	  0	  0	  0	  0	371165	371165	371165	371178	371178	371178	371178	371201	371201	371201	371201	371265	371265	371265	371265	371250	371250	371250	371250	371224	??
ZZ	155	3277	  0	  0	  0	  0	371224	371224	371046	371046	371046	371046	371194	371194	371194	371194	371291	371291	371291	371291	371148	371148	371148	371148	371207	371207	??
ZZ	156	3298	  0	  0	  0	  0	371207	371200	371200	371200	371200	371180	371180	371180	371180	371159	371159	371159	371159	371306	371306	371306	371306	371213	371213	371213	??
ZZ	157	3320	  0	  0	  0	  0	371181	371181	371181	371181	371201	371201	371201	371201	371197	371197	371197	371197	371189	371189	371189	371189	371148	371148	371148	371148	??
ZZ	158	3341	  0	  0	  0	  0	371181	371181	371181	371227	371227	371227	371227	371188	371188	371188	371188	371186	371186	371186	371186	371249	371249	371249	371249	371190	??
ZZ	159	3362	  0	  0	  0	  0	371190	371190	371231	371231	371231	371231	371061	371061	371061	371061	371160	371160	371160	371160	371174	371174	371174	371174	371227	371227	??
ZZ	160	3383	  0	  0	  0	  0	371227	371198	371198	371198	371198	371271	371271	371271	371271	371236	371236	371236	371236	371265	371265	371265	371265	371145	371145	371145	??
ZZ	161	3404	  0	  0	  0	  0	371203	371203	371203	371203	371136	371136	371136	371136	371246	371246	371246	371246	371196	371196	371196	371196	371254	371254	371254	371254	??
ZZ	162	3425	  0	  0	  0	  0	371193	371193	371193	371218	371218	371218	371218	371182	371182	371182	371182	371248	371248	371248	371248	371092	371092	371092	371092	371242	??
ZZ	163	3446	  0	  0	  0	  0	371242	371242	371153	371153	371153	371153	371170	371170	371170	371170	371126	371126	371126	371126	371140	371140	371140	371140	371204	371204	??
ZZ	164	3468	  0	  0	  0	  0	371204	371183	371183	371183	371183	371195	371195	371195	371195	371148	371148	371148	371148	371225	371225	371225	371225	371258	371258	371258	??
ZZ	165	3489	  0	  0	  0	  0	371114	371114	371114	371114	371217	371217	371217	371217	370957	370957	370957	370957	371216	371216	371216	371216	371134	371134	371134	371134	??
ZZ	166	3510	  0	  0	  0	  0	371073	371073	371073	371175	371175	371175	371175	370993	370993	370993	370993	371125	371125	371125	371125	371146	371146	371146	371146	371258	??
ZZ	167	3531	  0	  0	  0	  0	371258	371258	371133	371133	371133	371133	371176	371176	371176	371176	371152	371152	371152	371152	371091	371091	371091	371091	371122	371122	??
ZZ	168	3552	  0	  0	  0	  0	371122	371160	371160	371160	371160	371169	371169	371169	371169	371197	371197	371197	371197	371148	371148	371148	371148	371177	371177	371177	??
ZZ	169	3573	  0	  0	  0	  0	371219	371219	371219	371219	371140	371140	371140	371140	371188	371188	371188	371188	371231	371231	371231	371231	371152	371152	371152	371152	??
ZZ	170	3594	  0	  0	  0	  0	371198	371198	371198	371080	371080	371080	371080	371161	371161	371161	371161	371201	371201	371201	371201	371189	371189	371189	371189	371154	??
ZZ	171	3615	  0	  0	  0	  0	371154	371154	371122	371122	371122	371122	371185	371185	371185	371185	371160	371160	371160	371160	371137	371137	371137	371137	371246	371246	??
ZZ	172	3637	  0	  0	  0	  0	371246	371147	371147	371147	371147	371204	371204	371204	371204	371131	371131	371131	371131	371152	371152	371152	371152	371186	371186	371186	??
ZZ	173	3658	  0	  0	  0	  0	371153	371153	371153	371153	371222	371222	371222	371222	371276	371276	371276	371276	371144	371144	371144	371144	371216	371216	371216	371216	??
ZZ	174	3679	  0	  0	  0	  0	371088	371088	371088	371152	371152	371152	371152	371198	371198	371198	371198	371209	371209	371209	371209	371137	371137	371137	371137	371234	??
ZZ	175	3700	  0	  0	  0	  0	371234	371234	371209	371209	371209	371209	371156	371156	371156	371156	371231	371231	371231	371231	371187	371187	371187	371187	371148	371148	??
ZZ	176	3721	  0	  0	  0	  0	371148	371205	371205	371205	371205	371181	371181	371181	371181	371148	371148	371148	371148	371182	371182	371182	371182	371182	371182	371182	??
ZZ	177	3742	  0	  0	  0	  0	371141	371141	371141	371141	371117	371117	371117	371117	371273	371273	371273	371273	371193	371193	371193	371193	371200	371200	371200	371200	??
ZZ	178	3764	  0	  0	  0	  0	371298	371298	371298	371187	371187	371187	371187	371204	371204	371204	371204	371193	371193	371193	371193	371225	371225	371225	371225	371174	??
ZZ	179	3785	  0	  0	  0	  0	371174	371174	371237	371237	371237	371237	371235	371235	371235	371235	371351	371351	371351	371351	371155	371155	371155	371155	371244	371244	??
ZZ	180	3806	  0	  0	  0	  0	371244	371099	371099	371099	371099	371149	371149	371149	371149	371140	371140	371140	371140	371220	371220	371220	371220	371152	371152	371152	??
ZZ	181	3827	  0	  0	  0	  0	371137	371137	371137	371137	371223	371223	371223	371223	371209	371209	371209	371209	371268	371268	371268	371268	371261	371261	371261	371261	??
ZZ	182	3848	  0	  0	  0	  0	371209	371209	371209	371174	371174	371174	371174	371239	371239	371239	371239	371129	371129	371129	371129	371257	371257	371257	371257	371263	??
ZZ	183	3869	  0	  0	  0	  0	371263	371263	371202	371202	371202	371202	371174	371174	371174	371174	371202	371202	371202	371202	371302	371302	371302	371302	371080	371080	??
ZZ	184	3890	  0	  0	  0	  0	371080	371186	371186	371186	371186	370982	370982	370982	370982	371123	371123	371123	371123	371182	371182	371182	371182	371159	371159	371159	??
ZZ	185	3912	  0	  0	  0	  0	371178	371178	371178	371178	371201	371201	371201	371201	371141	371141	371141	371141	371228	371228	371228	371228	371110	371110	371110	371110	??
ZZ	186	3933	  0	  0	  0	  0	371179	371179	371179	371171	371171	371171	371171	371345	371345	371345	371345	371223	371223	371223	371223	371080	371080	371080	371080	371178	??
ZZ	187	3954	  0	  0	  0	  0	371178	371178	371119	371119	371119	371119	371121	371121	371121	371121	371319	371319	371319	371319	371210	371210	371210	371210	371193	371193	??
ZZ	188	3975	  0	  0	  0	  0	371193	371129	371129	371129	371129	371149	371149	371149	371149	371194	371194	371194	371194	371179	371179	371179	371179	371231	371231	371231	??
ZZ	189	3996	  0	  0	  0	  0	371175	371175	371175	371175	371188	371188	371188	371188	371117	371117	371117	371117	371246	371246	371246	371246	371206	371206	371206	371206	??
ZZ	190	4017	  0	  0	  0	  0	371239	371239	371239	371209	371209	371209	371209	371175	371175	371175	371175	371012	371012	371012	371012	371115	371115	371115	371115	371106	??
ZZ	191	4038	  0	  0	  0	  0	371106	371106	371225	371225	371225	371225	371144	371144	371144	371144	371039	371039	371039	371039	371178	371178	371178	371178	371087	371087	??
ZZ	192	4060	  0	  0	  0	  0	371087	371129	371129	371129	371129	371107	371107	371107	371107	371118	371118	371118	371118	371201	371201	371201	371201	371160	371160	371160	??
ZZ	193	4081	  0	  0	  0	  0	371155	371155	371155	371155	371167	371167	371167	371167	371168	371168	371168	371168	371201	371201	371201	371201	371137	371137	371137	371137	??
ZZ	194	4102	  0	  0	  0	  0	371142	371142	371142	371174	371174	371174	371174	371181	371181	371181	371181	371170	371170	371170	371170	371050	371050	371050	371050	371118	??
ZZ	195	4123	  0	  0	  0	  0	371118	371118	371243	371243	371243	371243	371276	371276	371276	371276	371242	371242	371242	371242	371065	371065	371065	371065	371295	371295	??
ZZ	196	4144	  0	  0	  0	  0	371295	371189	371189	371189	371189	371238	371238	371238	371238	371243	371243	371243	371243	371298	371298	371298	371298	371238	371238	371238	??
ZZ	197	4165	  0	  0	  0	  0	371222	371222	371222	371222	371231	371231	371231	371231	371152	371152	371152	371152	371200	371200	371200	371200	371189	371189	371189	371189	??
ZZ	198	4186	  0	  0	  0	  0	371201	371201	371201	371171	371171	371171	371171	371295	371295	371295	371295	371258	371258	371258	371258	371095	371095	371095	371095	371209	??
ZZ	199	4207	  0	  0	  0	  0	371209	371209	371181	371181	371181	371181	371186	371186	371186	371186	371129	371129	371129	371129	371202	371202	371202	371202	371216	371216	??
ZZ	200	4229	  0	  0	  0	  0	371216	371103	371103	371103	371103	371164	371164	371164	371164	371224	371224	371224	371224	371220	371220	371220	371220	371099	371099	371099	??
ZZ	201	4250	  0	  0	  0	  0	371115	371115	371115	371115	371131	371131	371131	371131	371102	371102	371102	371102	371174	371174	371174	371174	371162	371162	371162	371162	??
ZZ	202	4271	  0	  0	  0	  0	371216	371216	371216	371252	371252	371252	371252	371232	371232	371232	371232	371265	371265	371265	371265	371216	371216	371216	371216	371114	??
ZZ	203	4292	  0	  0	  0	  0	371114	371114	371198	371198	371198	371198	371177	371177	371177	371177	371117	371117	371117	371117	371118	371118	371118	371118	371136	371136	??
ZZ	204	4313	  0	  0	  0	  0	371136	371271	371271	371271	371271	371187	371187	371187	371187	371172	371172	371172	371172	371170	371170	371170	371170	371204	371204	371204	??
ZZ	205	4335	  0	  0	  0	  0	371185	371185	371185	371185	371167	371167	371167	371167	371218	371218	371218	371218	371084	371084	371084	371084	371159	371159	371159	371159	??
ZZ	206	4356	  0	  0	  0	  0	371158	371158	371158	371144	371144	371144	371144	371190	371190	371190	371190	371249	371249	371249	371249	371238	371238	371238	371238	371209	??
ZZ	207	4377	  0	  0	  0	  0	371209	371209	371141	371141	371141	371141	371239	371239	371239	371239	371166	371166	371166	371166	371216	371216	371216	371216	371141	371141	??
ZZ	208	4398	  0	  0	  0	  0	371141	371174	371174	371174	371174	371235	371235	371235	371235	371162	371162	371162	371162	371220	371220	371220	371220	371110	371110	371110	??
ZZ	209	4419	  0	  0	  0	  0	371128	371128	371128	371128	371234	371234	371234	371234	371080	371080	371080	371080	371209	371209	371209	371209	371234	371234	371234	371234	??
ZZ	210	4440	  0	  0	  0	  0	371175	371175	371175	371204	371204	371204	371204	371213	371213	371213	371213	371195	371195	371195	371195	371208	371208	371208	371208	371201	??
ZZ	211	4461	  0	  0	  0	  0	371201	371201	371255	371255	371255	371255	371194	371194	371194	371194	371227	371227	371227	371227	371189	371189	371189	371189	371201	371201	??
ZZ	212	4482	  0	  0	  0	  0	371201	371185	371185	371185	371185	371187	371187	371187	371187	371144	371144	371144	371144	371218	371218	371218	371218	371073	371073	371073	??
ZZ	213	4503	  0	  0	  0	  0	371182	371182	371182	371182	371133	371133	371133	371133	371246	371246	371246	371246	371163	371163	371163	371163	371212	371212	371212	371212	??
ZZ	214	4525	  0	  0	  0	  0	371321	371321	371321	371096	371096	371096	371096	371189	371189	371189	371189	371154	371154	371154	371154	371139	371139	371139	371139	371208	??
ZZ	215	4546	  0	  0	  0	  0	371208	371208	371141	371141	371141	371141	371179	371179	371179	371179	371061	371061	371061	371061	371223	371223	371223	371223	371165	371165	??
ZZ	216	4567	  0	  0	  0	  0	371165	371054	371054	371054	371054	371216	371216	371216	371216	371147	371147	371147	371147	371174	371174	371174	371174	371184	371184	371184	??
ZZ	217	4588	  0	  0	  0	  0	371130	371130	371130	371130	371242	371242	371242	371242	371169	371169	371169	371169	371118	371118	371118	371118	371251	371251	371251	371251	??
ZZ	218	4609	  0	  0	  0	  0	371142	371142	371142	371167	371167	371167	371167	371124	371124	371124	371124	371201	371201	371201	371201	371201	371201	371201	371201	371244	??
ZZ	219	4630	  0	  0	  0	  0	371244	371244	371177	371177	371177	371177	371171	371171	371171	371171	371168	371168	371168	371168	371208	371208	371208	371208	371103	371103	??
ZZ	220	4652	  0	  0	  0	  0	371103	371186	371186	371186	371186	371243	371243	371243	371243	371249	371249	371249	371249	371287	371287	371287	371287	371159	371159	371159	??
ZZ	221	4673	  0	  0	  0	  0	371208	371208	371208	371208	371110	371110	371110	371110	371212	371212	371212	371212	371164	371164	371164	371164	371220	371220	371220	371220	??
ZZ	222	4694	  0	  0	  0	  0	371249	371249	371249	371204	371204	371204	371204	371182	371182	371182	371182	371195	371195	371195	371195	371300	371300	371300	371300	371219	??
ZZ	223	4715	  0	  0	  0	  0	371219	371219	371193	371193	371193	371193	371280	371280	371280	371280	371208	371208	371208	371208	371167	371167	371167	371167	371280	371280	??
ZZ	224	4736	  0	  0	  0	  0	371280	371179	371179	371179	371179	371220	371220	371220	371220	371262	371262	371262	371262	371169	371169	371169	371169	371280	371280	371280	??
ZZ	225	4757	  0	  0	  0	  0	371160	371160	371160	371160	371212	371212	371212	371212	371256	371256	371256	371256	371114	371114	371114	371114	371202	371202	371202	371202	??
ZZ	226	4778	  0	  0	  0	  0	371084	371084	371084	371252	371252	371252	371252	371201	371201	371201	371201	371148	371148	371148	371148	371240	371240	371240	371240	371174	??
ZZ	227	4800	  0	  0	  0	  0	371174	371174	371239	371239	371239	371239	371218	371218	371218	371218	371232	371232	371232	371232	371219	371219	371219	371219	371115	371115	??
ZZ	228	4821	  0	  0	  0	  0	371115	371231	371231	371231	371231	371114	371114	371114	371114	371170	371170	371170	371170	371313	371313	371313	371313	371220	371220	371220	??
ZZ	229	4842	  0	  0	  0	  0	371175	371175	371175	371175	371253	371253	371253	371253	371215	371215	371215	371215	371234	371234	371234	371234	371121	371121	371121	371121	??
ZZ	230	4863	  0	  0	  0	  0	371224	371224	371224	371106	371106	371106	371106	371223	371223	371223	371223	371084	371084	371084	371084	371095	371095	371095	371095	371136	??
ZZ	231	4884	  0	  0	  0	  0	371136	371136	371115	371115	371115	371115	371159	371159	371159	371159	371198	371198	371198	371198	371148	371148	371148	371148	371213	371213	??
ZZ	232	4905	  0	  0	  0	  0	371213	371164	371164	371164	371164	371179	371179	371179	371179	371200	371200	371200	371200	371145	371145	371145	371145	371223	371223	371223	??
ZZ	233	4926	  0	  0	  0	  0	371141	371141	371141	371141	371140	371140	371140	371140	371125	371125	371125	371125	371188	371188	371188	371188	371091	371091	371091	371091	??
ZZ	234	4948	  0	  0	  0	  0	371114	371114	371114	371159	371159	371159	371159	371310	371310	371310	371310	371160	371160	371160	371160	371242	371242	371242	371242	371114	??
ZZ	235	4969	  0	  0	  0	  0	371114	371114	371195	371195	371195	371195	371234	371234	371234	371234	371228	371228	371228	371228	371244	371244	371244	371244	371174	371174	??
ZZ	236	4990	  0	  0	  0	  0	371174	371110	371110	371110	371110	371143	371143	371143	371143	371122	371122	371122	371122	371232	371232	371232	371232	371042	371042	371042	??
ZZ	237	5011	  0	  0	  0	  0	371256	371256	371256	371256	371154	371154	371154	371154	371253	371253	371253	371253	371204	371204	371204	371204	371209	371209	371209	371209	??
ZZ	238	5032	  0	  0	  0	  0	371223	371223	371223	371177	371177	371177	371177	371144	371144	371144	371144	371227	371227	371227	371227	371175	371175	371175	371175	371220	??
ZZ	239	5053	  0	  0	  0	  0	371220	371220	371073	371073	371073	371073	371133	371133	371133	371133	371204	371204	371204	371204	371118	371118	371118	371118	371198	371198	??
ZZ	240	5074	  0	  0	  0	  0	371198	371331	371331	371331	371331	371243	371243	371243	371243	371277	371277	371277	371277	371129	371129	371129	371129	371169	371169	371169	??
ZZ	241	5096	  0	  0	  0	  0	371181	371181	371181	371181	371205	371205	371205	371205	371188	371188	371188	371188	371174	371174	371174	371174	371186	371186	371186	371186	??
ZZ	242	5117	  0	  0	  0	  0	371152	371152	371152	371261	371261	371261	371261	371164	371164	371164	371164	371133	371133	371133	371133	371290	371290	371290	371290	371174	??
ZZ	243	5138	  0	  0	  0	  0	371174	371174	371242	371242	371242	371242	371223	371223	371223	371223	371175	371175	371175	371175	371246	371246	371246	371246	371099	371099	??
ZZ	244	5159	  0	  0	  0	  0	371099	371149	371149	371149	371149	371295	371295	371295	371295	371155	371155	371155	371155	371208	371208	371208	371208	371223	371223	371223	??
ZZ	245	5180	  0	  0	  0	  0	371207	371207	371207	371207	371234	371234	371234	371234	371216	371216	371216	371216	371182	371182	371182	371182	371238	371238	371238	371238	??
ZZ	246	5201	  0	  0	  0	  0	371201	371201	371201	371210	371210	371210	371210	371058	371058	371058	371058	371150	371150	371150	371150	371152	371152	371152	371152	371246	??
ZZ	247	5222	  0	  0	  0	  0	371246	371246	371215	371215	371215	371215	371227	371227	371227	371227	371276	371276	371276	371276	371166	371166	371166	371166	371195	371195	??
ZZ	248	5244	  0	  0	  0	  0	371195	371164	371164	371164	371164	371176	371176	371176	371176	371114	371114	371114	371114	371184	371184	371184	371184	371212	371212	371212	??
ZZ	249	5265	  0	  0	  0	  0	371202	371202	371202	371202	371202	371202	371202	371202	371253	371253	371253	371253	371106	371106	371106	371106	371191	371191	371191	371191	??
ZZ	250	5286	  0	  0	  0	  0	371221	371221	371221	371103	371103	371103	371103	371190	371190	371190	371190	371167	371167	371167	371167	371206	371206	371206	371206	371262	??
ZZ	251	5307	  0	  0	  0	  0	371262	371262	371232	371232	371232	371232	371230	371230	371230	371230	371087	371087	371087	371087	371291	371291	371291	371291	371196	371196	??
ZZ	252	5328	  0	  0	  0	  0	371196	371189	371189	371189	371189	371182	371182	371182	371182	371167	371167	371167	371167	371246	371246	371246	371246	371118	371118	371118	??
ZZ	253	5349	  0	  0	  0	  0	371185	371185	371185	371185	371152	371152	371152	371152	371202	371202	371202	371202	371185	371185	371185	371185	371262	371262	371262	371262	??
ZZ	254	5370	  0	  0	  0	  0	371206	371206	371206	371163	371163	371163	371163	371185	371185	371185	371185	371126	371126	371126	371126	371076	371076	371076	371076	371136	??
ZZ	255	5392	  0	  0	  0	  0	371136	371136	371121	371121	371121	371121	371231	371231	371231	371231	371158	371158	371158	371158	371197	371197	371197	371197	371076	371076	??
ZZ	256	5413	  0	  0	  0	  0	371076	371162	371162	371162	371162	371182	371182	371182	371182	371233	371233	371233	371233	371216	371216	371216	371216	371224	371224	371224	??
ZZ	257	5434	  0	  0	  0	  0	371189	371189	371189	371189	371232	371232	371232	371232	371204	371204	371204	371204	371154	371154	371154	371154	371219	371219	371219	371219	??
ZZ	258	5455	  0	  0	  0	  0	371246	371246	371246	371176	371176	371176	371176	371223	371223	371223	371223	371174	371174	371174	371174	371197	371197	371197	371197	371110	??
ZZ	259	5476	  0	  0	  0	  0	371110	371110	371155	371155	371155	371155	371246	371246	371246	371246	371099	371099	371099	371099	371180	371180	371180	371180	371095	371095	??
ZZ	260	5497	  0	  0	  0	  0	371095	371084	371084	371084	371084	371148	371148	371148	371148	371065	371065	371065	371065	371206	371206	371206	371206	371167	371167	371167	??
ZZ	261	5518	  0	  0	  0	  0	371122	371122	371122	371122	371176	371176	371176	371176	371145	371145	371145	371145	371234	371234	371234	371234	371208	371208	371208	371208	??
ZZ	262	5539	  0	  0	  0	  0	371129	371129	371129	371218	371218	371218	371218	371176	371176	371176	371176	371227	371227	371227	371227	371156	371156	371156	371156	371099	??
ZZ	263	5561	  0	  0	  0	  0	371099	371099	371273	371273	371273	371273	371127	371127	371127	371127	371344	371344	371344	371344	371249	371249	371249	371249	371213	371213	??
ZZ	264	5582	  0	  0	  0	  0	371213	371230	371230	371230	371230	371110	371110	371110	371110	371183	371183	371183	371183	371231	371231	371231	371231	371169	371169	371169	??
ZZ	265	5603	  0	  0	  0	  0	371205	371205	371205	371205	371141	371141	371141	371141	371172	371172	371172	371172	371129	371129	371129	371129	371307	371307	371307	371307	??
ZZ	266	5624	  0	  0	  0	  0	371229	371229	371229	371054	371054	371054	371054	371231	371231	371231	371231	371153	371153	371153	371153	371201	371201	371201	371201	371154	??
ZZ	267	5645	  0	  0	  0	  0	371154	371154	371321	371321	371321	371321	371174	371174	371174	371174	371221	371221	371221	371221	371238	371238	371238	371238	371216	371216	??
ZZ	268	5666	  0	  0	  0	  0	371216	371208	371208	371208	371208	371253	371253	371253	371253	371251	371251	371251	371251	371215	371215	371215	371215	371231	371231	371231	??
ZZ	269	5688	  0	  0	  0	  0	371175	371175	371175	371175	371306	371306	371306	371306	371073	371073	371073	371073	371185	371185	371185	371185	371145	371145	371145	371145	??
ZZ	270	5709	  0	  0	  0	  0	371242	371242	371242	371199	371199	371199	371199	371084	371084	371084	371084	371239	371239	371239	371239	371201	371201	371201	371201	371182	??
ZZ	271	5730	  0	  0	  0	  0	371182	371182	371210	371210	371210	371210	371174	371174	371174	371174	371201	371201	371201	371201	371244	371244	371244	371244	371155	371155	??
ZZ	272	5751	  0	  0	  0	  0	371155	371234	371234	371234	371234	371163	371163	371163	371163	371239	371239	371239	371239	371244	371244	371244	371244	371099	371099	371099	??
ZZ	273	5772	  0	  0	  0	  0	371225	371225	371225	371225	371186	371186	371186	371186	371273	371273	371273	371273	371179	371179	371179	371179	371226	371226	371226	371226	??
ZZ	274	5793	  0	  0	  0	  0	371137	371137	371137	371065	371065	371065	371065	371181	371181	371181	371181	371219	371219	371219	371219	371132	371132	371132	371132	371257	??
ZZ	275	5814	  0	  0	  0	  0	371257	371257	371111	371111	371111	371111	371181	371181	371181	371181	371241	371241	371241	371241	371204	371204	371204	371204	371226	371226	??
ZZ	276	5836	  0	  0	  0	  0	371226	371216	371216	371216	371216	371287	371287	371287	371287	371232	371232	371232	371232	371304	371304	371304	371304	371242	371242	371242	??
ZZ	277	5857	  0	  0	  0	  0	371253	371253	371253	371253	371227	371227	371227	371227	371193	371193	371193	371193	371144	371144	371144	371144	371114	371114	371114	371114	??
ZZ	278	5878	  0	  0	  0	  0	371193	371193	371193	371215	371215	371215	371215	371223	371223	371223	371223	371199	371199	371199	371199	371133	371133	371133	371133	371127	??
ZZ	279	5899	  0	  0	  0	  0	371127	371127	371167	371167	371167	371167	371159	371159	371159	371159	371212	371212	371212	371212	371193	371193	371193	371193	371227	371227	??
ZZ	280	5920	  0	  0	  0	  0	371227	371167	371167	371167	371167	371080	371080	371080	371080	371223	371223	371223	371223	371152	371152	371152	371152	371110	371110	371110	??
ZZ	281	5941	  0	  0	  0	  0	371140	371140	371140	371140	371241	371241	371241	371241	371167	371167	371167	371167	371181	371181	371181	371181	371129	371129	371129	371129	??
ZZ	282	5963	  0	  0	  0	  0	371262	371262	371262	371166	371166	371166	371166	371141	371141	371141	371141	371154	371154	371154	371154	371249	371249	371249	371249	371228	??
ZZ	283	5984	  0	  0	  0	  0	371228	371228	371153	371153	371153	371153	371326	371326	371326	371326	371193	371193	371193	371193	371188	371188	371188	371188	371277	371277	??
ZZ	284	6005	  0	  0	  0	  0	371277	371174	371174	371174	371174	371227	371227	371227	371227	371238	371238	371238	371238	371149	371149	371149	371149	371283	371283	371283	??
ZZ	285	6026	  0	  0	  0	  0	371136	371136	371136	371136	371172	371172	371172	371172	371170	371170	371170	371170	371088	371088	371088	371088	371152	371152	371152	371152	??
ZZ	286	6047	  0	  0	  0	  0	371208	371208	371208	371246	371246	371246	371246	371225	371225	371225	371225	371042	371042	371042	371042	371157	371157	371157	371157	371175	??
ZZ	287	6068	  0	  0	  0	  0	371175	371175	371121	371121	371121	371121	371169	371169	371169	371169	371031	371031	371031	371031	371065	371065	371065	371065	371064	371064	??
ZZ	288	6089	  0	  0	  0	  0	371064	371174	371174	371174	371174	371285	371285	371285	371285	371192	371192	371192	371192	371231	371231	371231	371231	371179	371179	371179	??
ZZ	289	6111	  0	  0	  0	  0	371203	371203	371203	371203	371258	371258	371258	371258	371188	371188	371188	371188	371106	371106	371106	371106	371126	371126	371126	371126	??
ZZ	290	6132	  0	  0	  0	  0	371161	371161	371161	371182	371182	371182	371182	371272	371272	371272	371272	371211	371211	371211	371211	371300	371300	371300	371300	371294	??
ZZ	291	6153	  0	  0	  0	  0	371294	371294	371182	371182	371182	371182	371118	371118	371118	371118	371153	371153	371153	371153	371231	371231	371231	371231	371295	371295	??
ZZ	292	6174	  0	  0	  0	  0	371295	371251	371251	371251	371251	371261	371261	371261	371261	371193	371193	371193	371193	371230	371230	371230	371230	371106	371106	371106	??
ZZ	293	6195	  0	  0	  0	  0	371154	371154	371154	371154	371208	371208	371208	371208	371291	371291	371291	371291	371154	371154	371154	371154	371231	371231	371231	371231	??
ZZ	294	6216	  0	  0	  0	  0	371103	371103	371103	371200	371200	371200	371200	371212	371212	371212	371212	371212	371212	371212	371212	371313	371313	371313	371313	371212	??
ZZ	295	6237	  0	  0	  0	  0	371212	371212	371250	371250	371250	371250	371193	371193	371193	371193	371133	371133	371133	371133	371215	371215	371215	371215	370979	370979	??
ZZ	296	6259	  0	  0	  0	  0	370979	371255	371255	371255	371255	371169	371169	371169	371169	371301	371301	371301	371301	371265	371265	371265	371265	371129	371129	371129	??
ZZ	297	6280	  0	  0	  0	  0	371214	371214	371214	371214	371171	371171	371171	371171	371121	371121	371121	371121	371310	371310	371310	371310	371228	371228	371228	371228	??
ZZ	298	6301	  0	  0	  0	  0	371268	371268	371268	371177	371177	371177	371177	371217	371217	371217	371217	371272	371272	371272	371272	371166	371166	371166	371166	371126	??
ZZ	299	6322	  0	  0	  0	  0	371126	371126	371163	371163	371163	371163	371135	371135	371135	371135	371174	371174	371174	371174	371140	371140	371140	371140	371196	371196	??
ZZ	300	6343	  0	  0	  0	  0	371196	371295	371295	371295	371295	371272	371272	371272	371272	371258	371258	371258	371258	371216	371216	371216	371216	371203	371203	371203	??
ZZ	301	6364	  0	  0	  0	  0	371200	371200	371200	371200	371137	371137	371137	371137	371176	371176	371176	371176	371208	371208	371208	371208	371125	371125	371125	371125	??
ZZ	302	6385	  0	  0	  0	  0	371093	371093	371093	371159	371159	371159	371159	371170	371170	371170	371170	371092	371092	371092	371092	371277	371277	371277	371277	371162	??
ZZ	303	6407	  0	  0	  0	  0	371162	371162	371140	371140	371140	371140	371249	371249	371249	371249	371167	371167	371167	371167	371246	371246	371246	371246	371167	371167	??
ZZ	304	6428	  0	  0	  0	  0	371167	371163	371163	371163	371163	371231	371231	371231	371231	371099	371099	371099	371099	371186	371186	371186	371186	371140	371140	371140	??
ZZ	305	6449	  0	  0	  0	  0	371166	371166	371166	371166	371201	371201	371201	371201	371216	371216	371216	371216	371147	371147	371147	371147	371160	371160	371160	371160	??
ZZ	306	6470	  0	  0	  0	  0	371155	371155	371155	371187	371187	371187	371187	370982	370982	370982	370982	371173	371173	371173	371173	371160	371160	371160	371160	371212	??
ZZ	307	6491	  0	  0	  0	  0	371212	371212	371184	371184	371184	371184	371223	371223	371223	371223	371212	371212	371212	371212	371195	371195	371195	371195	371204	371204	??
ZZ	308	6512	  0	  0	  0	  0	371204	371167	371167	371167	371167	371123	371123	371123	371123	371152	371152	371152	371152	371164	371164	371164	371164	371167	371167	371167	??
ZZ	309	6534	  0	  0	  0	  0	371088	371088	371088	371088	371156	371156	371156	371156	371213	371213	371213	371213	371125	371125	371125	371125	371225	371225	371225	371225	??
ZZ	310	6555	  0	  0	  0	  0	371186	371186	371186	371260	371260	371260	371260	371240	371240	371240	371240	371137	371137	371137	371137	371214	371214	371214	371214	371141	??
ZZ	311	6576	  0	  0	  0	  0	371141	371141	371129	371129	371129	371129	371188	371188	371188	371188	371148	371148	371148	371148	371189	371189	371189	371189	371163	371163	??
ZZ	312	6597	  0	  0	  0	  0	371163	371177	371177	371177	371177	371137	371137	371137	371137	371173	371173	371173	371173	371193	371193	371193	371193	371199	371199	371199	??
ZZ	313	6618	  0	  0	  0	  0	371046	371046	371046	371046	371197	371197	371197	371197	371200	371200	371200	371200	371163	371163	371163	371163	371069	371069	371069	371069	??
ZZ	314	6639	  0	  0	  0	  0	371101	371101	371101	371236	371236	371236	371236	371268	371268	371268	371268	371230	371230	371230	371230	371061	371061	371061	371061	371182	??
ZZ	315	6660	  0	  0	  0	  0	371182	371182	371125	371125	371125	371125	371197	371197	371197	371197	371188	371188	371188	371188	371121	371121	371121	371121	371046	371046	??
ZZ	316	6682	  0	  0	  0	  0	371046	371116	371116	371116	371116	371118	371118	371118	371118	371280	371280	371280	371280	371211	371211	371211	371211	371107	371107	371107	??
ZZ	317	6703	  0	  0	  0	  0	371127	371127	371127	371127	371110	371110	371110	371110	371193	371193	371193	371193	371169	371169	371169	371169	371257	371257	371257	371257	??
ZZ	318	6724	  0	  0	  0	  0	371155	371155	371155	371215	371215	371215	371215	371291	371291	371291	371291	371227	371227	371227	371227	371208	371208	371208	371208	371261	??
ZZ	319	6745	  0	  0	  0	  0	371261	371261	371228	371228	371228	371228	371185	371185	371185	371185	371182	371182	371182	371182	371186	371186	371186	371186	371193	371193	??
ZZ	320	6766	  0	  0	  0	  0	371193	371233	371233	371233	371233	371198	371198	371198	371198	371235	371235	371235	371235	371164	371164	371164	371164	371234	371234	371234	??
ZZ	321	6787	  0	  0	  0	  0	371214	371214	371214	371214	371221	371221	371221	371221	371196	371196	371196	371196	371242	371242	371242	371242	371218	371218	371218	371218	??
ZZ	322	6809	  0	  0	  0	  0	371118	371118	371118	371237	371237	371237	371237	371216	371216	371216	371216	371310	371310	371310	371310	371276	371276	371276	371276	371088	??
ZZ	323	6830	  0	  0	  0	  0	371088	371088	371153	371153	371153	371153	371176	371176	371176	371176	371166	371166	371166	371166	371208	371208	371208	371208	371187	371187	??
ZZ	324	6851	  0	  0	  0	  0	371187	371297	371297	371297	371297	371249	371249	371249	371249	371209	371209	371209	371209	371178	371178	371178	371178	371193	371193	371193	??
ZZ	325	6872	  0	  0	  0	  0	371335	371335	371335	371335	371042	371042	371042	371042	371165	371165	371165	371165	371201	371201	371201	371201	371190	371190	371190	371190	??
ZZ	326	6893	  0	  0	  0	  0	371175	371175	371175	371228	371228	371228	371228	371198	371198	371198	371198	371194	371194	371194	371194	371148	371148	371148	371148	371148	??
ZZ	327	6914	  0	  0	  0	  0	371148	371148	371159	371159	371159	371159	371295	371295	371295	371295	371197	371197	371197	371197	371231	371231	371231	371231	371227	371227	??
ZZ	328	6936	  0	  0	  0	  0	371227	371203	371203	371203	371203	371231	371231	371231	371231	371144	371144	371144	371144	371139	371139	371139	371139	371238	371238	371238	??
ZZ	329	6957	  0	  0	  0	  0	371141	371141	371141	371141	371295	371295	371295	371295	371159	371159	371159	371159	371241	371241	371241	371241	371121	371121	371121	371121	??
ZZ	330	6978	  0	  0	  0	  0	371257	371257	371257	371224	371224	371224	371224	371288	371288	371288	371288	371261	371261	371261	371261	371084	371084	371084	371084	371152	??
ZZ	331	6999	  0	  0	  0	  0	371152	371152	371143	371143	371143	371143	371110	371110	371110	371110	371197	371197	371197	371197	371191	371191	371191	371191	371118	371118	??
ZZ	332	7020	  0	  0	  0	  0	371118	371215	371215	371215	371215	371177	371177	371177	371177	371170	371170	371170	371170	371146	371146	371146	371146	371216	371216	371216	??
ZZ	333	7041	  0	  0	  0	  0	371251	371251	371251	371251	371213	371213	371213	371213	371195	371195	371195	371195	371141	371141	371141	371141	371214	371214	371214	371214	??
ZZ	334	7062	  0	  0	  0	  0	371227	371227	371227	371069	371069	371069	371069	371193	371193	371193	371193	371234	371234	371234	371234	371213	371213	371213	371213	371223	??
ZZ	335	7083	  0	  0	  0	  0	371223	371223	371121	371121	371121	371121	371167	371167	371167	371167	371084	371084	371084	371084	371234	371234	371234	371234	371209	371209	??
ZZ	336	7105	  0	  0	  0	  0	371209	371137	371137	371137	371137	371182	371182	371182	371182	371169	371169	371169	371169	371179	371179	371179	371179	371160	371160	371160	??
ZZ	337	7126	  0	  0	  0	  0	371316	371316	371316	371316	371311	371311	371311	371311	371230	371230	371230	371230	371160	371160	371160	371160	371133	371133	371133	371133	??
ZZ	338	7147	  0	  0	  0	  0	371161	371161	371161	371182	371182	371182	371182	371321	371321	371321	371321	371197	371197	371197	371197	371140	371140	371140	371140	371114	??
ZZ	339	7168	  0	  0	  0	  0	371114	371114	371306	371306	371306	371306	371182	371182	371182	371182	371260	371260	371260	371260	371208	371208	371208	371208	371253	371253	??
ZZ	340	7189	  0	  0	  0	  0	371253	371242	371242	371242	371242	371298	371298	371298	371298	371114	371114	371114	371114	371231	371231	371231	371231	371076	371076	371076	??
ZZ	341	7210	  0	  0	  0	  0	371202	371202	371202	371202	371133	371133	371133	371133	371208	371208	371208	371208	371204	371204	371204	371204	371189	371189	371189	371189	??
ZZ	342	7232	  0	  0	  0	  0	371198	371198	371198	371188	371188	371188	371188	371190	371190	371190	371190	371214	371214	371214	371214	371310	371310	371310	371310	371148	??
ZZ	343	7253	  0	  0	  0	  0	371148	371148	371233	371233	371233	371233	371247	371247	371247	371247	371174	371174	371174	371174	371152	371152	371152	371152	371141	371141	??
ZZ	344	7274	  0	  0	  0	  0	371141	371263	371263	371263	371263	371203	371203	371203	371203	371261	371261	371261	371261	371267	371267	371267	371267	371205	371205	371205	??
ZZ	345	7295	  0	  0	  0	  0	371233	371233	371233	371233	371226	371226	371226	371226	371155	371155	371155	371155	371076	371076	371076	371076	371108	371108	371108	371108	??
ZZ	346	7316	  0	  0	  0	  0	371170	371170	371170	371155	371155	371155	371155	371171	371171	371171	371171	371092	371092	371092	371092	371196	371196	371196	371196	371095	??
ZZ	347	7337	  0	  0	  0	  0	371095	371095	371080	371080	371080	371080	371167	371167	371167	371167	371199	371199	371199	371199	371156	371156	371156	371156	371207	371207	??
ZZ	348	7358	  0	  0	  0	  0	371207	371140	371140	371140	371140	371182	371182	371182	371182	371169	371169	371169	371169	371204	371204	371204	371204	371205	371205	371205	??
ZZ	349	7380	  0	  0	  0	  0	371214	371214	371214	371214	371163	371163	371163	371163	371107	371107	371107	371107	371182	371182	371182	371182	371276	371276	371276	371276	??
ZZ	350	7401	  1	 10	 31	  0	371237	371237	371237	371140	371140	371140	371140	371121	371121	371121	371121	371146	371146	371146	371146	371208	371208	371208	371208	371210	??
ZZ	351	7422	  1	 10	 31	  0	371210	371210	371253	371253	371253	371253	371095	371095	371095	371095	371141	371141	371141	371141	371103	371103	371103	371103	371257	371257	??
ZZ	352	7443	  1	 10	 31	  0	371257	371207	371207	371207	371207	371228	371228	371228	371228	371208	371208	371208	371208	371212	371212	371212	371212	371080	371080	371080	??
ZZ	353	7464	  1	 10	 31	  0	371110	371110	371110	371110	371121	371121	371121	371121	371182	371182	371182	371182	371194	371194	371194	371194	371155	371155	371155	371155	??
ZZ	354	7485	  1	 10	 31	  0	371300	371300	371300	371212	371212	371212	371212	371200	371200	371200	371200	371225	371225	371225	371225	371295	371295	371295	371295	371160	??
ZZ	355	7506	  1	 10	 31	  0	371160	371160	371232	371232	371232	371232	371171	371171	371171	371171	371042	371042	371042	371042	371161	371161	371161	371161	371258	371258	??
ZZ	356	7528	  1	 10	 31	  0	371258	371233	371233	371233	371233	371192	371192	371192	371192	371208	371208	371208	371208	371158	371158	371158	371158	371099	371099	371099	??
ZZ	357	7549	  1	 10	 31	  0	371174	371174	371174	371174	371142	371142	371142	371142	371167	371167	371167	371167	371234	371234	371234	371234	371133	371133	371133	371133	??
ZZ	358	7570	  1	 10	 31	  0	371234	371234	371234	371189	371189	371189	371189	371168	371168	371168	371168	371182	371182	371182	371182	371093	371093	371093	371093	371159	??
ZZ	359	7591	  1	 10	 31	  0	371159	371159	371306	371306	371306	371306	371224	371224	371224	371224	371288	371288	371288	371288	371103	371103	371103	371103	371235	371235	??
ZZ	360	7612	  2	  9	 34	  0	371235	371193	371193	371193	371193	371208	371208	371208	371208	371229	371229	371229	371229	371216	371216	371216	371216	371216	371216	371216	??
ZZ	361	7633	  2	  9	 34	  0	371102	371102	371102	371102	371156	371156	371156	371156	371195	371195	371195	371195	371178	371178	371178	371178	371133	371133	371133	371133	??
ZZ	362	7654	  2	  9	 34	  0	371155	371155	371155	371076	371076	371076	371076	371268	371268	371268	371268	371145	371145	371145	371145	371198	371198	371198	371198	371206	??
ZZ	363	7675	  2	  9	 34	  0	371206	371206	371179	371179	371179	371179	371193	371193	371193	371193	371142	371142	371142	371142	371231	371231	371231	371231	371054	371054	??
ZZ	364	7697	  2	  9	 34	  0	371054	371077	371077	371077	371077	371265	371265	371265	371265	371160	371160	371160	371160	371196	371196	371196	371196	371163	371163	371163	??
ZZ	365	7718	  2	  9	 34	  0	371085	371085	371085	371085	371287	371287	371287	371287	371254	371254	371254	371254	371207	371207	371207	371207	371228	371228	371228	371228	??
ZZ	366	7739	  2	  9	 34	  0	371140	371140	371140	371192	371192	371192	371192	371213	371213	371213	371213	371204	371204	371204	371204	371219	371219	371219	371219	371137	??
ZZ	367	7760	  2	  9	 34	  0	371137	371137	371162	371162	371162	371162	371287	371287	371287	371287	371103	371103	371103	371103	371132	371132	371132	371132	371174	371174	??
ZZ	368	7781	  2	  9	 34	  0	371174	371102	371102	371102	371102	371120	371120	371120	371120	371280	371280	371280	371280	371184	371184	371184	371184	371272	371272	371272	??
ZZ	369	7803	  2	  9	 34	  0	371035	371035	371035	371035	371045	371045	371045	371045	371197	371197	371197	371197	371065	371065	371065	371065	371155	371155	371155	371155	??
ZZ	370	7824	  2	  9	 15	  0	371212	371212	371212	371080	371080	371080	371080	371127	371127	371127	371127	371156	371156	371156	371156	371208	371208	371208	371208	371167	??
ZZ	371	7845	  2	  9	 15	  0	371167	371167	371267	371267	371267	371267	371226	371226	371226	371226	371185	371185	371185	371185	371246	371246	371246	371246	371216	371216	??
ZZ	372	7866	  2	  9	 15	  0	371216	371114	371114	371114	371114	371283	371283	371283	371283	371195	371195	371195	371195	371224	371224	371224	371224	371227	371227	371227	??
ZZ	373	7887	  2	  9	 15	  0	371035	371035	371035	371035	371231	371231	371231	371231	371136	371136	371136	371136	371107	371107	371107	371107	371287	371287	371287	371287	??
ZZ	374	7908	  2	  9	 15	  0	371193	371193	371193	371114	371114	371114	371114	371110	371110	371110	371110	371191	371191	371191	371191	371283	371283	371283	371283	371236	??
ZZ	375	7929	  2	  9	 15	  0	371236	371236	371290	371290	371290	371290	371159	371159	371159	371159	371257	371257	371257	371257	371243	371243	371243	371243	371272	371272	??
ZZ	376	7950	  2	  9	 15	  0	371272	371209	371209	371209	371209	371212	371212	371212	371212	371167	371167	371167	371167	371181	371181	371181	371181	371249	371249	371249	??
ZZ	377	7972	  2	  9	 15	  0	371217	371217	371217	371217	371054	371054	371054	371054	371126	371126	371126	371126	371110	371110	371110	371110	371148	371148	371148	371148	??
ZZ	378	7993	  2	  9	 15	  0	371291	371291	371291	371188	371188	371188	371188	371247	371247	371247	371247	371206	371206	371206	371206	371217	371217	371217	371217	371178	??
ZZ	379	8014	  2	  9	 15	  0	371178	371178	371152	371152	371152	371152	371297	371297	371297	371297	371193	371193	371193	371193	371233	371233	371233	371233	371223	371223	??
ZZ	380	8035	  1	  9	 15	  0	371223	371185	371185	371185	371185	371204	371204	371204	371204	371190	371190	371190	371190	371211	371211	371211	371211	371227	371227	371227	??
ZZ	381	8056	  1	  9	 15	  0	371205	371205	371205	371205	371229	371229	371229	371229	371162	371162	371162	371162	371194	371194	371194	371194	371187	371187	371187	371187	??
ZZ	382	8077	  1	  9	 15	  0	371091	371091	371091	371208	371208	371208	371208	371154	371154	371154	371154	371122	371122	371122	371122	371203	371203	371203	371203	371224	??
ZZ	383	8099	  1	  9	 15	  0	371224	371224	371315	371315	371315	371315	371230	371230	371230	371230	371163	371163	371163	371163	371174	371174	371174	371174	371147	371147	??
ZZ	384	8120	  1	  9	 15	  0	371147	371305	371305	371305	371305	371148	371148	371148	371148	371225	371225	371225	371225	371235	371235	371235	371235	371146	371146	371146	??
ZZ	385	8141	  1	  9	 15	  0	371178	371178	371178	371178	371159	371159	371159	371159	371166	371166	371166	371166	371239	371239	371239	371239	371155	371155	371155	371155	??
ZZ	386	8162	  1	  9	 15	  0	371226	371226	371226	371185	371185	371185	371185	371234	371234	371234	371234	371210	371210	371210	371210	371080	371080	371080	371080	371182	??
ZZ	387	8183	  1	  9	 15	  0	371182	371182	371095	371095	371095	371095	371179	371179	371179	371179	371134	371134	371134	371134	371137	371137	371137	371137	371110	371110	??
ZZ	388	8204	  1	  9	 15	  0	371110	371180	371180	371180	371180	371277	371277	371277	371277	371197	371197	371197	371197	371219	371219	371219	371219	371247	371247	371247	??
ZZ	389	8225	  1	  9	 15	  0	371164	371164	371164	371164	371182	371182	371182	371182	371197	371197	371197	371197	371145	371145	371145	371145	371249	371249	371249	371249	??
ZZ	390	8246	  1	  9	 15	  0	371144	371144	371144	371196	371196	371196	371196	371121	371121	371121	371121	371179	371179	371179	371179	371186	371186	371186	371186	371261	??
ZZ	391	8268	  1	  9	 15	  0	371261	371261	371251	371251	371251	371251	371065	371065	371065	371065	371307	371307	371307	371307	371208	371208	371208	371208	371178	371178	??
ZZ	392	8289	  1	  9	 15	  0	371178	371114	371114	371114	371114	371154	371154	371154	371154	371156	371156	371156	371156	371149	371149	371149	371149	371088	371088	371088	??
ZZ	393	8310	  1	  9	 16	  0	371245	371245	371245	371245	371183	371183	371183	371183	371137	371137	371137	371137	371306	371306	371306	371306	371187	371187	371187	371187	??
ZZ	394	8331	  1	  9	 16	  0	371069	371069	371069	371087	371087	371087	371087	371138	371138	371138	371138	371170	371170	371170	371170	371161	371161	371161	371161	371209	??
ZZ	395	8352	  1	  9	 16	  0	371209	371209	371152	371152	371152	371152	371199	371199	371199	371199	371272	371272	371272	371272	371152	371152	371152	371152	371220	371220	??
ZZ	396	8373	  1	  9	 16	  0	371220	371121	371121	371121	371121	371126	371126	371126	371126	371167	371167	371167	371167	371227	371227	371227	371227	371220	371220	371220	??
ZZ	397	8395	  1	  9	 16	  0	371222	371222	371222	371222	371118	371118	371118	371118	371199	371199	371199	371199	371148	371148	371148	371148	371272	371272	371272	371272	??
ZZ	398	8416	  1	  9	 16	  0	371182	371182	371182	371215	371215	371215	371215	371190	371190	371190	371190	371187	371187	371187	371187	371163	371163	371163	371163	371098	??
ZZ	399	8437	  1	  9	 16	  0	371098	371098	371306	371306	371306	371306	371272	371272	371272	371272	371224	371224	371224	371224	371201	371201	371201	371201	371182	371182	??
ZZ	400	8458	  1	  8	 12	  0	371182	371203	371203	371203	371203	371174	371174	371174	371174	371208	371208	371208	371208	371191	371191	371191	371191	371268	371268	371268	??
ZZ	401	8479	  1	  8	 12	  0	371235	371235	371235	371235	371118	371118	371118	371118	371125	371125	371125	371125	371181	371181	371181	371181	371171	371171	371171	371171	??
ZZ	402	8500	  1	  8	 12	  0	371246	371246	371246	371225	371225	371225	371225	371152	371152	371152	371152	371201	371201	371201	371201	371136	371136	371136	371136	371224	??
ZZ	403	8521	  1	  8	 12	  0	371224	371224	371206	371206	371206	371206	371253	371253	371253	371253	371185	371185	371185	371185	371148	371148	371148	371148	371231	371231	??
ZZ	404	8543	  1	  8	 12	  0	371231	371335	371335	371335	371335	371236	371236	371236	371236	371152	371152	371152	371152	371122	371122	371122	371122	371182	371182	371182	??
ZZ	405	8564	  1	  8	 12	  0	371168	371168	371168	371168	371183	371183	371183	371183	371237	371237	371237	371237	371253	371253	371253	371253	371202	371202	371202	371202	??
ZZ	406	8585	  1	  8	 12	  0	371133	371133	371133	371179	371179	371179	371179	371166	371166	371166	371166	371058	371058	371058	371058	371192	371192	371192	371192	371178	??
ZZ	407	8606	  1	  8	 12	  0	371178	371178	371175	371175	371175	371175	371193	371193	371193	371193	371155	371155	371155	371155	371152	371152	371152	371152	371134	371134	??
ZZ	408	8627	  1	  8	 12	  0	371134	371302	371302	371302	371302	371242	371242	371242	371242	371196	371196	371196	371196	371058	371058	371058	371058	371140	371140	371140	??
ZZ	409	8648	  1	  8	 12	  0	371091	371091	371091	371091	371182	371182	371182	371182	371164	371164	371164	371164	371170	371170	371170	371170	371178	371178	371178	371178	??
ZZ	410	8669	  1	  8	 20	  0	371174	371174	371174	371181	371181	371181	371181	371251	371251	371251	371251	371184	371184	371184	371184	371182	371182	371182	371182	371163	??
ZZ	411	8691	  1	  8	 20	  0	371163	371163	371129	371129	371129	371129	371182	371182	371182	371182	371153	371153	371153	371153	371182	371182	371182	371182	371099	371099	??
ZZ	412	8712	  1	  8	 20	  0	371099	371120	371120	371120	371120	371145	371145	371145	371145	371306	371306	371306	371306	371189	371189	371189	371189	371283	371283	371283	??
ZZ	413	8733	  1	  8	 20	  0	371268	371268	371268	371268	371175	371175	371175	371175	371197	371197	371197	371197	371215	371215	371215	371215	371223	371223	371223	371223	??
ZZ	414	8754	  1	  8	 20	  0	371106	371106	371106	371230	371230	371230	371230	371280	371280	371280	371280	371268	371268	371268	371268	371252	371252	371252	371252	371152	??
ZZ	415	8775	  1	  8	 20	  0	371152	371152	371158	371158	371158	371158	371242	371242	371242	371242	371148	371148	371148	371148	371231	371231	371231	371231	371242	371242	??
ZZ	416	8796	  1	  8	 20	  0	371242	371285	371285	371285	371285	371267	371267	371267	371267	371204	371204	371204	371204	371227	371227	371227	371227	371152	371152	371152	??
ZZ	417	8818	  1	  8	 20	  0	371207	371207	371207	371207	371212	371212	371212	371212	370994	370994	370994	370994	371174	371174	371174	371174	371112	371112	371112	371112	??
ZZ	418	8839	  1	  8	 20	  0	371287	371287	371287	371227	371227	371227	371227	371168	371168	371168	371168	371213	371213	371213	371213	371153	371153	371153	371153	371133	??
ZZ	419	8860	  1	  8	 20	  0	371133	371133	371238	371238	371238	371238	371177	371177	371177	371177	371156	371156	371156	371156	371137	371137	371137	371137	371198	371198	??
ZZ	420	8881	  1	  7	 28	  0	371198	371129	371129	371129	371129	371046	371046	371046	371046	371141	371141	371141	371141	371042	371042	371042	371042	371153	371153	371153	??
ZZ	421	8902	  1	  7	 28	  0	371167	371167	371167	371167	371204	371204	371204	371204	371186	371186	371186	371186	371042	371042	371042	371042	371227	371227	371227	371227	??
ZZ	422	8923	  1	  7	 28	  0	371146	371146	371146	371305	371305	371305	371305	371276	371276	371276	371276	371208	371208	371208	371208	371223	371223	371223	371223	371137	??
ZZ	423	8944	  1	  7	 28	  0	371137	371137	371160	371160	371160	371160	371118	371118	371118	371118	371151	371151	371151	371151	371276	371276	371276	371276	371265	371265	??
ZZ	424	8965	  1	  7	 28	  0	371265	371197	371197	371197	371197	371152	371152	371152	371152	371152	371152	371152	371152	371154	371154	371154	371154	371095	371095	371095	??
ZZ	425	8987	  1	  7	 28	  0	371155	371155	371155	371155	371121	371121	371121	371121	371084	371084	371084	371084	371152	371152	371152	371152	371227	371227	371227	371227	??
ZZ	426	9008	  1	  7	 28	  0	371133	371133	371133	371204	371204	371204	371204	371148	371148	371148	371148	371272	371272	371272	371272	371182	371182	371182	371182	371257	??
ZZ	427	9029	  1	  7	 28	  0	371257	371257	371197	371197	371197	371197	371118	371118	371118	371118	371253	371253	371253	371253	371146	371146	371146	371146	371118	371118	??
ZZ	428	9050	  1	  7	 28	  0	371118	371164	371164	371164	371164	371181	371181	371181	371181	371248	371248	371248	371248	371249	371249	371249	371249	371240	371240	371240	??
ZZ	429	9071	  1	  7	 28	  0	371197	371197	371197	371197	371225	371225	371225	371225	371152	371152	371152	371152	371140	371140	371140	371140	371171	371171	371171	371171	??
ZZ	430	9092	  1	  7	 28	  0	371069	371069	371069	371114	371114	371114	371114	371132	371132	371132	371132	371205	371205	371205	371205	371186	371186	371186	371186	371185	??
ZZ	431	9114	  1	  7	 28	  0	371185	371185	371229	371229	371229	371229	371198	371198	371198	371198	371228	371228	371228	371228	371167	371167	371167	371167	371196	371196	??
ZZ	432	9135	  1	  7	 28	  0	371196	371073	371073	371073	371073	371242	371242	371242	371242	371169	371169	371169	371169	371185	371185	371185	371185	371187	371187	371187	??
ZZ	433	9156	  1	 11	 25	  0	371185	371185	371185	371185	371174	371174	371174	371174	371111	371111	371111	371111	371204	371204	371204	371204	371208	371208	371208	371208	??
ZZ	434	9177	  1	 11	 25	  0	371136	371136	371136	371181	371181	371181	371181	371107	371107	371107	371107	371185	371185	371185	371185	371035	371035	371035	371035	371130	??
ZZ	435	9198	  1	 11	 25	  0	371130	371130	371181	371181	371181	371181	371050	371050	371050	371050	371169	371169	371169	371169	371238	371238	371238	371238	371179	371179	??
ZZ	436	9219	  1	 11	 25	  0	371179	371171	371171	371171	371171	371145	371145	371145	371145	371121	371121	371121	371121	371168	371168	371168	371168	371114	371114	371114	??
ZZ	437	9240	  1	 11	 25	  0	371242	371242	371242	371242	371170	371170	371170	371170	371144	371144	371144	371144	371180	371180	371180	371180	371179	371179	371179	371179	??
ZZ	438	9262	  1	 11	 25	  0	371182	371182	371182	371167	371167	371167	371167	371158	371158	371158	371158	371185	371185	371185	371185	371119	371119	371119	371119	371193	??
ZZ	439	9283	  1	 11	 25	  0	371193	371193	371179	371179	371179	371179	371095	371095	371095	371095	371092	371092	371092	371092	371117	371117	371117	371117	371287	371287	??
ZZ	440	9304	  1	 12	 15	  0	371287	371130	371130	371130	371130	371190	371190	371190	371190	371151	371151	371151	371151	371121	371121	371121	371121	371178	371178	371178	??
ZZ	441	9325	  1	 12	 15	  0	371251	371251	371251	371251	371221	371221	371221	371221	371144	371144	371144	371144	371228	371228	371228	371228	371212	371212	371212	371212	??
ZZ	442	9346	  1	 12	 15	  0	371159	371159	371159	371088	371088	371088	371088	371184	371184	371184	371184	371300	371300	371300	371300	371246	371246	371246	371246	371099	??
ZZ	443	9367	  1	 12	 15	  0	371099	371099	371258	371258	371258	371258	371156	371156	371156	371156	371200	371200	371200	371200	371216	371216	371216	371216	371175	371175	??
ZZ	444	9389	  1	 12	 15	  0	371175	371203	371203	371203	371203	371065	371065	371065	371065	371151	371151	371151	371151	371204	371204	371204	371204	371177	371177	371177	??
ZZ	445	9410	  1	 12	 15	  0	371203	371203	371203	371203	371167	371167	371167	371167	371180	371180	371180	371180	371223	371223	371223	371223	371118	371118	371118	371118	??
ZZ	446	9431	  1	 12	 15	  0	371161	371161	371161	371129	371129	371129	371129	371167	371167	371167	371167	371180	371180	371180	371180	371107	371107	371107	371107	371207	??
ZZ	447	9452	  1	 12	 15	  0	371207	371207	371155	371155	371155	371155	371265	371265	371265	371265	371157	371157	371157	371157	371133	371133	371133	371133	371287	371287	??
ZZ	448	9473	  1	 12	 15	  0	371287	371196	371196	371196	371196	371178	371178	371178	371178	371159	371159	371159	371159	371188	371188	371188	371188	371140	371140	371140	??
ZZ	449	9494	  1	 12	 15	  0	371124	371124	371124	371124	371227	371227	371227	371227	371219	371219	371219	371219	371189	371189	371189	371189	371170	371170	371170	371170	??
ZZ	450	9515	  1	 14	 15	  0	371167	371167	371167	371202	371202	371202	371202	371163	371163	371163	371163	371145	371145	371145	371145	371167	371167	371167	371167	371276	??
ZZ	451	9536	  1	 14	 15	  0	371276	371276	371188	371188	371188	371188	371223	371223	371223	371223	371095	371095	371095	371095	371144	371144	371144	371144	370986	370986	??
ZZ	452	9558	  1	 14	 15	  0	370986	371262	371262	371262	371262	371153	371153	371153	371153	371230	371230	371230	371230	371227	371227	371227	371227	371174	371174	371174	??
ZZ	453	9579	  1	 14	 15	  0	371287	371287	371287	371287	371224	371224	371224	371224	371179	371179	371179	371179	371197	371197	371197	371197	371197	371197	371197	371197	??
ZZ	454	9600	  1	 14	 15	  0	371310	371310	371310	371163	371163	371163	371163	371230	371230	371230	371230	371145	371145	371145	371145	371181	371181	371181	371181	371227	??
ZZ	455	9621	  1	 14	 15	  0	371227	371227	371129	371129	371129	371129	371130	371130	371130	371130	371273	371273	371273	371273	371099	371099	371099	371099	371158	371158	??
ZZ	456	9642	  1	 14	 15	  0	371158	371137	371137	371137	371137	371106	371106	371106	371106	371159	371159	371159	371159	371114	371114	371114	371114	371181	371181	371181	??
ZZ	457	9663	  1	 14	 15	  0	371122	371122	371122	371122	371179	371179	371179	371179	371163	371163	371163	371163	371193	371193	371193	371193	371186	371186	371186	371186	??
ZZ	458	9685	  1	 14	 15	  0	371190	371190	371190	371246	371246	371246	371246	371295	371295	371295	371295	371268	371268	371268	371268	371254	371254	371254	371254	371151	??
ZZ	459	9706	  1	 14	 15	  0	371151	371151	371106	371106	371106	371106	371185	371185	371185	371185	371102	371102	371102	371102	371185	371185	371185	371185	371174	371174	??
ZZ	460	9727	  1	 14	 22	  0	371174	371153	371153	371153	371153	371163	371163	371163	371163	371190	371190	371190	371190	371186	371186	371186	371186	371291	371291	371291	??
ZZ	461	9748	  1	 14	 22	  0	371265	371265	371265	371265	371305	371305	371305	371305	371227	371227	371227	371227	371220	371220	371220	371220	371198	371198	371198	371198	??
ZZ	462	9769	  1	 14	 22	  0	371201	371201	371201	371206	371206	371206	371206	371121	371121	371121	371121	371201	371201	371201	371201	371142	371142	371142	371142	371133	??
ZZ	463	9790	  1	 14	 22	  0	371133	371133	371185	371185	371185	371185	371212	371212	371212	371212	371251	371251	371251	371251	371186	371186	371186	371186	371125	371125	??
ZZ	464	9811	  1	 14	 22	  0	371125	371118	371118	371118	371118	371107	371107	371107	371107	371241	371241	371241	371241	371103	371103	371103	371103	371155	371155	371155	??
ZZ	465	9833	  1	 14	 22	  0	371174	371174	371174	371174	371189	371189	371189	371189	371106	371106	371106	371106	371212	371212	371212	371212	371177	371177	371177	371177	??
ZZ	466	9854	  1	 14	 22	  0	371170	371170	371170	371177	371177	371177	371177	371201	371201	371201	371201	371174	371174	371174	371174	371194	371194	371194	371194	371170	??
ZZ	467	9875	  1	 14	 22	  0	371170	371170	371194	371194	371194	371194	371207	371207	371207	371207	371262	371262	371262	371262	371163	371163	371163	371163	371178	371178	??
ZZ	468	9896	  1	 14	 22	  0	371178	371099	371099	371099	371099	371144	371144	371144	371144	371123	371123	371123	371123	371201	371201	371201	371201	371168	371168	371168	??
ZZ	469	9917	  1	 14	 22	  0	371265	371265	371265	371265	371091	371091	371091	371091	371157	371157	371157	371157	371110	371110	371110	371110	371095	371095	371095	371095	??
ZZ	470	9938	  2	 15	 22	  0	371132	371132	371132	371222	371222	371222	371222	371155	371155	371155	371155	371170	371170	371170	371170	371159	371159	371159	371159	371168	??
ZZ	471	9959	  2	 15	 22	  0	371168	371168	371183	371183	371183	371183	371144	371144	371144	371144	371174	371174	371174	371174	371137	371137	371137	371137	371212	371212	??
ZZ	472	9981	  2	 15	 22	  0	371212	371201	371201	371201	371201	371238	371238	371238	371238	371152	371152	371152	371152	371165	371165	371165	371165	371204	371204	371204	??
ZZ	473	10002	  2	 15	 22	  0	371174	371174	371174	371174	371268	371268	371268	371268	371175	371175	371175	371175	371205	371205	371205	371205	371159	371159	371159	371159	??
ZZ	474	10023	  2	 15	 22	  0	371266	371266	371266	371136	371136	371136	371136	371246	371246	371246	371246	371298	371298	371298	371298	371253	371253	371253	371253	371306	??
ZZ	475	10044	  2	 15	 22	  0	371306	371306	371281	371281	371281	371281	371249	371249	371249	371249	371170	371170	371170	371170	371174	371174	371174	371174	371163	371163	??
ZZ	476	10065	  2	 15	 22	  0	371163	371209	371209	371209	371209	371206	371206	371206	371206	371228	371228	371228	371228	371167	371167	371167	371167	371219	371219	371219	??
ZZ	477	10086	  2	 15	 22	  0	371213	371213	371213	371213	371195	371195	371195	371195	371092	371092	371092	371092	371144	371144	371144	371144	371138	371138	371138	371138	??
ZZ	478	10108	  2	 15	 22	  0	371179	371179	371179	371232	371232	371232	371232	37117	371143	371143	371143	371227	371227	371227	371227	371197	371197	371197	??
ZZ	589	12454	  2	  3	 17	  0	371144	371144	371144	371144	371213	371213	371213	371213	371169	371169	371169	371169	371080	371080	371080	371080	371209	371209	371209	371209	??
ZZ	590	12475	  2	  3	 17	  0	371171	371171	371171	371273	371273	371273	371273	371197	371197	371197	371197	371209	371209	371209	371209	371242	371242	371242	371242	371261	??
ZZ	591	12497	  2	  3	 17	  0	371261	371261	371239	371239	371239	371239	371197	371197	371197	371197	371162	371162	371162	371162	371137	371137	371137	371137	371262	371262	??
ZZ	592	12518	  2	  3	 17	  0	371262	371204	371204	371204	371204	371167	371167	371167	371167	371219	371219	371219	371219	371215	371215	371215	371215	371167	371167	371167	??
ZZ	593	12539	  3	  7	 18	  0	371148	371148	371148	371148	371164	371164	371164	371164	371122	371122	371122	371122	371152	371152	371152	371152	371265	371265	371265	371265	??
ZZ	594	12560	  3	  7	 18	  0	371186	371186	371186	371211	371211	371211	371211	371175	371175	371175	371175	371163	371163	371163	371163	371189	371189	371189	371189	371277	??
ZZ	595	12581	  3	  7	 18	  0	371277	371277	371121	371121	371121	371121	371196	371196	371196	371196	371117	371117	371117	371117	371202	371202	371202	371202	371216	371216	??
ZZ	596	12602	  3	  7	 18	  0	371216	371129	371129	371129	371129	371181	371181	371181	371181	371095	371095	371095	371095	371107	371107	371107	371107	371099	371099	371099	??
ZZ	597	12624	  3	  7	 18	  0	371175	371175	371175	371175	371195	371195	371195	371195	371175	371175	371175	371175	371069	371069	371069	371069	371218	371218	371218	371218	??
ZZ	598	12645	  3	  7	 18	  0	371227	371227	371227	371189	371189	371189	371189	371201	371201	371201	371201	371227	371227	371227	371227	371182	371182	371182	371182	371167	??
ZZ	599	12666	  3	  7	 18	  0	371167	371167	371182	371182	371182	371182	371080	371080	371080	371080	371283	371283	371283	371283	371178	371178	371178	371178	371198	371198	??
ZZ	600	12687	  4	 11	 16	  0	371198	371288	371288	371288	371288	371190	371190	371190	371190	371248	371248	371248	371248	371239	371239	371239	371239	371260	371260	371260	??
ZZ	601	12708	  4	 11	 16	  0	371226	371226	371226	371226	371216	371216	371216	371216	371188	371188	371188	371188	371246	371246	371246	371246	371213	371213	371213	371213	??
ZZ	602	12729	  4	 11	 16	  0	371182	371182	371182	371192	371192	371192	371192	371313	371313	371313	371313	371246	371246	371246	371246	371190	371190	371190	371190	371238	??
ZZ	603	12750	  4	 11	 16	  0	371238	371238	371183	371183	371183	371183	371193	371193	371193	371193	371163	371163	371163	371163	371204	371204	371204	371204	371268	371268	??
ZZ	604	12772	  4	 11	 16	  0	371268	371159	371159	371159	371159	371144	371144	371144	371144	371266	371266	371266	371266	371200	371200	371200	371200	371223	371223	371223	??
ZZ	605	12793	  4	 11	 16	  0	371133	371133	371133	371133	371166	371166	371166	371166	371186	371186	371186	371186	371169	371169	371169	371169	371201	371201	371201	371201	??
ZZ	606	12814	  4	 11	 16	  0	371076	371076	371076	371169	371169	371169	371169	371228	371228	371228	371228	371212	371212	371212	371212	371238	371238	371238	371238	371095	??
ZZ	607	12835	  4	 11	 16	  0	371095	371095	371224	371224	371224	371224	371167	371167	371167	371167	371200	371200	371200	371200	371170	371170	371170	371170	371234	371234	??
ZZ	608	12856	  4	 11	 16	  0	371234	371273	371273	371273	371273	371204	371204	371204	371204	371178	371178	371178	371178	371287	371287	371287	371287	371174	371174	371174	??
ZZ	609	12877	  4	 11	 16	  0	371197	371197	371197	371197	371179	371179	371179	371179	371121	371121	371121	371121	371287	371287	371287	371287	371187	371187	371187	371187	??
ZZ	610	12899	  4	  6	 15	  0	371244	371244	371244	371088	371088	371088	371088	371160	371160	371160	371160	371160	371160	371160	371160	371084	371084	371084	371084	371127	??
ZZ	611	12920	  4	  6	 15	  0	371127	371127	371228	371228	371228	371228	371124	371124	371124	371124	371152	371152	371152	371152	371163	371163	371163	371163	371162	371162	??
ZZ	612	12941	  4	  6	 15	  0	371162	371265	371265	371265	371265	371129	371129	371129	371129	371184	371184	371184	371184	371175	371175	371175	371175	371280	371280	371280	??
ZZ	613	12962	  4	  6	 15	  0	371184	371184	371184	371184	371065	371065	371065	371065	371123	371123	371123	371123	371095	371095	371095	371095	371242	371242	371242	371242	??
ZZ	614	12983	  4	  6	 15	  0	371195	371195	371195	371154	371154	371154	371154	370993	370993	370993	370993	371116	371116	371116	371116	371251	371251	371251	371251	371242	??
ZZ	615	13004	  4	  6	 15	  0	371242	371242	371231	371231	371231	371231	371137	371137	371137	371137	371156	371156	371156	371156	371185	371185	371185	371185	371317	371317	??
ZZ	616	13025	  4	  6	 15	  0	371317	371220	371220	371220	371220	371170	371170	371170	371170	371118	371118	371118	371118	371174	371174	371174	371174	371091	371091	371091	??
ZZ	617	13046	  4	  6	 15	  0	371144	371144	371144	371144	371145	371145	371145	371145	371235	371235	371235	371235	371184	371184	371184	371184	371106	371106	371106	371106	??
ZZ	618	13068	  4	  6	 15	  0	371171	371171	371171	371207	371207	371207	371207	371175	371175	371175	371175	371242	371242	371242	371242	371136	371136	371136	371136	371252	??
ZZ	619	13089	  4	  6	 15	  0	371252	371252	371170	371170	371170	371170	371106	371106	371106	371106	371200	371200	371200	371200	371200	371200	371200	371200	371163	371163	??
ZZ	620	13110	  5	  5	 14	  0	371163	371129	371129	371129	371129	371151	371151	371151	371151	371216	371216	371216	371216	371076	371076	371076	371076	371179	371179	371179	??
ZZ	621	13131	  5	  5	 14	  0	371238	371238	371238	371238	371192	371192	371192	371192	371159	371159	371159	371159	371272	371272	371272	371272	371181	371181	371181	371181	??
ZZ	622	13152	  5	  5	 14	  0	371229	371229	371229	371145	371145	371145	371145	371190	371190	371190	371190	371080	371080	371080	371080	371234	371234	371234	371234	371104	??
ZZ	623	13173	  5	  5	 14	  0	371104	371104	371254	371254	371254	371254	371195	371195	371195	371195	370960	370960	370960	370960	371238	371238	371238	371238	371111	371111	??
ZZ	624	13195	  5	  5	 14	  0	371111	371155	371155	371155	371155	371302	371302	371302	371302	371227	371227	371227	371227	371170	371170	371170	371170	371198	371198	371198	??
ZZ	625	13216	  5	  5	 14	  0	371209	371209	371209	371209	371148	371148	371148	371148	371173	371173	371173	371173	371243	371243	371243	371243	371103	371103	371103	371103	??
ZZ	626	13237	  5	  5	 14	  0	371212	371212	371212	371248	371248	371248	371248	371155	371155	371155	371155	371165	371165	371165	371165	371110	371110	371110	371110	371272	??
ZZ	627	13258	  5	  5	 14	  0	371272	371272	371154	371154	371154	371154	371203	371203	371203	371203	371192	371192	371192	371192	371272	371272	371272	371272	371198	371198	??
ZZ	628	13279	  5	  5	 14	  0	371198	371261	371261	371261	371261	371175	371175	371175	371175	371201	371201	371201	371201	371223	371223	371223	371223	371099	371099	371099	??
ZZ	629	13300	  5	  5	 14	  0	371174	371174	371174	371174	371147	371147	371147	371147	371227	371227	371227	371227	371169	371169	371169	371169	371268	371268	371268	371268	??
ZZ	630	13321	  5	  4	 13	  0	371219	371219	371219	371251	371251	371251	371251	371242	371242	371242	371242	371253	371253	371253	371253	371245	371245	371245	371245	371154	??
ZZ	631	13343	  5	  4	 13	  0	371154	371154	371159	371159	371159	371159	371172	371172	371172	371172	371091	371091	371091	371091	371181	371181	371181	371181	371213	371213	??
ZZ	632	13364	  5	  4	 13	  0	371213	371182	371182	371182	371182	371173	371173	371173	371173	371219	371219	371219	371219	371171	371171	371171	371171	371225	371225	371225	??
ZZ	633	13385	  5	  4	 13	  0	371114	371114	371114	371114	371185	371185	371185	371185	371193	371193	371193	371193	371257	371257	371257	371257	371187	371187	371187	371187	??
ZZ	634	13406	  5	  4	 13	  0	371311	371311	371311	371253	371253	371253	371253	371207	371207	371207	371207	371178	371178	371178	371178	371227	371227	371227	371227	371170	??
ZZ	635	13427	  5	  4	 13	  0	371170	371170	371281	371281	371281	371281	371227	371227	371227	371227	371208	371208	371208	371208	371080	371080	371080	371080	371218	371218	??
ZZ	636	13448	  5	  4	 13	  0	371218	371234	371234	371234	371234	371182	371182	371182	371182	371237	371237	371237	371237	371178	371178	371178	371178	371155	371155	371155	??
ZZ	637	13470	  5	  4	 13	  0	371187	371187	371187	371187	371193	371193	371193	371193	371191	371191	371191	371191	371249	371249	371249	371249	371223	371223	371223	371223	??
ZZ	638	13491	  5	  4	 13	  0	371255	371255	371255	371121	371121	371121	371121	371283	371283	371283	371283	371161	371161	371161	371161	371228	371228	371228	371228	371174	??
ZZ	639	13512	  5	  4	 13	  0	371174	371174	371163	371163	371163	371163	371261	371261	371261	371261	371173	371173	371173	371173	371170	371170	371170	371170	371201	371201	??
ZZ	640	13533	  5	  4	 13	  0	371201	371166	371166	371166	371166	371224	371224	371224	371224	371129	371129	371129	371129	371150	371150	371150	371150	371167	371167	371167	??
ZZ	641	13554	  5	  4	 13	  0	371197	371197	371197	371197	371144	371144	371144	371144	371219	371219	371219	371219	371170	371170	371170	371170	371189	371189	371189	371189	??
ZZ	642	13575	  4	  3	 14	  0	371219	371219	371219	371231	371231	371231	371231	371039	371039	371039	371039	371201	371201	371201	371201	371171	371171	371171	371171	371107	??
ZZ	643	13596	  4	  3	 14	  0	371107	371107	371216	371216	371216	371216	371193	371193	371193	371193	371133	371133	371133	371133	371076	371076	371076	371076	371155	371155	??
ZZ	644	13617	  4	  3	 14	  0	371155	371315	371315	371315	371315	371172	371172	371172	371172	371121	371121	371121	371121	371133	371133	371133	371133	371139	371139	371139	??
ZZ	645	13639	  4	  3	 14	  0	371167	371167	371167	371167	371189	371189	371189	371189	371211	371211	371211	371211	371069	371069	371069	371069	371190	371190	371190	371190	??
ZZ	646	13660	  4	  3	 14	  0	371292	371292	371292	371178	371178	371178	371178	371219	371219	371219	371219	371178	371178	371178	371178	371126	371126	371126	371126	371176	??
ZZ	647	13681	  4	  3	 14	  0	371176	371176	371256	371256	371256	371256	371231	371231	371231	371231	371145	371145	371145	371145	371073	371073	371073	371073	371142	371142	??
ZZ	648	13702	  4	  3	 14	  0	371142	371247	371247	371247	371247	371170	371170	371170	371170	371226	371226	371226	371226	371054	371054	371054	371054	371216	371216	371216	??
ZZ	649	13723	  4	  3	 14	  0	371136	371136	371136	371136	371152	371152	371152	371152	371142	371142	371142	371142	371208	371208	371208	371208	371228	371228	371228	371228	??
ZZ	650	13744	  2	  3	 17	  0	371202	371202	371202	371122	371122	371122	371122	371126	371126	371126	371126	371081	371081	371081	371081	371242	371242	371242	371242	371287	??
ZZ	651	13765	  2	  3	 17	  0	371287	371287	371205	371205	371205	371205	371253	371253	371253	371253	371227	371227	371227	371227	371204	371204	371204	371204	371159	371159	??
ZZ	652	13787	  2	  3	 17	  0	371159	371158	371158	371158	371158	371121	371121	371121	371121	371186	371186	371186	371186	371188	371188	371188	371188	371148	371148	371148	??
ZZ	653	13808	  2	  3	 17	  0	371256	371256	371256	371256	371175	371175	371175	371175	371216	371216	371216	371216	371226	371226	371226	371226	371190	371190	371190	371190	??
ZZ	654	13829	  2	  3	 17	  0	371174	371174	371174	371157	371157	371157	371157	371292	371292	371292	371292	371197	371197	371197	371197	371215	371215	371215	371215	371144	??
ZZ	655	13850	  2	  3	 17	  0	371144	371144	371216	371216	371216	371216	371162	371162	371162	371162	371203	371203	371203	371203	371189	371189	371189	371189	371234	371234	??
ZZ	656	13871	  2	  3	 17	  0	371234	371228	371228	371228	371228	371202	371202	371202	371202	371239	371239	371239	371239	371234	371234	371234	371234	371287	371287	371287	??
ZZ	657	13892	  2	  3	 17	  0	371110	371110	371110	371110	371144	371144	371144	371144	371185	371185	371185	371185	371249	371249	371249	371249	371201	371201	371201	371201	??
ZZ	658	13914	  2	  3	 17	  0	371208	371208	371208	371201	371201	371201	371201	371175	371175	371175	371175	371231	371231	371231	371231	371198	371198	371198	371198	371137	??
ZZ	659	13935	  2	  3	 17	  0	371137	371137	371190	371190	371190	371190	371108	371108	371108	371108	371073	371073	371073	371073	371227	371227	371227	371227	371124	371124	??
ZZ	660	13956	  1	  4	 14	  0	371124	371234	371234	371234	371234	371220	371220	371220	371220	371224	371224	371224	371224	371209	371209	371209	371209	371192	371192	371192	??
ZZ	661	13977	  1	  4	 14	  0	371206	371206	371206	371206	371159	371159	371159	371159	371208	371208	371208	371208	371216	371216	371216	371216	371204	371204	371204	371204	??
ZZ	662	13998	  1	  4	 14	  0	371161	371161	371161	371198	371198	371198	371198	371125	371125	371125	371125	371164	371164	371164	371164	371099	371099	371099	371099	371170	??
ZZ	663	14019	  1	  4	 14	  0	371170	371170	371167	371167	371167	371167	371272	371272	371272	371272	371165	371165	371165	371165	371208	371208	371208	371208	371234	371234	??
ZZ	664	14040	  1	  4	 14	  0	371234	371194	371194	371194	371194	371170	371170	371170	371170	371212	371212	371212	371212	371152	371152	371152	371152	371163	371163	371163	??
ZZ	665	14062	  1	  4	 14	  0	371262	371262	371262	371262	371212	371212	371212	371212	371158	371158	371158	371158	371211	371211	371211	371211	371178	371178	371178	371178	??
ZZ	666	14083	  1	  4	 14	  0	371283	371283	371283	371232	371232	371232	371232	371223	371223	371223	371223	371095	371095	371095	371095	371220	371220	371220	371220	371261	??
ZZ	667	14104	  1	  4	 14	  0	371261	371261	371088	371088	371088	371088	371178	371178	371178	371178	371189	371189	371189	371189	371201	371201	371201	371201	371061	371061	??
ZZ	668	14125	  1	  4	 14	  0	371061	371239	371239	371239	371239	371208	371208	371208	371208	371087	371087	371087	371087	371208	371208	371208	371208	371207	371207	371207	??
ZZ	669	14146	  1	  4	 14	  0	371190	371190	371190	371190	371155	371155	371155	371155	371220	371220	371220	371220	371227	371227	371227	371227	371169	371169	371169	371169	??
ZZ	670	14167	  2	  5	 16	  0	371251	371251	371251	371163	371163	371163	371163	371185	371185	371185	371185	371281	371281	371281	371281	371042	371042	371042	371042	371169	??
ZZ	671	14189	  2	  5	 16	  0	371169	371169	371281	371281	371281	371281	371173	371173	371173	371173	371254	371254	371254	371254	371295	371295	371295	371295	371218	371218	??
ZZ	672	14210	  2	  5	 16	  0	371218	371232	371232	371232	371232	371099	371099	371099	371099	371187	371187	371187	371187	371268	371268	371268	371268	371238	371238	371238	??
ZZ	673	14231	  2	  5	 16	  0	371232	371232	371232	371232	371208	371208	371208	371208	371198	371198	371198	371198	371231	371231	371231	371231	371095	371095	371095	371095	??
ZZ	674	14252	  2	  5	 16	  0	371163	371163	371163	371258	371258	371258	371258	371291	371291	371291	371291	371283	371283	371283	371283	371080	371080	371080	371080	371091	??
ZZ	675	14273	  2	  5	 16	  0	371091	371091	371123	371123	371123	371123	371272	371272	371272	371272	371213	371213	371213	371213	371219	371219	371219	371219	371178	371178	??
ZZ	676	14294	  2	  5	 16	  0	371178	371184	371184	371184	371184	371257	371257	371257	371257	371228	371228	371228	371228	371212	371212	371212	371212	371050	371050	371050	??
ZZ	677	14315	  2	  5	 16	  0	371156	371156	371156	371156	371157	371157	371157	371157	371198	371198	371198	371198	371217	371217	371217	371217	371257	371257	371257	371257	??
ZZ	678	14336	  2	  5	 16	  0	371178	371178	371178	371179	371179	371179	371179	371213	371213	371213	371213	371227	371227	371227	371227	371199	371199	371199	371199	371220	??
ZZ	679	14357	  2	  5	 16	  0	371220	371220	371193	371193	371193	371193	371133	371133	371133	371133	371268	371268	371268	371268	371164	371164	371164	371164	371205	371205	??
ZZ	680	14379	  2	  5	 16	  0	371205	371280	371280	371280	371280	371193	371193	371193	371193	371076	371076	371076	371076	371148	371148	371148	371148	371163	371163	371163	??
ZZ	681	14400	  2	  5	 16	  0	371239	371239	371239	371239	371201	371201	371201	371201	371160	371160	371160	371160	371212	371212	371212	371212	371182	371182	371182	371182	??
ZZ	682	14421	  2	  5	 16	  0	371198	371198	371198	371246	371246	371246	371246	371233	371233	371233	371233	371087	371087	371087	371087	371204	371204	371204	371204	371179	??
ZZ	683	14442	  2	  6	 16	  0	371179	371179	371163	371163	371163	371163	371185	371185	371185	371185	371133	371133	371133	371133	371076	371076	371076	371076	371145	371145	??
ZZ	684	14463	  2	  6	 16	  0	371145	371182	371182	371182	371182	371232	371232	371232	371232	371098	371098	371098	371098	371099	371099	371099	371099	371283	371283	371283	??
ZZ	685	14484	  2	  6	 16	  0	371183	371183	371183	371183	371272	371272	371272	371272	371209	371209	371209	371209	371170	371170	371170	371170	371230	371230	371230	371230	??
ZZ	686	14506	  2	  6	 16	  0	371177	371177	371177	371192	371192	371192	371192	371080	371080	371080	371080	371139	371139	371139	371139	371163	371163	371163	371163	371266	??
ZZ	687	14527	  2	  6	 16	  0	371266	371266	371191	371191	371191	371191	371141	371141	371141	371141	371152	371152	371152	371152	371204	371204	371204	371204	371050	371050	??
ZZ	688	14548	  2	  6	 16	  0	371050	371159	371159	371159	371159	371039	371039	371039	371039	371167	371167	371167	371167	371134	371134	371134	371134	371152	371152	371152	??
ZZ	689	14569	  2	  6	 16	  0	371198	371198	371198	371198	371161	371161	371161	371161	371261	371261	371261	371261	371185	371185	371185	371185	371198	371198	371198	371198	??
ZZ	690	14590	  2	  9	 14	  0	371238	371238	371238	371213	371213	371213	371213	371165	371165	371165	371165	371073	371073	371073	371073	371139	371139	371139	371139	371330	??
ZZ	691	14611	  2	  9	 14	  0	371330	371330	371167	371167	371167	371167	371220	371220	371220	371220	371148	371148	371148	371148	371168	371168	371168	371168	371132	371132	??
ZZ	692	14632	  2	  9	 14	  0	371132	371080	371080	371080	371080	371108	371108	371108	371108	371171	371171	371171	371171	371242	371242	371242	371242	371217	371217	371217	??
ZZ	693	14654	  2	  9	 14	  0	371121	371121	371121	371121	371238	371238	371238	371238	371198	371198	371198	371198	371197	371197	371197	371197	371224	371224	371224	371224	??
ZZ	694	14675	  2	  9	 14	  0	371058	371058	371058	371173	371173	371173	371173	371152	371152	371152	371152	371167	371167	371167	371167	371227	371227	371227	371227	371177	??
ZZ	695	14696	  2	  9	 14	  0	371177	371177	371145	371145	371145	371145	371118	371118	371118	371118	371159	371159	371159	371159	371201	371201	371201	371201	371170	371170	??
ZZ	696	14717	  2	  9	 14	  0	371170	371224	371224	371224	371224	371174	371174	371174	371174	371189	371189	371189	371189	371114	371114	371114	371114	371140	371140	371140	??
ZZ	697	14738	  2	  9	 14	  0	371131	371131	371131	371131	371182	371182	371182	371182	371201	371201	371201	371201	371065	371065	371065	371065	371152	371152	371152	371152	??
ZZ	698	14759	  2	  9	 14	  0	371157	371157	371157	371167	371167	371167	371167	371178	371178	371178	371178	371197	371197	371197	371197	371179	371179	371179	371179	371231	??
ZZ	699	14780	  2	  9	 14	  0	371231	371231	371198	371198	371198	371198	371170	371170	371170	371170	371126	371126	371126	371126	371170	371170	371170	371170	371295	371295	??
ZZ	700	14802	  1	  7	 14	  0	371295	371209	371209	371209	371209	371285	371285	371285	371285	371167	371167	371167	371167	371224	371224	371224	371224	371298	371298	371298	??
ZZ	701	14823	  1	  7	 14	  0	371114	371114	371114	371114	371195	371195	371195	371195	371295	371295	371295	371295	371198	371198	371198	371198	371234	371234	371234	371234	??
ZZ	702	14844	  1	  7	 14	  0	371306	371306	371306	371182	371182	371182	371182	371165	371165	371165	371165	371118	371118	371118	371118	371167	371167	371167	371167	371088	??
ZZ	703	14865	  1	  7	 14	  0	371088	371088	371194	371194	371194	371194	371202	371202	371202	371202	371194	371194	371194	371194	371183	371183	371183	371183	371133	371133	??
ZZ	704	14886	  1	  7	 14	  0	371133	371201	371201	371201	371201	371149	371149	371149	371149	371219	371219	371219	371219	371329	371329	371329	371329	371236	371236	371236	??
ZZ	705	14907	  1	  7	 14	  0	371203	371203	371203	371203	371268	371268	371268	371268	371207	371207	371207	371207	371242	371242	371242	371242	371209	371209	371209	371209	??
ZZ	706	14928	  1	  7	 14	  0	371268	371268	371268	371160	371160	371160	371160	371211	371211	371211	371211	371245	371245	371245	371245	370960	370960	370960	370960	371171	??
ZZ	707	14950	  1	  7	 14	  0	371171	371171	371080	371080	371080	371080	371155	371155	371155	371155	371171	371171	371171	371171	371234	371234	371234	371234	371220	371220	??
ZZ	708	14971	  1	  7	 14	  0	371220	371224	371224	371224	371224	371099	371099	371099	371099	371184	371184	371184	371184	371212	371212	371212	371212	371121	371121	371121	??
ZZ	709	14992	  1	  7	 14	  0	371179	371179	371179	371179	371208	371208	371208	371208	371186	371186	371186	371186	371192	371192	371192	371192	371201	371201	371201	371201	??
ZZ	710	15013	  1	  4	 15	  0	371191	371191	371191	371160	371160	371160	371160	371231	371231	371231	371231	371215	371215	371215	371215	371152	371152	371152	371152	371107	??
ZZ	711	15034	  1	  4	 15	  0	371107	371107	371174	371174	371174	371174	371179	371179	371179	371179	371187	371187	371187	371187	371169	371169	371169	371169	371243	371243	??
ZZ	712	15055	  1	  4	 15	  0	371243	371181	371181	371181	371181	371239	371239	371239	371239	371212	371212	371212	371212	371198	371198	371198	371198	371073	371073	371073	??
ZZ	713	15076	  1	  4	 15	  0	371189	371189	371189	371189	371176	371176	371176	371176	371110	371110	371110	371110	371176	371176	371176	371176	371175	371175	371175	371175	??
ZZ	714	15098	  1	  4	 15	  0	371242	371242	371242	371156	371156	371156	371156	371174	371174	371174	371174	371227	371227	371227	371227	371137	371137	371137	371137	371194	??
ZZ	715	15119	  1	  4	 15	  0	371194	371194	371298	371298	371298	371298	371231	371231	371231	371231	371234	371234	371234	371234	371237	371237	371237	371237	371304	371304	??
ZZ	716	15140	  1	  4	 15	  0	371304	371170	371170	371170	371170	371237	371237	371237	371237	371154	371154	371154	371154	371084	371084	371084	371084	371163	371163	371163	??
ZZ	717	15161	  1	  4	 15	  0	371266	371266	371266	371266	371163	371163	371163	371163	371219	371219	371219	371219	371069	371069	371069	371069	371173	371173	371173	371173	??
ZZ	718	15182	  1	  4	 15	  0	371198	371198	371198	371133	371133	371133	371133	371153	371153	371153	371153	371255	371255	371255	371255	371201	371201	371201	371201	371257	??
ZZ	719	15203	  1	  4	 15	  0	371257	371257	371133	371133	371133	371133	371269	371269	371269	371269	371193	371193	371193	371193	371242	371242	371242	371242	371159	371159	??
ZZ	720	15224	  1	  2	 15	  0	371159	371208	371208	371208	371208	371269	371269	371269	371269	371225	371225	371225	371225	371310	371310	371310	371310	371216	371216	371216	??
ZZ	721	15246	  1	  2	 15	  0	371194	371194	371194	371194	371239	371239	371239	371239	371133	371133	371133	371133	371171	371171	371171	371171	371110	371110	371110	371110	??
ZZ	722	15267	  1	  2	 15	  0	371130	371130	371130	371114	371114	371114	371114	371114	371114	371114	371114	371139	371139	371139	371139	371268	371268	371268	371268	371197	??
ZZ	723	15288	  1	  2	 15	  0	371197	371197	371217	371217	371217	371217	371234	371234	371234	371234	371292	371292	371292	371292	371218	371218	371218	371218	371326	371326	??
ZZ	724	15309	  1	  2	 15	  0	371326	371197	371197	371197	371197	371383	371383	371383	371383	371193	371193	371193	371193	371227	371227	371227	371227	371156	371156	371156	??
ZZ	725	15330	  1	  2	 15	  0	371088	371088	371088	371088	371172	371172	371172	371172	371253	371253	371253	371253	371215	371215	371215	371215	371174	371174	371174	371174	??
ZZ	726	15351	  1	  2	 15	  0	371193	371193	371193	371068	371068	371068	371068	371208	371208	371208	371208	371179	371179	371179	371179	371146	371146	371146	371146	371227	??
ZZ	727	15372	  1	  2	 15	  0	371227	371227	371243	371243	371243	371243	371189	371189	371189	371189	371122	371122	371122	371122	371200	371200	371200	371200	371175	371175	??
ZZ	728	15393	  1	  2	 15	  0	371175	371238	371238	371238	371238	371197	371197	371197	371197	371167	371167	371167	371167	371155	371155	371155	371155	371177	371177	371177	??
ZZ	729	15415	  1	  2	 15	  0	371206	371206	371206	371206	371281	371281	371281	371281	371235	371235	371235	371235	371257	371257	371257	371257	371259	371259	371259	371259	??
ZZ	730	15436	  1	  2	 15	  0	371182	371182	371182	371253	371253	371253	371253	371218	371218	371218	371218	371203	371203	371203	371203	371156	371156	371156	371156	371220	??
ZZ	731	15457	  1	  2	 15	  0	371220	371220	371205	371205	371205	371205	371227	371227	371227	371227	371210	371210	371210	371210	371231	371231	371231	371231	371152	371152	??
ZZ	732	15478	  1	  5	 17	  0	371152	371247	371247	371247	371247	371137	371137	371137	371137	371180	371180	371180	371180	371095	371095	371095	371095	371227	371227	371227	??
ZZ	733	15499	  1	  5	 17	  0	371189	371189	371189	371189	371137	371137	371137	371137	371234	371234	371234	371234	371220	371220	371220	371220	371265	371265	371265	371265	??
ZZ	734	15520	  1	  5	 17	  0	371210	371210	371210	371133	371133	371133	371133	371205	371205	371205	371205	371151	371151	371151	371151	371088	371088	371088	371088	371167	??
ZZ	735	15541	  1	  5	 17	  0	371167	371167	371134	371134	371134	371134	371133	371133	371133	371133	371020	371020	371020	371020	371120	371120	371120	371120	371167	371167	??
ZZ	736	15563	  1	  5	 17	  0	371167	371145	371145	371145	371145	371189	371189	371189	371189	371140	371140	371140	371140	371176	371176	371176	371176	371257	371257	371257	??
ZZ	737	15584	  1	  5	 17	  0	371155	371155	371155	371155	371216	371216	371216	371216	371095	371095	371095	371095	371138	371138	371138	371138	371065	371065	371065	371065	??
ZZ	738	15605	  1	  5	 17	  0	371137	371137	371137	371149	371149	371149	371149	371001	371001	371001	371001	371170	371170	371170	371170	371146	371146	371146	371146	371129	??
ZZ	739	15626	  1	  5	 17	  0	371129	371129	371185	371185	371185	371185	371159	371159	371159	371159	371140	371140	371140	371140	371183	371183	371183	371183	371171	371171	??
ZZ	740	15647	  1	  7	 15	  0	371171	371193	371193	371193	371193	371159	371159	371159	371159	371151	371151	371151	371151	371174	371174	371174	371174	371127	371127	371127	??
ZZ	741	15669	  1	  7	 15	  0	371224	371224	371224	371224	371144	371144	371144	371144	371204	371204	371204	371204	371163	371163	371163	371163	371251	371251	371251	371251	??
ZZ	742	15690	  1	  7	 15	  0	371155	371155	371155	371061	371061	371061	371061	371187	371187	371187	371187	371220	371220	371220	371220	371167	371167	371167	371167	371201	??
ZZ	743	15711	  1	  7	 15	  0	371201	371201	371196	371196	371196	371196	371310	371310	371310	371310	371216	371216	371216	371216	371208	371208	371208	371208	371261	371261	??
ZZ	744	15732	  1	  7	 15	  0	371261	371058	371058	371058	371058	371254	371254	371254	371254	371109	371109	371109	371109	371145	371145	371145	371145	371272	371272	371272	??
ZZ	745	15753	  1	  7	 15	  0	371213	371213	371213	371213	371084	371084	371084	371084	371212	371212	371212	371212	371170	371170	371170	371170	371242	371242	371242	371242	??
ZZ	746	15774	  1	  7	 15	  0	371165	371165	371165	371205	371205	371205	371205	371219	371219	371219	371219	371180	371180	371180	371180	371246	371246	371246	371246	371306	??
ZZ	747	15795	  1	  7	 15	  0	371306	371306	371247	371247	371247	371247	371185	371185	371185	371185	371209	371209	371209	371209	371177	371177	371177	371177	371227	371227	??
ZZ	748	15817	  1	  7	 15	  0	371227	371183	371183	371183	371183	371242	371242	371242	371242	370971	370971	370971	370971	371148	371148	371148	371148	371223	371223	371223	??
ZZ	749	15838	  1	  7	 15	  0	371190	371190	371190	371190	371205	371205	371205	371205	371205	371205	371205	371205	371212	371212	371212	371212	371128	371128	371128	371128	??
ZZ	750	15859	  2	 11	 14	  0	371223	371223	371223	371200	371200	371200	371200	371054	371054	371054	371054	371193	371193	371193	371193	371097	371097	371097	371097	371242	??
ZZ	751	15880	  2	 11	 14	  0	371242	371242	371262	371262	371262	371262	371167	371167	371167	371167	371273	371273	371273	371273	371188	371188	371188	371188	371129	371129	??
ZZ	752	15901	  2	 11	 14	  0	371129	371198	371198	371198	371198	371163	371163	371163	371163	371110	371110	371110	371110	371073	371073	371073	371073	371181	371181	371181	??
ZZ	753	15922	  2	 11	 14	  0	371061	371061	371061	371061	371144	371144	371144	371144	371184	371184	371184	371184	371137	371137	371137	371137	371212	371212	371212	371212	??
ZZ	754	15943	  2	 11	 14	  0	371080	371080	371080	371249	371249	371249	371249	371165	371165	371165	371165	371242	371242	371242	371242	371219	371219	371219	371219	371191	??
ZZ	755	15964	  2	 11	 14	  0	371191	371191	371189	371189	371189	371189	371129	371129	371129	371129	371157	371157	371157	371157	371306	371306	371306	371306	371199	371199	??
ZZ	756	15986	  2	 11	 14	  0	371199	371170	371170	371170	371170	371212	371212	371212	371212	371166	371166	371166	371166	371133	371133	371133	371133	371076	371076	371076	??
ZZ	757	16007	  2	 11	 14	  0	371115	371115	371115	371115	371171	371171	371171	371171	371106	371106	371106	371106	371177	371177	371177	371177	371140	371140	371140	371140	??
ZZ	758	16028	  2	 11	 14	  0	371210	371210	371210	371106	371106	371106	371106	371182	371182	371182	371182	371161	371161	371161	371161	371107	371107	371107	371107	371193	??
ZZ	759	16049	  2	 11	 14	  0	371193	371193	371196	371196	371196	371196	371125	371125	371125	371125	371291	371291	371291	371291	371192	371192	371192	371192	371298	371298	??
ZZ	760	16070	  2	  9	 19	  0	371298	371205	371205	371205	371205	371216	371216	371216	371216	371258	371258	371258	371258	371126	371126	371126	371126	371298	371298	371298	??
ZZ	761	16091	  2	  9	 19	  0	371265	371265	371265	371265	371194	371194	371194	371194	371185	371185	371185	371185	371088	371088	371088	371088	371184	371184	371184	371184	??
ZZ	762	16112	  2	  9	 19	  0	371039	371039	371039	371149	371149	371149	371149	371171	371171	371171	371171	371121	371121	371121	371121	371141	371141	371141	371141	371141	??
ZZ	763	16134	  2	  9	 19	  0	371141	371141	371118	371118	371118	371118	371173	371173	371173	371173	371103	371103	371103	371103	371176	371176	371176	371176	371317	371317	??
ZZ	764	16155	  2	  9	 19	  0	371317	371167	371167	371167	371167	371253	371253	371253	371253	371046	371046	371046	371046	371107	371107	371107	371107	371113	371113	371113	??
ZZ	765	16176	  2	  9	 19	  0	371247	371247	371247	371247	371216	371216	371216	371216	371176	371176	371176	371176	371197	371197	371197	371197	371122	371122	371122	371122	??
ZZ	766	16197	  2	  9	 19	  0	371137	371137	371137	371140	371140	371140	371140	371172	371172	371172	371172	371203	371203	371203	371203	371209	371209	371209	371209	371206	??
ZZ	767	16218	  2	  9	 19	  0	371206	371206	371190	371190	371190	371190	371182	371182	371182	371182	371159	371159	371159	371159	371005	371005	371005	371005	371137	371137	??
ZZ	768	16239	  2	  9	 19	  0	371137	371262	371262	371262	371262	371118	371118	371118	371118	371167	371167	371167	371167	371231	371231	371231	371231	371201	371201	371201	??
ZZ	769	16260	  2	  9	 19	  0	371172	371172	371172	371172	371091	371091	371091	371091	371223	371223	371223	371223	371127	371127	371127	371127	371234	371234	371234	371234	??
ZZ	770	16282	  2	 11	  6	  0	371156	371156	371156	371197	371197	371197	371197	371186	371186	371186	371186	371188	371188	371188	371188	371238	371238	371238	371238	371228	??
ZZ	771	16303	  2	 11	  6	  0	371228	371228	371213	371213	371213	371213	371235	371235	371235	371235	371118	371118	371118	371118	371172	371172	371172	371172	371141	371141	??
ZZ	772	16324	  2	 11	  6	  0	371141	371241	371241	371241	371241	371194	371194	371194	371194	371174	371174	371174	371174	371195	371195	371195	371195	371249	371249	371249	??
ZZ	773	16345	  2	 11	  6	  0	371190	371190	371190	371190	371218	371218	371218	371218	371171	371171	371171	371171	371208	371208	371208	371208	371198	371198	371198	371198	??
ZZ	774	16366	  2	 11	  6	  0	371118	371118	371118	371162	371162	371162	371162	371065	371065	371065	371065	371174	371174	371174	371174	371144	371144	371144	371144	371137	??
ZZ	775	16387	  2	 11	  6	  0	371137	371137	371246	371246	371246	371246	371172	371172	371172	371172	371238	371238	371238	371238	371197	371197	371197	371197	371174	371174	??
ZZ	776	16409	  2	 11	  6	  0	371174	371174	371174	371174	371174	371212	371212	371212	371212	371204	371204	371204	371204	371110	371110	371110	371110	371125	371125	371125	??
ZZ	777	16430	  2	 11	  6	  0	371237	371237	371237	371237	371080	371080	371080	371080	371140	371140	371140	371140	371344	371344	371344	371344	371247	371247	371247	371247	??
ZZ	778	16451	  2	 11	  6	  0	371262	371262	371262	371072	371072	371072	371072	371210	371210	371210	371210	371231	371231	371231	371231	371212	371212	371212	371212	371162	??
ZZ	779	16472	  2	 11	  6	  0	371162	371162	371179	371179	371179	371179	371099	371099	371099	371099	371108	371108	371108	371108	371216	371216	371216	371216	371185	371185	??
ZZ	780	16493	  2	  7	  6	  0	371185	371110	371110	371110	371110	371201	371201	371201	371201	371215	371215	371215	371215	371287	371287	371287	371287	371129	371129	371129	??
ZZ	781	16514	  2	  7	  6	  0	371224	371224	371224	371224	371144	371144	371144	371144	371242	371242	371242	371242	371198	371198	371198	371198	371242	371242	371242	371242	??
ZZ	782	16535	  2	  7	  6	  0	371183	371183	371183	371295	371295	371295	371295	371091	371091	371091	371091	371208	371208	371208	371208	371214	371214	371214	371214	371171	??
ZZ	783	16556	  2	  7	  6	  0	371171	371171	371205	371205	371205	371205	371160	371160	371160	371160	371118	371118	371118	371118	371152	371152	371152	371152	371088	371088	??
ZZ	784	16578	  2	  7	  6	  0	371088	371100	371100	371100	371100	371107	371107	371107	371107	371185	371185	371185	371185	371140	371140	371140	371140	371167	371167	371167	??
ZZ	785	16599	  2	  7	  6	  0	371317	371317	371317	371317	371208	371208	371208	371208	371268	371268	371268	371268	371265	371265	371265	371265	371239	371239	371239	371239	??
ZZ	786	16620	  2	  7	  6	  0	371177	371177	371177	371196	371196	371196	371196	371246	371246	371246	371246	371224	371224	371224	371224	371161	371161	371161	371161	371257	??
ZZ	787	16641	  2	  7	  6	  0	371257	371257	371262	371262	371262	371262	371226	371226	371226	371226	371216	371216	371216	371216	371118	371118	371118	371118	371175	371175	??
ZZ	788	16662	  2	  7	  6	  0	371175	371205	371205	371205	371205	371243	371243	371243	371243	371140	371140	371140	371140	371170	371170	371170	371170	371171	371171	371171	??
ZZ	789	16683	  2	  7	  6	  0	371058	371058	371058	371058	371249	371249	371249	371249	371131	371131	371131	371131	371167	371167	371167	371167	371176	371176	371176	371176	??
ZZ	790	16705	  2	  7	  6	  0	371073	371073	371073	371201	371201	371201	371201	371162	371162	371162	371162	371110	371110	371110	371110	371265	371265	371265	371265	371201	??
ZZ	791	16726	  2	  7	  6	  0	371201	371201	371245	371245	371245	371245	371249	371249	371249	371249	371203	371203	371203	371203	371280	371280	371280	371280	371237	371237	??
ZZ	792	16747	  2	  7	  6	  0	371237	371197	371197	371197	371197	371145	371145	371145	371145	371114	371114	371114	371114	371247	371247	371247	371247	371076	371076	371076	??
ZZ	793	16768	  2	 11	 11	  0	371212	371212	371212	371212	371152	371152	371152	371152	371197	371197	371197	371197	371204	371204	371204	371204	371103	371103	371103	371103	??
ZZ	794	16789	  2	 11	 11	  0	371135	371135	371135	371137	371137	371137	371137	371174	371174	371174	371174	371153	371153	371153	371153	371091	371091	371091	371091	371185	??
ZZ	795	16810	  2	 11	 11	  0	371185	371185	371126	371126	371126	371126	371231	371231	371231	371231	371216	371216	371216	371216	371186	371186	371186	371186	371185	371185	??
ZZ	796	16831	  2	 11	 11	  0	371185	371100	371100	371100	371100	371061	371061	371061	371061	371197	371197	371197	371197	371199	371199	371199	371199	371220	371220	371220	??
ZZ	797	16852	  2	 11	 11	  0	371129	371129	371129	371129	371156	371156	371156	371156	371208	371208	371208	371208	371178	371178	371178	371178	371176	371176	371176	371176	??
ZZ	798	16874	  2	 11	 11	  0	371212	371212	371212	371189	371189	371189	371189	371246	371246	371246	371246	371061	371061	371061	371061	371146	371146	371146	371146	371268	??
ZZ	799	16895	  2	 11	 11	  0	371268	371268	371179	371179	371179	371179	371185	371185	371185	371185	371148	371148	371148	371148	371121	371121	371121	371121	371126	371126	??
ZZ	800	16916	  1	  8	 12	  0	371126	371261	371261	371261	371261	371203	371203	371203	371203	371039	371039	371039	371039	371201	371201	371201	371201	371127	371127	371127	??
ZZ	801	16937	  1	  8	 12	  0	371220	371220	371220	371220	371193	371193	371193	371193	371171	371171	371171	371171	371106	371106	371106	371106	371165	371165	371165	371165	??
ZZ	802	16958	  1	  8	 12	  0	371172	371172	371172	371178	371178	371178	371178	371064	371064	371064	371064	371196	371196	371196	371196	371219	371219	371219	371219	371217	??
ZZ	803	16979	  1	  8	 12	  0	371217	371217	371182	371182	371182	371182	371121	371121	371121	371121	371204	371204	371204	371204	371219	371219	371219	371219	371217	371217	??
ZZ	804	17001	  1	  8	 12	  0	371217	371336	371336	371336	371336	371186	371186	371186	371186	371275	371275	371275	371275	371186	371186	371186	371186	371223	371223	371223	??
ZZ	805	17022	  1	  8	 12	  0	371181	371181	371181	371181	371204	371204	371204	371204	371156	371156	371156	371156	371137	371137	371137	371137	371257	371257	371257	371257	??
ZZ	806	17043	  1	  8	 12	  0	371226	371226	371226	371175	371175	371175	371175	371344	371344	371344	371344	371187	371187	371187	371187	371262	371262	371262	371262	371253	??
ZZ	807	17064	  1	  8	 12	  0	371253	371253	371245	371245	371245	371245	371261	371261	371261	371261	371185	371185	371185	371185	371201	371201	371201	371201	371185	371185	??
ZZ	808	17085	  1	  8	 12	  0	371185	371197	371197	371197	371197	371185	371185	371185	371185	371205	371205	371205	371205	371161	371161	371161	371161	371219	371219	371219	??
ZZ	809	17106	  1	  8	 12	  0	371163	371163	371163	371163	371215	371215	371215	371215	371163	371163	371163	371163	371193	371193	371193	371193	371195	371195	371195	371195	??
ZZ	810	17127	  1	  7	 10	  0	371167	371167	371167	371177	371177	371177	371177	371088	371088	371088	371088	371272	371272	371272	371272	371086	371086	371086	371086	371095	??
ZZ	811	17148	  1	  7	 10	  0	371095	371095	371175	371175	371175	371175	371141	371141	371141	371141	371276	371276	371276	371276	371065	371065	371065	371065	371167	371167	??
ZZ	812	17170	  1	  7	 10	  0	371167	371125	371125	371125	371125	371162	371162	371162	371162	371219	371219	371219	371219	371095	371095	371095	371095	371227	371227	371227	??
ZZ	813	17191	  1	  7	 10	  0	371239	371239	371239	371239	371234	371234	371234	371234	371269	371269	371269	371269	371159	371159	371159	371159	371174	371174	371174	371174	??
ZZ	814	17212	  1	  7	 10	  0	371132	371132	371132	371197	371197	371197	371197	371171	371171	371171	371171	371106	371106	371106	371106	371144	371144	371144	371144	371092	??
ZZ	815	17233	  1	  7	 10	  0	371092	371092	371167	371167	371167	371167	371242	371242	371242	371242	371158	371158	371158	371158	371133	371133	371133	371133	371172	371172	??
ZZ	816	17254	  1	  7	 10	  0	371172	371182	371182	371182	371182	371276	371276	371276	371276	371255	371255	371255	371255	371174	371174	371174	371174	371148	371148	371148	??
ZZ	817	17275	  1	  7	 10	  0	371144	371144	371144	371144	371238	371238	371238	371238	371175	371175	371175	371175	371167	371167	371167	371167	371084	371084	371084	371084	??
ZZ	818	17297	  1	  7	 10	  0	371149	371149	371149	371288	371288	371288	371288	371234	371234	371234	371234	371236	371236	371236	371236	371009	371009	371009	371009	371258	??
ZZ	819	17318	  1	  7	 10	  0	371258	371258	371152	371152	371152	371152	371194	371194	371194	371194	371204	371204	371204	371204	371213	371213	371213	371213	371182	371182	??
ZZ	820	17339	  1	  5	  5	  0	371182	371206	371206	371206	371206	371197	371197	371197	371197	371099	371099	371099	371099	371153	371153	371153	371153	371229	371229	371229	??
ZZ	821	17360	  1	  5	  5	  0	371255	371255	371255	371255	371185	371185	371185	371185	371114	371114	371114	371114	371073	371073	371073	371073	371094	371094	371094	371094	??
ZZ	822	17381	  1	  5	  5	  0	371231	371231	371231	371141	371141	371141	371141	371257	371257	371257	371257	371160	371160	371160	371160	371244	371244	371244	371244	371249	??
ZZ	823	17402	  1	  5	  5	  0	371249	371249	371084	371084	371084	371084	371181	371181	371181	371181	371144	371144	371144	371144	371298	371298	371298	371298	371197	371197	??
ZZ	824	17423	  1	  5	  5	  0	371197	371121	371121	371121	371121	371150	371150	371150	371150	371133	371133	371133	371133	371129	371129	371129	371129	371208	371208	371208	??
ZZ	825	17445	  1	  5	  5	  0	371152	371152	371152	371152	371185	371185	371185	371185	371155	371155	371155	371155	371220	371220	371220	371220	371201	371201	371201	371201	??
ZZ	826	17466	  1	  5	  5	  0	371137	371137	371137	371276	371276	371276	371276	371224	371224	371224	371224	371193	371193	371193	371193	371133	371133	371133	371133	371140	??
ZZ	827	17487	  1	  5	  5	  0	371140	371140	371205	371205	371205	371205	371133	371133	371133	371133	371163	371163	371163	371163	371223	371223	371223	371223	371140	371140	??
ZZ	828	17508	  1	  5	  5	  0	371140	371169	371169	371169	371169	371024	371024	371024	371024	371169	371169	371169	371169	371283	371283	371283	371283	371295	371295	371295	??
ZZ	829	17529	  1	  5	  5	  0	371209	371209	371209	371209	371141	371141	371141	371141	371091	371091	371091	371091	371111	371111	371111	371111	371095	371095	371095	371095	??
ZZ	830	17550	  2	  6	  5	  0	371184	371184	371184	371179	371179	371179	371179	371283	371283	371283	371283	371175	371175	371175	371175	371118	371118	371118	371118	371280	??
ZZ	831	17571	  2	  6	  5	  0	371280	371280	371202	371202	371202	371202	371193	371193	371193	371193	371224	371224	371224	371224	371184	371184	371184	371184	371195	371195	??
ZZ	832	17593	  2	  6	  5	  0	371195	371202	371202	371202	371202	371186	371186	371186	371186	371276	371276	371276	371276	371241	371241	371241	371241	371273	371273	371273	??
ZZ	833	17614	  2	  6	  5	  0	371076	371076	371076	371076	371164	371164	371164	371164	371246	371246	371246	371246	371242	371242	371242	371242	371225	371225	371225	371225	??
ZZ	834	17635	  2	  6	  5	  0	371087	371087	371087	371156	371156	371156	371156	371133	371133	371133	371133	371129	371129	371129	371129	371164	371164	371164	371164	371186	??
ZZ	835	17656	  2	  6	  5	  0	371186	371186	371265	371265	371265	371265	371195	371195	371195	371195	371121	371121	371121	371121	371178	371178	371178	371178	371130	371130	??
ZZ	836	17677	  2	  6	  5	  0	371130	371219	371219	371219	371219	371140	371140	371140	371140	371197	371197	371197	371197	371223	371223	371223	371223	371118	371118	371118	??
ZZ	837	17698	  2	  6	  5	  0	371273	371273	371273	371273	371155	371155	371155	371155	371212	371212	371212	371212	371258	371258	371258	371258	371016	371016	371016	371016	??
ZZ	838	17719	  2	  6	  5	  0	371156	371156	371156	371224	371224	371224	371224	371200	371200	371200	371200	371159	371159	371159	371159	371121	371121	371121	371121	371163	??
ZZ	839	17740	  2	  6	  5	  0	371163	371163	371238	371238	371238	371238	371092	371092	371092	371092	371149	371149	371149	371149	371182	371182	371182	371182	371126	371126	??
ZZ	840	17762	  2	  6	  5	  0	371126	371165	371165	371165	371165	371171	371171	371171	371171	371185	371185	371185	371185	371088	371088	371088	371088	371280	371280	371280	??
ZZ	841	17783	  2	  6	  5	  0	371189	371189	371189	371189	371238	371238	371238	371238	371156	371156	371156	371156	371173	371173	371173	371173	371219	371219	371219	371219	??
ZZ	842	17804	  2	  8	  6	  0	371160	371160	371160	371209	371209	371209	371209	371227	371227	371227	371227	371198	371198	371198	371198	371152	371152	371152	371152	371016	??
ZZ	843	17825	  2	  8	  6	  0	371016	371016	371183	371183	371183	371183	371160	371160	371160	371160	371133	371133	371133	371133	371216	371216	371216	371216	371266	371266	??
ZZ	844	17846	  2	  8	  6	  0	371266	371241	371241	371241	371241	371291	371291	371291	371291	371088	371088	371088	371088	371197	371197	371197	371197	371125	371125	371125	??
ZZ	845	17867	  2	  8	  6	  0	371220	371220	371220	371220	371181	371181	371181	371181	371156	371156	371156	371156	371268	371268	371268	371268	371137	371137	371137	371137	??
ZZ	846	17889	  2	  8	  6	  0	371186	371186	371186	371075	371075	371075	371075	371114	371114	371114	371114	371219	371219	371219	371219	371109	371109	371109	371109	371234	??
ZZ	847	17910	  2	  8	  6	  0	371234	371234	371145	371145	371145	371145	371149	371149	371149	371149	371216	371216	371216	371216	371246	371246	371246	371246	371180	371180	??
ZZ	848	17931	  2	  8	  6	  0	371180	371196	371196	371196	371196	371179	371179	371179	371179	371118	371118	371118	371118	371110	371110	371110	371110	371124	371124	371124	??
ZZ	849	17952	  2	  8	  6	  0	371110	371110	371110	371110	371269	371269	371269	371269	371239	371239	371239	371239	371332	371332	371332	371332	371268	371268	371268	371268	??
ZZ	850	17973	  1	  7	 11	  0	371291	371291	371291	371012	371012	371012	371012	371140	371140	371140	371140	371148	371148	371148	371148	371151	371151	371151	371151	371169	??
ZZ	851	17994	  1	  7	 11	  0	371169	371169	371174	371174	371174	371174	371201	371201	371201	371201	371242	371242	371242	371242	371302	371302	371302	371302	371186	371186	??
ZZ	852	18016	  1	  7	 11	  0	371186	371210	371210	371210	371210	371194	371194	371194	371194	371155	371155	371155	371155	371228	371228	371228	371228	371159	371159	371159	??
ZZ	853	18037	  1	  7	 11	  0	371215	371215	371215	371215	371268	371268	371268	371268	371197	371197	371197	371197	371213	371213	371213	371213	371155	371155	371155	371155	??
ZZ	854	18058	  1	  7	 11	  0	371182	371182	371182	371180	371180	371180	371180	371145	371145	371145	371145	371228	371228	371228	371228	371188	371188	371188	371188	371232	??
ZZ	855	18079	  1	  7	 11	  0	371232	371232	371219	371219	371219	371219	371216	371216	371216	371216	371152	371152	371152	371152	371179	371179	371179	371179	371231	371231	??
ZZ	856	18100	  1	  7	 11	  0	371231	371210	371210	371210	371210	371174	371174	371174	371174	371163	371163	371163	371163	371166	371166	371166	371166	371185	371185	371185	??
ZZ	857	18121	  1	  7	 11	  0	371179	371179	371179	371179	371229	371229	371229	371229	371198	371198	371198	371198	371152	371152	371152	371152	371214	371214	371214	371214	??
ZZ	858	18142	  1	  7	 11	  0	371292	371292	371292	371171	371171	371171	371171	371159	371159	371159	371159	371283	371283	371283	371283	371236	371236	371236	371236	371249	??
ZZ	859	18163	  1	  7	 11	  0	371249	371249	371257	371257	371257	371257	371235	371235	371235	371235	371298	371298	371298	371298	371234	371234	371234	371234	371242	371242	??
ZZ	860	18185	  0	  5	 19	  0	371242	371167	371167	371167	371167	371189	371189	371189	371189	371118	371118	371118	371118	371336	371336	371336	371336	371222	371222	371222	??
ZZ	861	18206	  0	  5	 19	  0	371156	371156	371156	371156	371189	371189	371189	371189	371174	371174	371174	371174	371268	371268	371268	371268	371133	371133	371133	371133	??
ZZ	862	18227	  0	  5	 19	  0	371173	371173	371173	371179	371179	371179	371179	371120	371120	371120	371120	371313	371313	371313	371313	371209	371209	371209	371209	371207	??
ZZ	863	18248	  0	  5	 19	  0	371207	371207	371148	371148	371148	371148	371114	371114	371114	371114	371139	371139	371139	371139	371121	371121	371121	371121	371182	371182	??
ZZ	864	18269	  0	  5	 19	  0	371182	371130	371130	371130	371130	371220	371220	371220	371220	371253	371253	371253	371253	371073	371073	371073	371073	371099	371099	371099	??
ZZ	865	18290	  0	  5	 19	  0	371147	371147	371147	371147	371122	371122	371122	371122	371268	371268	371268	371268	371209	371209	371209	371209	371129	371129	371129	371129	??
ZZ	866	18311	  0	  5	 19	  0	371193	371193	371193	371195	371195	371195	371195	371174	371174	371174	371174	371151	371151	371151	371151	371212	371212	371212	371212	371283	??
ZZ	867	18333	  0	  5	 19	  0	371283	371283	371183	371183	371183	371183	371204	371204	371204	371204	371175	371175	371175	371175	371207	371207	371207	371207	371257	371257	??
ZZ	868	18354	  0	  5	 19	  0	371257	371169	371169	371169	371169	371193	371193	371193	371193	371174	371174	371174	371174	371168	371168	371168	371168	371268	371268	371268	??
ZZ	869	18375	  0	  5	 19	  0	371118	371118	371118	371118	371189	371189	371189	371189	371268	371268	371268	371268	371338	371338	371338	371338	371259	371259	371259	371259	??
ZZ	870	18396	  1	  5	 29	  0	371114	371114	371114	371176	371176	371176	371176	371156	371156	371156	371156	371193	371193	371193	371193	371180	371180	371180	371180	371118	??
ZZ	871	18417	  1	  5	 29	  0	371118	371118	371311	371311	371311	371311	371203	371203	371203	371203	371228	371228	371228	371228	371152	371152	371152	371152	371168	371168	??
ZZ	872	18438	  1	  5	 29	  0	371168	371205	371205	371205	371205	371180	371180	371180	371180	371163	371163	371163	371163	371185	371185	371185	371185	371209	371209	371209	??
ZZ	873	18459	  1	  5	 29	  0	371258	371258	371258	371258	371208	371208	371208	371208	371236	371236	371236	371236	371167	371167	371167	371167	371216	371216	371216	371216	??
ZZ	874	18480	  1	  5	 29	  0	371183	371183	371183	371027	371027	371027	371027	371164	371164	371164	371164	371118	371118	371118	371118	371257	371257	371257	371257	371164	??
ZZ	875	18502	  1	  5	 29	  0	371164	371164	371273	371273	371273	371273	371204	371204	371204	371204	371255	371255	371255	371255	371329	371329	371329	371329	371155	371155	??
ZZ	876	18523	  1	  5	 29	  0	371155	371208	371208	371208	371208	371201	371201	371201	371201	371196	371196	371196	371196	371216	371216	371216	371216	371190	371190	371190	??
ZZ	877	18544	  1	  5	 29	  0	371211	371211	371211	371211	371175	371175	371175	371175	371204	371204	371204	371204	371184	371184	371184	371184	371249	371249	371249	371249	??
ZZ	878	18565	  1	  5	 29	  0	371099	371099	371099	371179	371179	371179	371179	371175	371175	371175	371175	371221	371221	371221	371221	371121	371121	371121	371121	371152	??
ZZ	879	18586	  1	  5	 29	  0	371152	371152	371186	371186	371186	371186	371203	371203	371203	371203	371140	371140	371140	371140	371185	371185	371185	371185	371186	371186	??
ZZ	880	18607	  1	  5	 29	  0	371186	371197	371197	371197	371197	371179	371179	371179	371179	371197	371197	371197	371197	371180	371180	371180	371180	371159	371159	371159	??
ZZ	881	18629	  1	  5	 29	  0	371133	371133	371133	371133	371129	371129	371129	371129	371216	371216	371216	371216	371174	371174	371174	371174	371115	371115	371115	371115	??
ZZ	882	18650	  1	  5	 29	  0	371170	371170	371170	371139	371139	371139	371139	371239	371239	371239	371239	371249	371249	371249	371249	371219	371219	371219	371219	371220	??
ZZ	883	18671	  1	  4	 32	  0	371220	371220	371159	371159	371159	371159	371222	371222	371222	371222	371266	371266	371266	371266	371257	371257	371257	371257	371180	371180	??
ZZ	884	18692	  1	  4	 32	  0	371180	371209	371209	371209	371209	371095	371095	371095	371095	371159	371159	371159	371159	371329	371329	371329	371329	371182	371182	371182	??
ZZ	885	18713	  1	  4	 32	  0	371035	371035	371035	371035	371224	371224	371224	371224	371146	371146	371146	371146	371118	371118	371118	371118	371167	371167	371167	371167	??
ZZ	886	18734	  1	  4	 32	  0	371168	371168	371168	371174	371174	371174	371174	371242	371242	371242	371242	371190	371190	371190	371190	371088	371088	371088	371088	371100	??
ZZ	887	18755	  1	  4	 32	  0	371100	371100	371204	371204	371204	371204	371205	371205	371205	371205	371169	371169	371169	371169	371170	371170	371170	371170	371156	371156	??
ZZ	888	18777	  1	  4	 32	  0	371156	371153	371153	371153	371153	371170	371170	371170	371170	371197	371197	371197	371197	371198	371198	371198	371198	371095	371095	371095	??
ZZ	889	18798	  1	  4	 32	  0	371139	371139	371139	371139	371197	371197	371197	371197	371084	371084	371084	371084	371164	371164	371164	371164	371069	371069	371069	371069	??
ZZ	890	18819	  1	  7	 38	  0	371281	371281	371281	371177	371177	371177	371177	371125	371125	371125	371125	371206	371206	371206	371206	371163	371163	371163	371163	371249	??
ZZ	891	18840	  1	  7	 38	  0	371249	371249	371196	371196	371196	371196	371155	371155	371155	371155	371193	371193	371193	371193	371152	371152	371152	371152	371198	371198	??
ZZ	892	18861	  1	  7	 38	  0	371198	371221	371221	371221	371221	371205	371205	371205	371205	371141	371141	371141	371141	371116	371116	371116	371116	371155	371155	371155	??
ZZ	893	18882	  1	  7	 38	  0	371114	371114	371114	371114	371124	371124	371124	371124	371201	371201	371201	371201	371110	371110	371110	371110	371116	371116	371116	371116	??
ZZ	894	18903	  1	  7	 38	  0	371167	371167	371167	371142	371142	371142	371142	371216	371216	371216	371216	371073	371073	371073	371073	371149	371149	371149	371149	371129	??
ZZ	895	18925	  1	  7	 38	  0	371129	371129	371268	371268	371268	371268	371195	371195	371195	371195	371099	371099	371099	371099	371125	371125	371125	371125	371123	371123	??
ZZ	896	18946	  1	  7	 38	  0	371123	371163	371163	371163	371163	371164	371164	371164	371164	371231	371231	371231	371231	371208	371208	371208	371208	371224	371224	371224	??
ZZ	897	18967	  1	  7	 38	  0	371121	371121	371121	371121	371285	371285	371285	371285	371176	371176	371176	371176	371213	371213	371213	371213	370982	370982	370982	370982	??
ZZ	898	18988	  1	  7	 38	  0	371140	371140	371140	371260	371260	371260	371260	371200	371200	371200	371200	371159	371159	371159	371159	371163	371163	371163	371163	371192	??
ZZ	899	19009	  1	  7	 38	  0	371192	371192	371185	371185	371185	371185	371076	371076	371076	371076	371155	371155	371155	371155	371287	371287	371287	371287	371246	371246	??
ZZ	900	19030	  1	  9	 34	  0	371246	371242	371242	371242	371242	371254	371254	371254	371254	371251	371251	371251	371251	371058	371058	371058	371058	371166	371166	371166	??
ZZ	901	19051	  1	  9	 34	  0	371169	371169	371169	371169	371178	371178	371178	371178	371247	371247	371247	371247	371171	371171	371171	371171	371306	371306	371306	371306	??
ZZ	902	19073	  1	  9	 34	  0	371170	371170	371170	371187	371187	371187	371187	371216	371216	371216	371216	371148	371148	371148	371148	371201	371201	371201	371201	371145	??
ZZ	903	19094	  1	  9	 34	  0	371145	371145	371183	371183	371183	371183	371293	371293	371293	371293	371268	371268	371268	371268	371291	371291	371291	371291	371141	371141	??
ZZ	904	19115	  1	  9	 34	  0	371141	371234	371234	371234	371234	371188	371188	371188	371188	371073	371073	371073	371073	371176	371176	371176	371176	371140	371140	371140	??
ZZ	905	19136	  1	  9	 34	  0	371190	371190	371190	371190	371170	371170	371170	371170	371122	371122	371122	371122	371129	371129	371129	371129	371130	371130	371130	371130	??
ZZ	906	19157	  1	  9	 34	  0	371307	371307	371307	371288	371288	371288	371288	371197	371197	371197	371197	371171	371171	371171	371171	371147	371147	371147	371147	371247	??
ZZ	907	19178	  1	  9	 34	  0	371247	371247	371325	371325	371325	371325	371188	371188	371188	371188	371251	371251	371251	371251	371249	371249	371249	371249	371221	371221	??
ZZ	908	19200	  1	  9	 34	  0	371221	371220	371220	371220	371220	371207	371207	371207	371207	371322	371322	371322	371322	371325	371325	371325	371325	371234	371234	371234	??
ZZ	909	19221	  1	  9	 34	  0	371209	371209	371209	371209	371182	371182	371182	371182	371173	371173	371173	371173	371185	371185	371185	371185	371182	371182	371182	371182	??
ZZ	910	19242	  1	 10	 11	  0	371231	371231	371231	371216	371216	371216	371216	371207	371207	371207	371207	371126	371126	371126	371126	371231	371231	371231	371231	371178	??
ZZ	911	19263	  1	 10	 11	  0	371178	371178	371151	371151	371151	371151	371246	371246	371246	371246	371180	371180	371180	371180	371246	371246	371246	371246	371212	371212	??
ZZ	912	19284	  1	 10	 11	  0	371212	371162	371162	371162	371162	371106	371106	371106	371106	371165	371165	371165	371165	371193	371193	371193	371193	371110	371110	371110	??
ZZ	913	19305	  1	 10	 11	  0	371205	371205	371205	371205	371175	371175	371175	371175	371159	371159	371159	371159	371176	371176	371176	371176	371285	371285	371285	371285	??
ZZ	914	19326	  1	 10	 11	  0	371268	371268	371268	371256	371256	371256	371256	371125	371125	371125	371125	371148	371148	371148	371148	371190	371190	371190	371190	371121	??
ZZ	915	19347	  1	 10	 11	  0	371121	371121	371184	371184	371184	371184	371212	371212	371212	371212	371231	371231	371231	371231	371182	371182	371182	371182	371233	371233	??
ZZ	916	19369	  1	 10	 11	  0	371233	371283	371283	371283	371283	371184	371184	371184	371184	371216	371216	371216	371216	371205	371205	371205	371205	371212	371212	371212	??
ZZ	917	19390	  1	 10	 11	  0	371300	371300	371300	371300	371163	371163	371163	371163	371301	371301	371301	371301	371238	371238	371238	371238	371139	371139	371139	371139	??
ZZ	918	19411	  1	 10	 11	  0	371315	371315	371315	371217	371217	371217	371217	371199	371199	371199	371199	371126	371126	371126	371126	371179	371179	371179	371179	371273	??
ZZ	919	19432	  1	 10	 11	  0	371273	371273	371216	371216	371216	371216	371258	371258	371258	371258	371137	371137	371137	371137	371076	371076	371076	371076	371142	371142	??
ZZ	920	19453	  1	 10	 11	  0	371142	371208	371208	371208	371208	371270	371270	371270	371270	371329	371329	371329	371329	371159	371159	371159	371159	371259	371259	371259	??
ZZ	921	19474	  1	 10	 11	  0	371208	371208	371208	371208	371175	371175	371175	371175	371185	371185	371185	371185	371216	371216	371216	371216	371235	371235	371235	371235	??
ZZ	922	19496	  1	 10	 11	  0	371219	371219	371219	371190	371190	371190	371190	371186	371186	371186	371186	371095	371095	371095	371095	371204	371204	371204	371204	371124	??
ZZ	923	19517	  1	 10	 11	  0	371124	371124	371207	371207	371207	371207	371171	371171	371171	371171	371174	371174	371174	371174	371272	371272	371272	371272	371205	371205	??
ZZ	924	19538	  2	  9	  9	  0	371205	371188	371188	371188	371188	371099	371099	371099	371099	371228	371228	371228	371228	371178	371178	371178	371178	371152	371152	371152	??
ZZ	925	19559	  2	  9	  9	  0	371169	371169	371169	371169	371148	371148	371148	371148	371035	371035	371035	371035	371133	371133	371133	371133	371144	371144	371144	371144	??
ZZ	926	19580	  2	  9	  9	  0	371197	371197	371197	371148	371148	371148	371148	371204	371204	371204	371204	371211	371211	371211	371211	371189	371189	371189	371189	371310	??
ZZ	927	19601	  2	  9	  9	  0	371310	371310	371232	371232	371232	371232	371185	371185	371185	371185	371276	371276	371276	371276	371117	371117	371117	371117	371265	371265	??
ZZ	928	19622	  2	  9	  9	  0	371265	371292	371292	371292	371292	371225	371225	371225	371225	371266	371266	371266	371266	371212	371212	371212	371212	371296	371296	371296	??
ZZ	929	19643	  2	  9	  9	  0	371287	371287	371287	371287	371244	371244	371244	371244	371140	371140	371140	371140	371027	371027	371027	371027	371122	371122	371122	371122	??
ZZ	930	19665	  2	  9	  9	  0	371174	371174	371174	371168	371168	371168	371168	371142	371142	371142	371142	371084	371084	371084	371084	371180	371180	371180	371180	371201	??
ZZ	931	19686	  2	  9	  9	  0	371201	371201	371243	371243	371243	371243	371207	371207	371207	371207	371122	371122	371122	371122	371219	371219	371219	371219	371160	371160	??
ZZ	932	19707	  0	  9	 14	  0	371160	371186	371186	371186	371186	371176	371176	371176	371176	371273	371273	371273	371273	371182	371182	371182	371182	371212	371212	371212	??
ZZ	933	19728	  0	  9	 14	  0	371285	371285	371285	371285	371121	371121	371121	371121	371180	371180	371180	371180	371287	371287	371287	371287	371140	371140	371140	371140	??
ZZ	934	19749	  0	  9	 14	  0	371190	371190	371190	370979	370979	370979	370979	371105	371105	371105	371105	371204	371204	371204	371204	371204	371204	371204	371204	371173	??
ZZ	935	19770	  0	  9	 14	  0	371173	371173	371140	371140	371140	371140	371133	371133	371133	371133	371111	371111	371111	371111	371216	371216	371216	371216	371185	371185	??
ZZ	936	19792	  0	  9	 14	  0	371185	371159	371159	371159	371159	371206	371206	371206	371206	371165	371165	371165	371165	371182	371182	371182	371182	371216	371216	371216	??
ZZ	937	19813	  0	  9	 14	  0	371174	371174	371174	371174	371039	371039	371039	371039	371208	371208	371208	371208	371174	371174	371174	371174	371235	371235	371235	371235	??
ZZ	938	19834	  0	  9	 14	  0	371242	371242	371242	371160	371160	371160	371160	371249	371249	371249	371249	371164	371164	371164	371164	371152	371152	371152	371152	371201	??
ZZ	939	19855	  0	  9	 14	  0	371201	371201	371169	371169	371169	371169	371140	371140	371140	371140	371170	371170	371170	371170	371189	371189	371189	371189	371054	371054	??
ZZ	940	19876	  1	  6	 18	  0	371054	371253	371253	371253	371253	371165	371165	371165	371165	371102	371102	371102	371102	371110	371110	371110	371110	371178	371178	371178	??
ZZ	941	19897	  1	  6	 18	  0	371251	371251	371251	371251	371204	371204	371204	371204	371073	371073	371073	371073	371148	371148	371148	371148	371063	371063	371063	371063	??
ZZ	942	19919	  1	  6	 18	  0	371095	371095	371095	371145	371145	371145	371145	371238	371238	371238	371238	371144	371144	371144	371144	371158	371158	371158	371158	371306	??
ZZ	943	19940	  1	  6	 18	  0	371306	371306	371182	371182	371182	371182	371155	371155	371155	371155	371198	371198	371198	371198	371129	371129	371129	371129	371170	371170	??
ZZ	944	19961	  1	  6	 18	  0	371170	371179	371179	371179	371179	371122	371122	371122	371122	371243	371243	371243	371243	371167	371167	371167	371167	371182	371182	371182	??
ZZ	945	19982	  1	  6	 18	  0	371311	371311	371311	371311	371227	371227	371227	371227	371220	371220	371220	371220	371140	371140	371140	371140	371197	371197	371197	371197	??
ZZ	946	20003	  1	  6	 18	  0	371167	371167	371167	371185	371185	371185	371185	371192	371192	371192	371192	371231	371231	371231	371231	371140	371140	371140	371140	371182	??
ZZ	947	20024	  1	  6	 18	  0	371182	371182	371231	371231	371231	371231	371148	371148	371148	371148	371161	371161	371161	371161	371193	371193	371193	371193	371197	371197	??
ZZ	948	20045	  1	  6	 18	  0	371197	371165	371165	371165	371165	371167	371167	371167	371167	371092	371092	371092	371092	371185	371185	371185	371185	371224	371224	371224	??
ZZ	949	20067	  1	  6	 18	  0	371230	371230	371230	371230	371198	371198	371198	371198	371208	371208	371208	371208	371212	371212	371212	371212	371133	371133	371133	371133	??
ZZ	950	20088	  0	  7	 18	  0	371239	371239	371239	371203	371203	371203	371203	371201	371201	371201	371201	371243	371243	371243	371243	371114	371114	371114	371114	371178	??
ZZ	951	20109	  0	  7	 18	  0	371178	371178	371171	371171	371171	371171	371147	371147	371147	371147	371178	371178	371178	371178	371135	371135	371135	371135	371247	371247	??
ZZ	952	20130	  0	  7	 18	  0	371247	371253	371253	371253	371253	371161	371161	371161	371161	371231	371231	371231	371231	371133	371133	371133	371133	371080	371080	371080	??
ZZ	953	20151	  0	  7	 18	  0	371050	371050	371050	371050	371080	371080	371080	371080	371162	371162	371162	371162	371106	371106	371106	371106	371137	371137	371137	371137	??
ZZ	954	20172	  0	  7	 18	  0	371238	371238	371238	371220	371220	371220	371220	371217	371217	371217	371217	371148	371148	371148	371148	371150	371150	371150	371150	371208	??
ZZ	955	20193	  0	  7	 18	  0	371208	371208	371073	371073	371073	371073	371220	371220	371220	371220	371171	371171	371171	371171	371189	371189	371189	371189	371198	371198	??
ZZ	956	20215	  0	  7	 18	  0	371198	371156	371156	371156	371156	371178	371178	371178	371178	371137	371137	371137	371137	371163	371163	371163	371163	371141	371141	371141	??
ZZ	957	20236	  0	  7	 18	  0	371099	371099	371099	371099	371137	371137	371137	371137	371155	371155	371155	371155	371291	371291	371291	371291	371076	371076	371076	371076	??
ZZ	958	20257	  0	  7	 18	  0	371153	371153	371153	371245	371245	371245	371245	371136	371136	371136	371136	371140	371140	371140	371140	371185	371185	371185	371185	371163	??
ZZ	959	20278	  0	  7	 18	  0	371163	371163	371185	371185	371185	371185	371285	371285	371285	371285	371255	371255	371255	371255	371152	371152	371152	371152	371179	371179	??
ZZ	960	20299	  1	  6	 19	  0	371179	371179	371179	371179	371179	371222	371222	371222	371222	371216	371216	371216	371216	371232	371232	371232	371232	371232	371232	371232	??
ZZ	961	20320	  1	  6	 19	  0	371198	371198	371198	371198	371268	371268	371268	371268	371201	371201	371201	371201	371224	371224	371224	371224	371148	371148	371148	371148	??
ZZ	962	20341	  1	  6	 19	  0	371238	371238	371238	371205	371205	371205	371205	371148	371148	371148	371148	371178	371178	371178	371178	371122	371122	371122	371122	371152	??
ZZ	963	20363	  1	  6	 19	  0	371152	371152	371152	371152	371152	371152	371223	371223	371223	371223	371129	371129	371129	371129	371163	371163	371163	371163	371125	371125	??
ZZ	964	20384	  1	  6	 19	  0	371125	371107	371107	371107	371107	371153	371153	371153	371153	371145	371145	371145	371145	371150	371150	371150	371150	371160	371160	371160	??
ZZ	965	20405	  1	  6	 19	  0	371182	371182	371182	371182	371147	371147	371147	371147	371091	371091	371091	371091	371212	371212	371212	371212	371171	371171	371171	371171	??
ZZ	966	20426	  1	  6	 19	  0	371118	371118	371118	371148	371148	371148	371148	371154	371154	371154	371154	371125	371125	371125	371125	371167	371167	371167	371167	371253	??
ZZ	967	20447	  1	  6	 19	  0	371253	371253	371296	371296	371296	371296	371203	371203	371203	371203	371195	371195	371195	371195	371223	371223	371223	371223	371218	371218	??
ZZ	968	20468	  1	  6	 19	  0	371218	371219	371219	371219	371219	371176	371176	371176	371176	371249	371249	371249	371249	371238	371238	371238	371238	371197	371197	371197	??
ZZ	969	20490	  1	  6	 19	  0	371208	371208	371208	371208	371220	371220	371220	371220	371207	371207	371207	371207	371283	371283	371283	371283	371212	371212	371212	371212	??
ZZ	970	20511	  3	 10	 26	  0	371249	371249	371249	371099	371099	371099	371099	371195	371195	371195	371195	371227	371227	371227	371227	371246	371246	371246	371246	371255	??
ZZ	971	20532	  3	 10	 26	  0	371255	371255	371133	371133	371133	371133	371228	371228	371228	371228	371219	371219	371219	371219	371193	371193	371193	371193	371190	371190	??
ZZ	972	20553	  3	 10	 26	  0	371190	371209	371209	371209	371209	371265	371265	371265	371265	371255	371255	371255	371255	371103	371103	371103	371103	371148	371148	371148	??
ZZ	973	20574	  3	 10	 26	  0	371096	371096	371096	371096	371253	371253	371253	371253	371175	371175	371175	371175	371194	371194	371194	371194	371118	371118	371118	371118	??
ZZ	974	20595	  3	 10	 26	  0	371201	371201	371201	371171	371171	371171	371171	371190	371190	371190	371190	371160	371160	371160	371160	371280	371280	371280	371280	371280	??
ZZ	975	20616	  3	 10	 26	  0	371280	371280	371238	371238	371238	371238	371160	371160	371160	371160	371185	371185	371185	371185	371167	371167	371167	371167	371175	371175	??
ZZ	976	20637	  3	 10	 26	  0	371175	371313	371313	371313	371313	371250	371250	371250	371250	371181	371181	371181	371181	371217	371217	371217	371217	371197	371197	371197	??
ZZ	977	20659	  3	 10	 26	  0	371247	371247	371247	371247	371186	371186	371186	371186	371156	371156	371156	371156	371125	371125	371125	371125	371117	371117	371117	371117	??
ZZ	978	20680	  3	 10	 26	  0	371197	371197	371197	371273	371273	371273	371273	371191	371191	371191	371191	371148	371148	371148	371148	371112	371112	371112	371112	371292	??
ZZ	979	20701	  3	 10	 26	  0	371292	371292	371283	371283	371283	371283	371250	371250	371250	371250	371249	371249	371249	371249	371080	371080	371080	371080	371212	371212	??
ZZ	980	20722	  3	  8	 30	  0	371212	371084	371084	371084	371084	371220	371220	371220	371220	371266	371266	371266	371266	371234	371234	371234	371234	371256	371256	371256	??
ZZ	981	20743	  3	  8	 30	  0	371281	371281	371281	371281	371178	371178	371178	371178	371214	371214	371214	371214	371216	371216	371216	371216	371219	371219	371219	371219	??
ZZ	982	20764	  3	  8	 30	  0	371154	371154	371154	371132	371132	371132	371132	371131	371131	371131	371131	371121	371121	371121	371121	371213	371213	371213	371213	371211	??
ZZ	983	20786	  3	  8	 30	  0	371211	371211	371190	371190	371190	371190	371065	371065	371065	371065	371141	371141	371141	371141	371178	371178	371178	371178	371174	371174	??
ZZ	984	20807	  3	  8	 30	  0	371174	371155	371155	371155	371155	371247	371247	371247	371247	371144	371144	371144	371144	371178	371178	371178	371178	371155	371155	371155	??
ZZ	985	20828	  3	  8	 30	  0	371139	371139	371139	371139	371258	371258	371258	371258	371197	371197	371197	371197	371213	371213	371213	371213	371190	371190	371190	371190	??
ZZ	986	20849	  3	  8	 30	  0	371310	371310	371310	371244	371244	371244	371244	371106	371106	371106	371106	371190	371190	371190	371190	371088	371088	371088	371088	371298	??
ZZ	987	20870	  3	  8	 30	  0	371298	371298	371213	371213	371213	371213	371050	371050	371050	371050	371170	371170	371170	371170	371149	371149	371149	371149	371307	371307	??
ZZ	988	20891	  3	  8	 30	  0	371307	371114	371114	371114	371114	371164	371164	371164	371164	371280	371280	371280	371280	371163	371163	371163	371163	371148	371148	371148	??
ZZ	989	20912	  3	  8	 30	  0	371186	371186	371186	371186	371222	371222	371222	371222	371167	371167	371167	371167	371232	371232	371232	371232	371164	371164	371164	371164	??
ZZ	990	20933	  3	  8	 30	  0	371088	371088	371088	371110	371110	371110	371110	371118	371118	371118	371118	371058	371058	371058	371058	371136	371136	371136	371136	371186	??
ZZ	991	20955	  3	  8	 30	  0	371186	371186	371310	371310	371310	371310	371239	371239	371239	371239	371282	371282	371282	371282	371249	371249	371249	371249	371232	371232	??
ZZ	992	20976	  0	  0	  0	  0	371232	371114	371114	371114	371114	371146	371146	371146	371146	371191	371191	371191	371191	371234	371234	371234	371234	371167	371167	371167	??
ZZ	993	20997	  0	  0	  0	  0	371084	371084	371084	371084	371216	371216	371216	371216	371117	371117	371117	371117	371321	371321	371321	371321	371058	371058	371058	371058	??
ZZ	994	21018	  0	  0	  0	  0	371207	371207	371207	371228	371228	371228	371228	371140	371140	371140	371140	371280	371280	371280	371280	371288	371288	371288	371288	371268	??
ZZ	995	21039	  0	  0	  0	  0	371268	371268	371163	371163	371163	371163	371204	371204	371204	371204	371246	371246	371246	371246	371110	371110	371110	371110	371272	371272	??
ZZ	996	21060	  0	  0	  0	  0	371272	371206	371206	371206	371206	371184	371184	371184	371184	371144	371144	371144	371144	371234	371234	371234	371234	371265	371265	371265	??
ZZ	997	21082	  0	  0	  0	  0	371267	371267	371267	371267	371220	371220	371220	371220	371242	371242	371242	371242	371158	371158	371158	371158	371197	371197	371197	371197	??
ZZ	998	21103	  0	  0	  0	  0	371133	371133	371133	371155	371155	371155	371155	371174	371174	371174	371174	371171	371171	371171	371171	371167	371167	371167	371167	371234	??
ZZ	999	21124	  0	  0	  0	  0	371234	371234	371212	371212	371212	371212	371288	371288	371288	371288	371152	371152	371152	371152	371254	371254	371254	371254	371088	371088	??
ZZ	1000	21145	  5	  5	  6	  0	371088	371198	371198	371198	371198	371169	371169	371169	371169	371039	371039	371039	371039	371152	371152	371152	371152	371310	371310	371310	??
ZZ	1001	21166	  5	  5	  6	  0	371080	371080	371080	371080	371223	371223	371223	371223	371159	371159	371159	371159	371257	371257	371257	371257	371183	371183	371183	371183	??
ZZ	1002	21187	  5	  5	  6	  0	371227	371227	371227	371208	371208	371208	371208	371190	371190	371190	371190	371254	371254	371254	371254	371230	371230	371230	371230	371201	??
ZZ	1003	21209	  5	  5	  6	  0	371201	371201	371110	371110	371110	371110	371162	371162	371162	371162	371231	371231	371231	371231	371189	371189	371189	371189	371165	371165	??
ZZ	1004	21230	  5	  5	  6	  0	371165	371245	371245	371245	371245	371206	371206	371206	371206	371298	371298	371298	371298	371159	371159	371159	371159	371239	371239	371239	??
ZZ	1005	21251	  5	  5	  6	  0	371216	371216	371216	371216	371103	371103	371103	371103	371171	371171	371171	371171	371268	371268	371268	371268	371054	371054	371054	371054	??
ZZ	1006	21272	  5	  5	  6	  0	371182	371182	371182	371121	371121	371121	371121	371221	371221	371221	371221	371144	371144	371144	371144	371182	371182	371182	371182	371168	??
ZZ	1007	21293	  5	  5	  6	  0	371168	371168	371234	371234	371234	371234	371253	371253	371253	371253	371205	371205	371205	371205	371234	371234	371234	371234	371204	371204	??
ZZ	1008	21314	  5	  5	  6	  0	371204	371231	371231	371231	371231	371216	371216	371216	371216	371262	371262	371262	371262	371208	371208	371208	371208	371220	371220	371220	??
ZZ	1009	21335	  5	  5	  6	  0	371144	371144	371144	371144	371118	371118	371118	371118	371106	371106	371106	371106	371171	371171	371171	371171	371084	371084	371084	371084	??
ZZ	1010	21357	  4	  1	  8	  0	371080	371080	371080	371127	371127	371127	371127	371232	371232	371232	371232	371206	371206	371206	371206	371247	371247	371247	371247	371170	??
ZZ	1011	21378	  4	  1	  8	  0	371170	371170	371209	371209	371209	371209	371257	371257	371257	371257	371118	371118	371118	371118	371215	371215	371215	371215	371208	371208	??
ZZ	1012	21399	  4	  1	  8	  0	371208	371185	371185	371185	371185	371234	371234	371234	371234	371243	371243	371243	371243	371229	371229	371229	371229	371234	371234	371234	??
ZZ	1013	21420	  4	  1	  8	  0	371212	371212	371212	371212	371227	371227	371227	371227	371201	371201	371201	371201	371159	371159	371159	371159	371145	371145	371145	371145	??
ZZ	1014	21441	  4	  1	  8	  0	371152	371152	371152	371114	371114	371114	371114	371120	371120	371120	371120	371190	371190	371190	371190	371160	371160	371160	371160	371193	??
ZZ	1015	21462	  4	  1	  8	  0	371193	371193	371317	371317	371317	371317	371246	371246	371246	371246	371231	371231	371231	371231	371317	371317	371317	371317	371203	371203	??
ZZ	1016	21484	  4	  1	  8	  0	371203	371091	371091	371091	371091	371135	371135	371135	371135	371200	371200	371200	371200	371223	371223	371223	371223	371206	371206	371206	??
ZZ	1017	21505	  4	  1	  8	  0	371061	371061	371061	371061	371114	371114	371114	371114	371133	371133	371133	371133	371257	371257	371257	371257	371216	371216	371216	371216	??
ZZ	1018	21526	  4	  1	  8	  0	371223	371223	371223	371182	371182	371182	371182	371187	371187	371187	371187	371042	371042	371042	371042	371148	371148	371148	371148	371110	??
ZZ	1019	21547	  4	  1	  8	  0	371110	371110	371170	371170	371170	371170	371129	371129	371129	371129	371166	371166	371166	371166	371224	371224	371224	371224	371174	371174	??
ZZ	1020	21568	  2	  1	 19	  0	371174	371183	371183	371183	371183	371185	371185	371185	371185	371224	371224	371224	371224	371223	371223	371223	371223	371238	371238	371238	??
ZZ	1021	21589	  2	  1	 19	  0	371195	371195	371195	371195	371310	371310	371310	371310	371182	371182	371182	371182	371199	371199	371199	371199	371302	371302	371302	371302	??
ZZ	1022	21610	  2	  1	 19	  0	371178	371178	371178	371197	371197	371197	371197	371190	371190	371190	371190	371198	371198	371198	371198	371249	371249	371249	371249	371114	??
ZZ	1023	21631	  2	  1	 19	  0	371114	371114	371234	371234	371234	371234	371080	371080	371080	371080	371253	371253	371253	371253	371182	371182	371182	371182	371232	371232	??
ZZ	1024	21653	  2	  1	 19	  0	371232	371125	371125	371125	371125	371193	371193	371193	371193	371152	371152	371152	371152	371047	371047	371047	371047	371272	371272	371272	??
ZZ	1025	21674	  2	  1	 19	  0	371118	371118	371118	371118	371243	371243	371243	371243	371156	371156	371156	371156	371193	371193	371193	371193	371154	371154	371154	371154	??
ZZ	1026	21695	  2	  1	 19	  0	371076	371076	371076	371234	371234	371234	371234	371159	371159	371159	371159	371219	371219	371219	371219	371178	371178	371178	371178	371174	??
ZZ	1027	21716	  2	  1	 19	  0	371174	371174	371185	371185	371185	371185	371146	371146	371146	371146	371141	371141	371141	371141	371163	371163	371163	371163	371135	371135	??
ZZ	1028	21737	  2	  1	 19	  0	371135	371212	371212	371212	371212	371194	371194	371194	371194	371172	371172	371172	371172	371212	371212	371212	371212	371151	371151	371151	??
ZZ	1029	21758	  2	  1	 19	  0	371159	371159	371159	371159	371197	371197	371197	371197	371178	371178	371178	371178	371186	371186	371186	371186	371163	371163	371163	371163	??
ZZ	1030	21780	  1	  3	 27	  0	371148	371148	371148	371267	371267	371267	371267	371171	371171	371171	371171	371203	371203	371203	371203	371114	371114	371114	371114	371197	??
ZZ	1031	21801	  1	  3	 27	  0	371197	371197	371144	371144	371144	371144	371185	371185	371185	371185	371156	371156	371156	371156	371095	371095	371095	371095	371171	371171	??
ZZ	1032	21822	  1	  3	 27	  0	371171	371139	371139	371139	371139	371205	371205	371205	371205	371220	371220	371220	371220	371114	371114	371114	371114	371212	371212	371212	??
ZZ	1033	21843	  1	  3	 27	  0	371165	371165	371165	371165	371174	371174	371174	371174	371201	371201	371201	371201	371129	371129	371129	371129	371295	371295	371295	371295	??
ZZ	1034	21864	  1	  3	 27	  0	371179	371179	371179	371244	371244	371244	371244	370997	370997	370997	370997	371149	371149	371149	371149	371246	371246	371246	371246	371295	??
ZZ	1035	21885	  1	  3	 27	  0	371295	371295	371272	371272	371272	371272	371208	371208	371208	371208	371198	371198	371198	371198	371229	371229	371229	371229	371118	371118	??
ZZ	1036	21906	  1	  3	 27	  0	371118	371163	371163	371163	371163	371154	371154	371154	371154	371125	371125	371125	371125	371167	371167	371167	371167	371182	371182	371182	??
ZZ	1037	21927	  1	  3	 27	  0	371230	371230	371230	371230	371182	371182	371182	371182	371265	371265	371265	371265	371080	371080	371080	371080	371158	371158	371158	371158	??
ZZ	1038	21949	  1	  3	 27	  0	371069	371069	371069	371204	371204	371204	371204	371151	371151	371151	371151	371253	371253	371253	371253	371188	371188	371188	371188	371272	??
ZZ	1039	21970	  1	  3	 27	  0	371272	371272	371174	371174	371174	371174	371222	371222	371222	371222	371246	371246	371246	371246	371178	371178	371178	371178	371167	371167	??
ZZ	1040	21991	  1	  3	 27	  0	371167	371218	371218	371218	371218	371243	371243	371243	371243	371210	371210	371210	371210	371160	371160	371160	371160	371208	371208	371208	??
ZZ	1041	22012	  1	  3	 27	  0	371212	371212	371212	371212	371137	371137	371137	371137	371180	371180	371180	371180	371276	371276	371276	371276	371091	371091	371091	371091	??
ZZ	1042	22033	  2	  7	 35	  0	371175	371175	371175	371129	371129	371129	371129	371111	371111	371111	371111	371103	371103	371103	371103	371153	371153	371153	371153	371142	??
ZZ	1043	22054	  2	  7	 35	  0	371142	371142	371129	371129	371129	371129	371276	371276	371276	371276	371177	371177	371177	371177	371201	371201	371201	371201	371170	371170	??
ZZ	1044	22076	  2	  7	 35	  0	371170	371150	371150	371150	371150	371182	371182	371182	371182	371156	371156	371156	371156	371148	371148	371148	371148	371156	371156	371156	??
ZZ	1045	22097	  2	  7	 35	  0	371151	371151	371151	371151	371208	371208	371208	371208	371107	371107	371107	371107	371169	371169	371169	371169	371073	371073	371073	371073	??
ZZ	1046	22118	  2	  7	 35	  0	371110	371110	371110	371143	371143	371143	371143	371076	371076	371076	371076	371162	371162	371162	371162	371209	371209	371209	371209	371234	??
ZZ	1047	22139	  2	  7	 35	  0	371234	371234	371258	371258	371258	371258	371174	371174	371174	371174	371242	371242	371242	371242	371220	371220	371220	371220	371258	371258	??
ZZ	1048	22160	  2	  7	 35	  0	371258	371260	371260	371260	371260	371186	371186	371186	371186	371114	371114	371114	371114	371088	371088	371088	371088	371246	371246	371246	??
ZZ	1049	22181	  2	  7	 35	  0	371253	371253	371253	371253	371201	371201	371201	371201	371247	371247	371247	371247	371137	371137	371137	371137	371154	371154	371154	371154	??
ZZ	1050	22202	  2	 10	 18	  0	371336	371336	371336	371170	371170	371170	371170	371228	371228	371228	371228	371298	371298	371298	371298	371246	371246	371246	371246	371174	??
ZZ	1051	22224	  2	 10	 18	  0	371174	371174	371118	371118	371118	371118	371171	371171	371171	371171	371247	371247	371247	371247	371148	371148	371148	371148	371179	371179	??
ZZ	1052	22245	  2	 10	 18	  0	371179	371249	371249	371249	371249	371144	371144	371144	371144	371188	371188	371188	371188	371133	371133	371133	371133	371157	371157	371157	??
ZZ	1053	22266	  2	 10	 18	  0	371076	371076	371076	371076	371099	371099	371099	371099	371070	371070	371070	371070	371242	371242	371242	371242	371212	371212	371212	371212	??
ZZ	1054	22287	  2	 10	 18	  0	371135	371135	371135	371125	371125	371125	371125	371121	371121	371121	371121	371232	371232	371232	371232	371133	371133	371133	371133	371147	??
ZZ	1055	22308	  2	 10	 18	  0	371147	371147	371197	371197	371197	371197	371076	371076	371076	371076	371189	371189	371189	371189	371204	371204	371204	371204	371152	371152	??
ZZ	1056	22329	  2	 10	 18	  0	371152	371187	371187	371187	371187	371031	371031	371031	371031	371154	371154	371154	371154	371197	371197	371197	371197	371185	371185	371185	??
ZZ	1057	22351	  2	 10	 18	  0	371167	371167	371167	371167	371152	371152	371152	371152	371163	371163	371163	371163	371163	371163	371163	371163	371140	371140	371140	371140	??
ZZ	1058	22372	  2	 10	 18	  0	371144	371144	371144	371127	371127	371127	371127	371281	371281	371281	371281	371151	371151	371151	371151	371171	371171	371171	371171	371167	??
ZZ	1059	22393	  2	 10	 18	  0	371167	371167	371136	371136	371136	371136	371170	371170	371170	371170	371122	371122	371122	371122	371135	371135	371135	371135	371208	371208	??
ZZ	1060	22414	  1	 10	  8	  0	371208	371118	371118	371118	371118	371158	371158	371158	371158	371159	371159	371159	371159	371143	371143	371143	371143	371231	371231	371231	??
ZZ	1061	22435	  1	 10	  8	  0	371069	371069	371069	371069	371142	371142	371142	371142	371317	371317	371317	371317	371163	371163	371163	371163	371215	371215	371215	371215	??
ZZ	1062	22456	  1	 10	  8	  0	371234	371234	371234	371178	371178	371178	371178	371206	371206	371206	371206	371213	371213	371213	371213	371220	371220	371220	371220	371189	??
ZZ	1063	22477	  1	 10	  8	  0	371189	371189	371302	371302	371302	371302	371222	371222	371222	371222	371156	371156	371156	371156	371227	371227	371227	371227	371121	371121	??
ZZ	1064	22498	  1	 10	  8	  0	371121	371129	371129	371129	371129	371125	371125	371125	371125	371081	371081	371081	371081	371224	371224	371224	371224	371071	371071	371071	??
ZZ	1065	22520	  1	 10	  8	  0	371227	371227	371227	371227	371291	371291	371291	371291	371262	371262	371262	371262	371231	371231	371231	371231	371242	371242	371242	371242	??
ZZ	1066	22541	  1	 10	  8	  0	371209	371209	371209	371238	371238	371238	371238	371228	371228	371228	371228	371219	371219	371219	371219	371076	371076	371076	371076	371165	??
ZZ	1067	22562	  1	 10	  8	  0	371165	371165	371189	371189	371189	371189	371182	371182	371182	371182	371184	371184	371184	371184	371148	371148	371148	371148	371174	371174	??
ZZ	1068	22583	  1	 10	  8	  0	371174	371096	371096	371096	371096	371231	371231	371231	371231	371139	371139	371139	371139	371163	371163	371163	371163	371295	371295	371295	??
ZZ	1069	22604	  1	 10	  8	  0	371203	371203	371203	371203	371163	371163	371163	371163	371179	371179	371179	371179	371181	371181	371181	371181	371212	371212	371212	371212	??
ZZ	1070	22625	  0	 11	  4	  0	371118	371118	371118	371181	371181	371181	371181	371201	371201	371201	371201	371175	371175	371175	371175	371214	371214	371214	371214	371065	??
ZZ	1071	22646	  0	 11	  4	  0	371065	371065	371160	371160	371160	371160	371133	371133	371133	371133	371129	371129	371129	371129	371168	371168	371168	371168	371137	371137	??
ZZ	1072	22668	  0	 11	  4	  0	371137	371220	371220	371220	371220	371155	371155	371155	371155	371159	371159	371159	371159	371225	371225	371225	371225	371220	371220	371220	??
ZZ	1073	22689	  0	 11	  4	  0	371293	371293	371293	371293	371223	371223	371223	371223	371247	371247	371247	371247	371167	371167	371167	371167	371170	371170	371170	371170	??
ZZ	1074	22710	  0	 11	  4	  0	371186	371186	371186	371211	371211	371211	371211	371165	371165	371165	371165	371148	371148	371148	371148	371146	371146	371146	371146	371185	??
ZZ	1075	22731	  0	 11	  4	  0	371185	371185	371125	371125	371125	371125	371151	371151	371151	371151	371213	371213	371213	371213	371238	371238	371238	371238	371216	371216	??
ZZ	1076	22752	  0	 11	  4	  0	371216	371238	371238	371238	371238	371216	371216	371216	371216	371232	371232	371232	371232	371155	371155	371155	371155	371202	371202	371202	??
ZZ	1077	22773	  0	 11	  4	  0	371137	371137	371137	371137	371031	371031	371031	371031	371133	371133	371133	371133	371216	371216	371216	371216	371317	371317	371317	371317	??
ZZ	1078	22794	  0	 11	  4	  0	371233	371233	371233	371170	371170	371170	371170	371246	371246	371246	371246	371211	371211	371211	371211	371347	371347	371347	371347	371195	??
ZZ	1079	22815	  0	 11	  4	  0	371195	371195	371211	371211	371211	371211	371216	371216	371216	371216	371223	371223	371223	371223	371118	371118	371118	371118	371238	371238	??
ZZ	1080	22837	  0	 11	  4	  0	371238	371172	371172	371172	371172	371156	371156	371156	371156	371133	371133	371133	371133	371175	371175	371175	371175	371122	371122	371122	??
ZZ	1081	22858	  0	 11	  4	  0	371136	371136	371136	371136	371219	371219	371219	371219	371288	371288	371288	371288	371227	371227	371227	371227	371242	371242	371242	371242	??
ZZ	1082	22879	  0	 11	  4	  0	371272	371272	371272	371271	371271	371271	371271	371145	371145	371145	371145	371200	371200	371200	371200	371095	371095	371095	371095	371227	??
ZZ	1083	22900	  0	  9	  2	  0	371227	371227	371149	371149	371149	371149	371242	371242	371242	371242	371253	371253	371253	371253	371230	371230	371230	371230	371216	371216	??
ZZ	1084	22921	  0	  9	  2	  0	371216	371185	371185	371185	371185	371208	371208	371208	371208	371152	371152	371152	371152	371143	371143	371143	371143	371118	371118	371118	??
ZZ	1085	22943	  0	  9	  2	  0	371201	371201	371201	371201	371174	371174	371174	371174	371235	371235	371235	371235	371163	371163	371163	371163	371155	371155	371155	371155	??
ZZ	1086	22964	  0	  9	  2	  0	371095	371095	371095	371129	371129	371129	371129	371130	371130	371130	371130	371193	371193	371193	371193	371175	371175	371175	371175	371212	??
ZZ	1087	22985	  0	  9	  2	  0	371212	371212	371223	371223	371223	371223	371213	371213	371213	371213	371251	371251	371251	371251	371155	371155	371155	371155	371227	371227	??
ZZ	1088	23006	  0	  9	  2	  0	371227	371310	371310	371310	371310	371212	371212	371212	371212	371195	371195	371195	371195	371253	371253	371253	371253	371183	371183	371183	??
ZZ	1089	23027	  0	  9	  2	  0	371076	371076	371076	371076	371273	371273	371273	371273	371170	371170	371170	371170	371110	371110	371110	371110	371106	371106	371106	371106	??
ZZ	1090	23048	  1	  7	  3	  0	371171	371171	371171	371163	371163	371163	371163	371103	371103	371103	371103	371172	371172	371172	371172	371141	371141	371141	371141	371162	??
ZZ	1091	23069	  1	  7	  3	  0	371162	371162	371283	371283	371283	371283	371253	371253	371253	371253	371225	371225	371225	371225	371170	371170	371170	371170	371272	371272	??
ZZ	1092	23091	  1	  7	  3	  0	371272	371228	371228	371228	371228	371262	371262	371262	371262	371152	371152	371152	371152	371160	371160	371160	371160	371179	371179	371179	??
ZZ	1093	23112	  1	  7	  3	  0	371110	371110	371110	371110	371042	371042	371042	371042	371232	371232	371232	371232	371206	371206	371206	371206	371201	371201	371201	371201	??
ZZ	1094	23133	  1	  7	  3	  0	371179	371179	371179	371184	371184	371184	371184	371174	371174	371174	371174	371135	371135	371135	371135	371159	371159	371159	371159	371204	??
ZZ	1095	23154	  1	  7	  3	  0	371204	371204	371142	371142	371142	371142	371231	371231	371231	371231	371175	371175	371175	371175	371191	371191	371191	371191	371223	371223	??
ZZ	1096	23175	  1	  7	  3	  0	371223	371257	371257	371257	371257	371242	371242	371242	371242	371118	371118	371118	371118	371197	371197	371197	371197	371227	371227	371227	??
ZZ	1097	23196	  1	  7	  3	  0	371325	371325	371325	371325	371214	371214	371214	371214	371313	371313	371313	371313	371238	371238	371238	371238	371166	371166	371166	371166	??
ZZ	1098	23217	  1	  7	  3	  0	371231	371231	371231	371197	371197	371197	371197	371167	371167	371167	371167	371189	371189	371189	371189	371179	371179	371179	371179	371156	??
ZZ	1099	23239	  1	  7	  3	  0	371156	371156	371218	371218	371218	371218	371177	371177	371177	371177	371088	371088	371088	371088	371245	371245	371245	371245	371158	371158	??
ZZ	1100	23260	  1	  5	  9	  0	371158	371237	371237	371237	371237	371088	371088	371088	371088	371204	371204	371204	371204	371213	371213	371213	371213	371210	371210	371210	??
ZZ	1101	23281	  1	  5	  9	  0	371245	371245	371245	371245	371126	371126	371126	371126	371240	371240	371240	371240	371190	371190	371190	371190	371148	371148	371148	371148	??
ZZ	1102	23302	  1	  5	  9	  0	371201	371201	371201	371167	371167	371167	371167	371268	371268	371268	371268	371215	371215	371215	371215	371219	371219	371219	371219	371171	??
ZZ	1103	23323	  1	  5	  9	  0	371171	371171	371245	371245	371245	371245	371258	371258	371258	371258	371240	371240	371240	371240	371118	371118	371118	371118	371253	371253	??
ZZ	1104	23344	  1	  5	  9	  0	371253	371173	371173	371173	371173	371208	371208	371208	371208	371121	371121	371121	371121	371124	371124	371124	371124	371133	371133	371133	??
ZZ	1105	23366	  1	  5	  9	  0	371136	371136	371136	371136	371291	371291	371291	371291	371118	371118	371118	371118	371146	371146	371146	371146	371321	371321	371321	371321	??
ZZ	1106	23387	  1	  5	  9	  0	371182	371182	371182	371214	371214	371214	371214	371016	371016	371016	371016	371151	371151	371151	371151	371185	371185	371185	371185	371253	??
ZZ	1107	23408	  1	  5	  9	  0	371253	371253	371164	371164	371164	371164	371114	371114	371114	371114	371141	371141	371141	371141	371119	371119	371119	371119	371189	371189	??
ZZ	1108	23429	  1	  5	  9	  0	371189	371204	371204	371204	371204	371211	371211	371211	371211	371189	371189	371189	371189	371222	371222	371222	371222	371258	371258	371258	??
ZZ	1109	23450	  1	  5	  9	  0	371203	371203	371203	371203	371165	371165	371165	371165	371073	371073	371073	371073	371208	371208	371208	371208	371149	371149	371149	371149	??
ZZ	1110	23471	  1	  4	 11	  0	371171	371171	371171	371132	371132	371132	371132	371126	371126	371126	371126	371189	371189	371189	371189	371157	371157	371157	371157	371144	??
ZZ	1111	23492	  1	  4	 11	  0	371144	371144	371133	371133	371133	371133	371125	371125	371125	371125	371155	371155	371155	371155	371174	371174	371174	371174	371131	371131	??
ZZ	1112	23513	  1	  4	 11	  0	371131	371137	371137	371137	371137	371170	371170	371170	371170	371187	371187	371187	371187	371205	371205	371205	371205	371240	371240	371240	??
ZZ	1113	23535	  1	  4	 11	  0	371118	371118	371118	371118	371155	371155	371155	371155	371143	371143	371143	371143	371163	371163	371163	371163	371073	371073	371073	371073	??
ZZ	1114	23556	  1	  4	 11	  0	371153	371153	371153	371182	371182	371182	371182	371204	371204	371204	371204	371169	371169	371169	371169	371099	371099	371099	371099	371177	??
ZZ	1115	23577	  1	  4	 11	  0	371177	371177	371208	371208	371208	371208	371223	371223	371223	371223	371197	371197	371197	371197	371190	371190	371190	371190	371110	371110	??
ZZ	1116	23598	  1	  4	 11	  0	371110	371164	371164	371164	371164	371170	371170	371170	371170	371227	371227	371227	371227	371195	371195	371195	371195	371189	371189	371189	??
ZZ	1117	23619	  1	  4	 11	  0	371202	371202	371202	371202	371238	371238	371238	371238	371194	371194	371194	371194	371195	371195	371195	371195	371061	371061	371061	371061	??
ZZ	1118	23640	  1	  4	 11	  0	371167	371167	371167	371129	371129	371129	371129	371170	371170	371170	371170	371185	371185	371185	371185	371189	371189	371189	371189	371244	??
ZZ	1119	23662	  1	  4	 11	  0	371244	371244	371173	371173	371173	371173	371333	371333	371333	371333	371296	371296	371296	371296	371212	371212	371212	371212	371276	371276	??
ZZ	1120	23683	  3	  4	 16	  0	371276	371325	371325	371325	371325	371255	371255	371255	371255	371163	371163	371163	371163	371153	371153	371153	371153	371280	371280	371280	??
ZZ	1121	23704	  3	  4	 16	  0	371073	371073	371073	371073	371188	371188	371188	371188	371220	371220	371220	371220	371265	371265	371265	371265	371239	371239	371239	371239	??
ZZ	1122	23725	  3	  4	 16	  0	371254	371254	371254	371211	371211	371211	371211	371245	371245	371245	371245	371133	371133	371133	371133	371253	371253	371253	371253	371302	??
ZZ	1123	23746	  3	  4	 16	  0	371302	371302	371129	371129	371129	371129	371204	371204	371204	371204	371254	371254	371254	371254	371189	371189	371189	371189	371211	371211	??
ZZ	1124	23767	  3	  4	 16	  0	371211	371253	371253	371253	371253	371246	371246	371246	371246	371211	371211	371211	371211	371231	371231	371231	371231	371224	371224	371224	??
ZZ	1125	23788	  3	  4	 16	  0	371200	371200	371200	371200	371251	371251	371251	371251	371211	371211	371211	371211	371141	371141	371141	371141	371257	371257	371257	371257	??
ZZ	1126	23809	  3	  4	 16	  0	371178	371178	371178	371167	371167	371167	371167	371174	371174	371174	371174	371178	371178	371178	371178	371133	371133	371133	371133	371156	??
ZZ	1127	23831	  3	  4	 16	  0	371156	371156	371106	371106	371106	371106	371076	371076	371076	371076	371181	371181	371181	371181	371223	371223	371223	371223	371194	371194	??
ZZ	1128	23852	  3	  4	 16	  0	371194	371202	371202	371202	371202	371050	371050	371050	371050	371317	371317	371317	371317	371160	371160	371160	371160	371257	371257	371257	??
ZZ	1129	23873	  3	  4	 16	  0	371138	371138	371138	371138	371155	371155	371155	371155	371175	371175	371175	371175	371160	371160	371160	371160	371103	371103	371103	371103	??
ZZ	1130	23894	  3	  4	 16	  0	371050	371050	371050	371166	371166	371166	371166	371332	371332	371332	371332	371267	371267	371267	371267	371191	371191	371191	371191	371208	??
ZZ	1131	23915	  3	  4	 16	  0	371208	371208	371155	371155	371155	371155	371208	371208	371208	371208	371163	371163	371163	371163	371155	371155	371155	371155	371103	371103	??
ZZ	1132	23936	  3	  5	 24	  0	371103	371287	371287	371287	371287	371176	371176	371176	371176	371234	371234	371234	371234	371179	371179	371179	371179	371114	371114	371114	??
ZZ	1133	23958	  3	  5	 24	  0	371231	371231	371231	371231	371159	371159	371159	371159	371160	371160	371160	371160	371152	371152	371152	371152	371157	371157	371157	371157	??
ZZ	1134	23979	  3	  5	 24	  0	371148	371148	371148	371263	371263	371263	371263	371163	371163	371163	371163	371114	371114	371114	371114	371173	371173	371173	371173	371167	??
ZZ	1135	24000	  3	  5	 24	  0	371167	371167	371148	371148	371148	371148	371098	371098	371098	371098	371239	371239	371239	371239	371069	371069	371069	371069	371167	371167	??
ZZ	1136	24021	  3	  5	 24	  0	371167	371280	371280	371280	371280	371220	371220	371220	371220	371246	371246	371246	371246	371167	371167	371167	371167	371189	371189	371189	??
ZZ	1137	24042	  3	  5	 24	  0	371125	371125	371125	371125	371133	371133	371133	371133	371191	371191	371191	371191	371247	371247	371247	371247	371155	371155	371155	371155	??
ZZ	1138	24063	  3	  5	 24	  0	371239	371239	371239	371103	371103	371103	371103	371167	371167	371167	371167	371169	371169	371169	371169	371152	371152	371152	371152	371226	??
ZZ	1139	24084	  3	  5	 24	  0	371226	371226	371125	371125	371125	371125	371144	371144	371144	371144	371113	371113	371113	371113	371249	371249	371249	371249	371227	371227	??
ZZ	1140	24106	  3	  3	 23	  0	371227	371210	371210	371210	371210	371156	371156	371156	371156	371140	371140	371140	371140	371148	371148	371148	371148	371197	371197	371197	??
ZZ	1141	24127	  3	  3	 23	  0	371154	371154	371154	371154	371198	371198	371198	371198	371170	371170	371170	371170	371169	371169	371169	371169	371171	371171	371171	371171	??
ZZ	1142	24148	  3	  3	 23	  0	371208	371208	371208	371218	371218	371218	371218	371185	371185	371185	371185	371224	371224	371224	371224	371270	371270	371270	371270	371106	??
ZZ	1143	24169	  3	  3	 23	  0	371106	371106	371189	371189	371189	371189	371152	371152	371152	371152	371129	371129	371129	371129	371187	371187	371187	371187	371266	371266	??
ZZ	1144	24190	  3	  3	 23	  0	371266	371256	371256	371256	371256	371184	371184	371184	371184	371163	371163	371163	371163	371157	371157	371157	371157	371201	371201	371201	??
ZZ	1145	24211	  3	  3	 23	  0	371167	371167	371167	371167	371142	371142	371142	371142	371272	371272	371272	371272	371186	371186	371186	371186	371174	371174	371174	371174	??
ZZ	1146	24233	  3	  3	 23	  0	371148	371148	371148	371242	371242	371242	371242	371209	371209	371209	371209	371239	371239	371239	371239	371235	371235	371235	371235	371144	??
ZZ	1147	24254	  3	  3	 23	  0	371144	371144	371148	371148	371148	371148	371205	371205	371205	371205	371133	371133	371133	371133	371223	371223	371223	371223	371202	371202	??
ZZ	1148	24275	  3	  3	 23	  0	371202	371125	371125	371125	371125	371277	371277	371277	371277	371194	371194	371194	371194	371204	371204	371204	371204	371163	371163	371163	??
ZZ	1149	24296	  3	  3	 23	  0	371012	371012	371012	371012	371159	371159	371159	371159	371106	371106	371106	371106	371212	371212	371212	371212	371163	371163	371163	371163	??
ZZ	1150	24317	  3	  2	 14	  0	371162	371162	371162	371298	371298	371298	371298	371095	371095	371095	371095	371149	371149	371149	371149	371249	371249	371249	371249	371217	??
ZZ	1151	24338	  3	  2	 14	  0	371217	371217	371185	371185	371185	371185	371171	371171	371171	371171	371182	371182	371182	371182	371208	371208	371208	371208	371232	371232	??
ZZ	1152	24359	  3	  2	 14	  0	371232	371247	371247	371247	371247	371213	371213	371213	371213	371216	371216	371216	371216	371215	371215	371215	371215	371129	371129	371129	??
ZZ	1153	24380	  3	  2	 14	  0	371163	371163	371163	371163	371088	371088	371088	371088	371243	371243	371243	371243	371125	371125	371125	371125	371232	371232	371232	371232	??
ZZ	1154	24402	  3	  2	 14	  0	371257	371257	371257	371202	371202	371202	371202	371189	371189	371189	371189	371133	371133	371133	371133	371180	371180	371180	371180	371201	??
ZZ	1155	24423	  3	  2	 14	  0	371201	371201	371154	371154	371154	371154	371197	371197	371197	371197	371141	371141	371141	371141	371139	371139	371139	371139	371170	371170	??
ZZ	1156	24444	  3	  2	 14	  0	371170	371153	371153	371153	371153	371149	371149	371149	371149	371246	371246	371246	371246	371213	371213	371213	371213	371273	371273	371273	??
ZZ	1157	24465	  3	  2	 14	  0	371170	371170	371170	371170	371196	371196	371196	371196	371103	371103	371103	371103	371234	371234	371234	371234	371154	371154	371154	371154	??
ZZ	1158	24486	  3	  2	 14	  0	371163	371163	371163	371159	371159	371159	371159	371156	371156	371156	371156	371179	371179	371179	371179	371179	371179	371179	371179	371069	??
ZZ	1159	24507	  3	  2	 14	  0	371069	371069	371198	371198	371198	371198	371139	371139	371139	371139	371148	371148	371148	371148	371332	371332	371332	371332	371203	371203	??
ZZ	1160	24529	  4	  6	 15	  0	371203	371091	371091	371091	371091	371197	371197	371197	371197	371106	371106	371106	371106	371272	371272	371272	371272	371175	371175	371175	??
ZZ	1161	24550	  4	  6	 15	  0	371152	371152	371152	371152	371133	371133	371133	371133	371144	371144	371144	371144	371227	371227	371227	371227	371095	371095	371095	371095	??
ZZ	1162	24571	  4	  6	 15	  0	371151	371151	371151	371095	371095	371095	371095	371242	371242	371242	371242	371211	371211	371211	371211	371160	371160	371160	371160	371198	??
ZZ	1163	24592	  4	  6	 15	  0	371198	371198	371088	371088	371088	371088	371159	371159	371159	371159	371180	371180	371180	371180	371246	371246	371246	371246	371227	371227	??
ZZ	1164	24613	  4	  6	 15	  0	371227	371245	371245	371245	371245	371186	371186	371186	371186	371178	371178	371178	371178	371145	371145	371145	371145	371110	371110	371110	??
ZZ	1165	24634	  4	  6	 15	  0	371136	371136	371136	371136	371099	371099	371099	371099	371219	371219	371219	371219	371137	371137	371137	371137	371137	371137	371137	371137	??
ZZ	1166	24655	  4	  6	 15	  0	371242	371242	371242	371214	371214	371214	371214	371231	371231	371231	371231	371193	371193	371193	371193	371240	371240	371240	371240	371249	??
ZZ	1167	24677	  4	  6	 15	  0	371249	371249	371258	371258	371258	371258	371231	371231	371231	371231	371171	371171	371171	371171	371173	371173	371173	371173	371126	371126	??
ZZ	1168	24698	  4	  6	 15	  0	371126	371177	371177	371177	371177	371155	371155	371155	371155	371310	371310	371310	371310	371175	371175	371175	371175	371204	371204	371204	??
ZZ	1169	24719	  4	  6	 15	  0	371155	371155	371155	371155	371213	371213	371213	371213	371182	371182	371182	371182	371272	371272	371272	371272	371194	371194	371194	371194	??
ZZ	1170	24740	  4	 11	 24	  0	371224	371224	371224	371248	371248	371248	371248	371150	371150	371150	371150	371242	371242	371242	371242	371117	371117	371117	371117	371235	??
ZZ	1171	24761	  4	 11	 24	  0	371235	371235	371207	371207	371207	371207	371092	371092	371092	371092	371193	371193	371193	371193	371296	371296	371296	371296	371247	371247	??
ZZ	1172	24782	  4	 11	 24	  0	371247	371129	371129	371129	371129	371125	371125	371125	371125	371165	371165	371165	371165	371287	371287	371287	371287	371204	371204	371204	??
ZZ	1173	24804	  4	 11	 24	  0	371182	371182	371182	371182	371152	371152	371152	371152	371200	371200	371200	371200	371125	371125	371125	371125	371144	371144	371144	371144	??
ZZ	1174	24825	  4	 11	 24	  0	371192	371192	371192	371222	371222	371222	371222	371186	371186	371186	371186	371166	371166	371166	371166	371185	371185	371185	371185	371159	??
ZZ	1175	24846	  4	 11	 24	  0	371159	371159	371152	371152	371152	371152	371167	371167	371167	371167	371154	371154	371154	371154	371174	371174	371174	371174	371148	371148	??
ZZ	1176	24867	  4	 11	 24	  0	371148	371170	371170	371170	371170	371246	371246	371246	371246	371129	371129	371129	371129	371190	371190	371190	371190	371110	371110	371110	??
ZZ	1177	24888	  4	 11	 24	  0	371159	371159	371159	371159	371258	371258	371258	371258	371088	371088	371088	371088	371130	371130	371130	371130	371204	371204	371204	371204	??
ZZ	1178	24909	  4	 11	 24	  0	370979	370979	370979	371146	371146	371146	371146	371156	371156	371156	371156	371215	371215	371215	371215	371202	371202	371202	371202	371257	??
ZZ	1179	24931	  4	 11	 24	  0	371257	371257	371211	371211	371211	371211	371076	371076	371076	371076	371272	371272	371272	371272	371190	371190	371190	371190	371219	371219	??
ZZ	1180	24952	  5	 11	 13	  0	371219	371174	371174	371174	371174	371174	371174	371174	371174	371281	371281	371281	371281	371214	371214	371214	371214	371125	371125	371125	??
ZZ	1181	24973	  5	 11	 13	  0	371218	371218	371218	371218	371156	371156	371156	371156	371201	371201	371201	371201	371208	371208	371208	371208	371163	371163	371163	371163	??
ZZ	1182	24994	  5	 11	 13	  0	371194	371194	371194	371260	371260	371260	371260	371221	371221	371221	371221	371110	371110	371110	371110	371128	371128	371128	371128	371185	??
ZZ	1183	25015	  5	 11	 13	  0	371185	371185	371212	371212	371212	371212	371203	371203	371203	371203	371201	371201	371201	371201	371208	371208	371208	371208	371179	371179	??
ZZ	1184	25036	  5	 11	 13	  0	371179	371144	371144	371144	371144	371249	371249	371249	371249	371189	371189	371189	371189	371242	371242	371242	371242	371173	371173	371173	??
ZZ	1185	25057	  5	 11	 13	  0	371204	371204	371204	371204	371310	371310	371310	371310	371188	371188	371188	371188	371080	371080	371080	371080	371140	371140	371140	371140	??
ZZ	1186	25078	  5	 11	 13	  0	371140	371140	371140	371252	371252	371252	371252	371129	371129	371129	371129	371206	371206	371206	371206	371204	371204	371204	371204	371158	??
ZZ	1187	25100	  5	 11	 13	  0	371158	371158	371253	371253	371253	371253	371084	371084	371084	371084	371155	371155	371155	371155	371118	371118	371118	371118	371189	371189	??
ZZ	1188	25121	  5	 11	 13	  0	371189	371138	371138	371138	371138	371046	371046	371046	371046	371126	371126	371126	371126	371116	371116	371116	371116	371186	371186	371186	??
ZZ	1189	25142	  5	 11	 13	  0	371183	371183	371183	371183	371201	371201	371201	371201	371204	371204	371204	371204	371213	371213	371213	371213	371140	371140	371140	371140	??
ZZ	1190	25163	  5	 11	 13	  0	371185	371185	371185	371146	371146	371146	371146	371243	371243	371243	371243	371201	371201	371201	371201	371197	371197	371197	371197	371245	??
ZZ	1191	25184	  5	 11	 13	  0	371245	371245	371185	371185	371185	371185	371151	371151	371151	371151	371223	371223	371223	371223	371103	371103	371103	371103	371223	371223	??
ZZ	1192	25205	  5	 11	 13	  0	371223	371046	371046	371046	371046	371137	371137	371137	371137	371262	371262	371262	371262	371151	371151	371151	371151	371212	371212	371212	??
ZZ	1193	25227	  4	  8	 10	  0	371216	371216	371216	371216	371174	371174	371174	371174	371175	371175	371175	371175	371099	371099	371099	371099	371137	371137	371137	371137	??
ZZ	1194	25248	  4	  8	 10	  0	371277	371277	371277	371267	371267	371267	371267	371228	371228	371228	371228	371065	371065	371065	371065	371092	371092	371092	371092	371223	??
ZZ	1195	25269	  4	  8	 10	  0	371223	371223	371249	371249	371249	371249	371206	371206	371206	371206	371141	371141	371141	371141	371317	371317	371317	371317	371226	371226	??
ZZ	1196	25290	  4	  8	 10	  0	371226	371140	371140	371140	371140	371254	371254	371254	371254	371224	371224	371224	371224	371178	371178	371178	371178	371174	371174	371174	??
ZZ	1197	25311	  4	  8	 10	  0	371230	371230	371230	371230	371285	371285	371285	371285	371205	371205	371205	371205	371235	371235	371235	371235	371362	371362	371362	371362	??
ZZ	1198	25332	  4	  8	 10	  0	371289	371289	371289	371148	371148	371148	371148	371118	371118	371118	371118	371169	371169	371169	371169	371137	371137	371137	371137	371181	??
ZZ	1199	25353	  4	  8	 10	  0	371181	371181	371175	371175	371175	371175	371099	371099	371099	371099	371167	371167	371167	371167	371208	371208	371208	371208	371186	371186	??
ZZ	1200	25374	  4	  2	  7	  0	371186	371214	371214	371214	371214	371148	371148	371148	371148	371283	371283	371283	371283	371190	371190	371190	371190	371257	371257	371257	??
ZZ	1201	25396	  4	  2	  7	  0	371165	371165	371165	371165	371198	371198	371198	371198	371231	371231	371231	371231	371196	371196	371196	371196	371251	371251	371251	371251	??
ZZ	1202	25417	  4	  2	  7	  0	371106	371106	371106	371161	371161	371161	371161	371179	371179	371179	371179	371204	371204	371204	371204	371200	371200	371200	371200	371156	??
ZZ	1203	25438	  4	  2	  7	  0	371156	371156	371148	371148	371148	371148	371209	371209	371209	371209	371189	371189	371189	371189	371212	371212	371212	371212	371182	371182	??
ZZ	1204	25459	  4	  2	  7	  0	371182	371240	371240	371240	371240	371226	371226	371226	371226	371182	371182	371182	371182	371255	371255	371255	371255	371219	371219	371219	??
ZZ	1205	25480	  4	  2	  7	  0	371174	371174	371174	371174	371205	371205	371205	371205	371076	371076	371076	371076	371167	371167	371167	371167	371092	371092	371092	371092	??
ZZ	1206	25501	  4	  2	  7	  0	371170	371170	371170	371178	371178	371178	371178	371138	371138	371138	371138	371107	371107	371107	371107	371093	371093	371093	371093	371238	??
ZZ	1207	25523	  4	  2	  7	  0	371238	371238	371080	371080	371080	371080	371141	371141	371141	371141	371125	371125	371125	371125	371219	371219	371219	371219	371159	371159	??
ZZ	1208	25544	  4	  2	  7	  0	371159	371129	371129	371129	371129	371095	371095	371095	371095	371125	371125	371125	371125	371175	371175	371175	371175	371135	371135	371135	??
ZZ	1209	25565	  4	  2	  7	  0	371054	371054	371054	371054	371121	371121	371121	371121	371124	371124	371124	371124	371182	371182	371182	371182	371231	371231	371231	371231	??
ZZ	1210	25586	  5	  2	 10	  0	371195	371195	371195	371087	371087	371087	371087	371251	371251	371251	371251	371119	371119	371119	371119	371153	371153	371153	371153	371137	??
ZZ	1211	25607	  5	  2	 10	  0	371137	371137	371163	371163	371163	371163	371306	371306	371306	371306	371241	371241	371241	371241	371212	371212	371212	371212	371287	371287	??
ZZ	1212	25628	  5	  2	 10	  0	371287	371233	371233	371233	371233	371167	371167	371167	371167	371189	371189	371189	371189	371175	371175	371175	371175	371163	371163	371163	??
ZZ	1213	25649	  5	  2	 10	  0	371191	371191	371191	371191	371133	371133	371133	371133	371257	371257	371257	371257	371162	371162	371162	371162	371253	371253	371253	371253	??
ZZ	1214	25670	  5	  2	 10	  0	371193	371193	371193	371225	371225	371225	371225	371215	371215	371215	371215	371241	371241	371241	371241	371210	371210	371210	371210	371223	??
ZZ	1215	25692	  5	  2	 10	  0	371223	371223	371190	371190	371190	371190	371122	371122	371122	371122	371280	371280	371280	371280	371210	371210	371210	371210	371167	371167	??
ZZ	1216	25713	  5	  2	 10	  0	371167	371137	371137	371137	371137	371165	371165	371165	371165	371220	371220	371220	371220	371167	371167	371167	371167	371085	371085	371085	??
ZZ	1217	25734	  5	  2	 10	  0	371286	371286	371286	371286	371177	371177	371177	371177	371246	371246	371246	371246	371234	371234	371234	371234	371207	371207	371207	371207	??
ZZ	1218	25755	  5	  2	 10	  0	371216	371216	371216	371167	371167	371167	371167	371219	371219	371219	371219	371247	371247	371247	371247	371233	371233	371233	371233	371249	??
ZZ	1219	25776	  5	  2	 10	  0	371249	371249	371058	371058	371058	371058	371190	371190	371190	371190	371129	371129	371129	371129	371202	371202	371202	371202	371168	371168	??
ZZ	1220	25797	  3	  2	  5	  0	371168	371039	371039	371039	371039	371242	371242	371242	371242	371192	371192	371192	371192	371099	371099	371099	371099	371181	371181	371181	??
ZZ	1221	25819	  3	  2	  5	  0	371137	371137	371137	371137	371163	371163	371163	371163	371182	371182	371182	371182	371239	371239	371239	371239	371201	371201	371201	371201	??
ZZ	1222	25840	  3	  2	  5	  0	371187	371187	371187	371185	371185	371185	371185	371148	371148	371148	371148	371193	371193	371193	371193	371321	371321	371321	371321	371185	??
ZZ	1223	25861	  3	  2	  5	  0	371185	371185	371260	371260	371260	371260	371251	371251	371251	371251	371231	371231	371231	371231	371190	371190	371190	371190	371152	371152	??
ZZ	1224	25882	  3	  2	  5	  0	371152	371134	371134	371134	371134	371121	371121	371121	371121	371273	371273	371273	371273	371157	371157	371157	371157	371035	371035	371035	??
ZZ	1225	25903	  3	  2	  5	  0	371167	371167	371167	371167	371148	371148	371148	371148	371167	371167	371167	371167	371142	371142	371142	371142	371285	371285	371285	371285	??
ZZ	1226	25924	  3	  2	  5	  0	371268	371268	371268	371190	371190	371190	371190	371219	371219	371219	371219	371152	371152	371152	371152	371165	371165	371165	371165	371201	??
ZZ	1227	25945	  3	  2	  5	  0	371201	371201	371110	371110	371110	371110	371208	371208	371208	371208	371227	371227	371227	371227	371170	371170	371170	371170	371216	371216	??
ZZ	1228	25966	  3	  2	  5	  0	371216	371236	371236	371236	371236	371205	371205	371205	371205	371219	371219	371219	371219	371197	371197	371197	371197	371210	371210	371210	??
ZZ	1229	25988	  3	  2	  5	  0	371197	371197	371197	371197	371206	371206	371206	371206	371201	371201	371201	371201	371321	371321	371321	371321	371259	371259	371259	371259	??
ZZ	1230	26009	  4	  4	  5	  0	371245	371245	371245	371174	371174	371174	371174	371161	371161	371161	371161	371246	371246	371246	371246	371215	371215	371215	371215	371214	??
ZZ	1231	26030	  4	  4	  5	  0	371214	371214	371162	371162	371162	371162	371125	371125	371125	371125	371129	371129	371129	371129	371182	371182	371182	371182	371159	371159	??
ZZ	1232	26051	  4	  4	  5	  0	371159	371159	371159	371159	371159	371163	371163	371163	371163	371156	371156	371156	371156	371121	371121	371121	371121	371172	371172	371172	??
ZZ	1233	26072	  4	  4	  5	  0	371027	371027	371027	371027	370993	370993	370993	370993	371120	371120	371120	371120	371190	371190	371190	371190	371170	371170	371170	371170	??
ZZ	1234	26093	  4	  4	  5	  0	371232	371232	371232	371167	371167	371167	371167	371189	371189	371189	371189	371178	371178	371178	371178	371058	371058	371058	371058	371204	??
ZZ	1235	26115	  4	  4	  5	  0	371204	371204	371141	371141	371141	371141	371212	371212	371212	371212	371195	371195	371195	371195	371174	371174	371174	371174	371182	371182	??
ZZ	1236	26136	  4	  4	  5	  0	371182	371147	371147	371147	371147	371313	371313	371313	371313	371148	371148	371148	371148	371197	371197	371197	371197	371291	371291	371291	??
ZZ	1237	26157	  4	  4	  5	  0	371151	371151	371151	371151	371243	371243	371243	371243	371189	371189	371189	371189	371215	371215	371215	371215	371239	371239	371239	371239	??
ZZ	1238	26178	  4	  4	  5	  0	371193	371193	371193	371240	371240	371240	371240	371065	371065	371065	371065	371171	371171	371171	371171	371190	371190	371190	371190	371163	??
ZZ	1239	26199	  4	  4	  5	  0	371163	371163	371237	371237	371237	371237	371228	371228	371228	371228	371121	371121	371121	371121	371190	371190	371190	371190	371239	371239	??
ZZ	1240	26220	  4	  4	  5	  0	371239	371266	371266	371266	371266	371223	371223	371223	371223	371125	371125	371125	371125	371156	371156	371156	371156	371136	371136	371136	??
ZZ	1241	26241	  4	  4	  5	  0	371246	371246	371246	371246	371190	371190	371190	371190	371186	371186	371186	371186	371137	371137	371137	371137	371103	371103	371103	371103	??
ZZ	1242	26262	  4	  7	  7	  0	371198	371198	371198	371245	371245	371245	371245	371148	371148	371148	371148	371302	371302	371302	371302	371118	371118	371118	371118	371186	??
ZZ	1243	26284	  4	  7	  7	  0	371186	371186	371137	371137	371137	371137	371183	371183	371183	371183	371103	371103	371103	371103	371084	371084	371084	371084	371117	371117	??
ZZ	1244	26305	  4	  7	  7	  0	371117	371242	371242	371242	371242	371216	371216	371216	371216	371229	371229	371229	371229	371069	371069	371069	371069	371105	371105	371105	??
ZZ	1245	26326	  4	  7	  7	  0	371320	371320	371320	371320	371170	371170	371170	371170	371223	371223	371223	371223	371291	371291	371291	371291	371170	371170	371170	371170	??
ZZ	1246	26347	  4	  7	  7	  0	371198	371198	371198	371310	371310	371310	371310	371249	371249	371249	371249	371220	371220	371220	371220	371175	371175	371175	371175	371123	??
ZZ	1247	26368	  4	  7	  7	  0	371123	371123	371191	371191	371191	371191	371148	371148	371148	371148	371171	371171	371171	371171	371189	371189	371189	371189	371190	371190	??
ZZ	1248	26389	  4	  7	  7	  0	371190	371208	371208	371208	371208	371190	371190	371190	371190	371140	371140	371140	371140	371188	371188	371188	371188	371084	371084	371084	??
ZZ	1249	26410	  4	  7	  7	  0	371138	371138	371138	371138	371103	371103	371103	371103	371133	371133	371133	371133	371159	371159	371159	371159	371261	371261	371261	371261	??
ZZ	1250	26432	  4	 10	 12	  0	371182	371182	371182	371205	371205	371205	371205	371159	371159	371159	371159	371179	371179	371179	371179	371171	371171	371171	371171	371171	??
ZZ	1251	26453	  4	 10	 12	  0	371171	371171	371185	371185	371185	371185	371306	371306	371306	371306	371234	371234	371234	371234	371280	371280	371280	371280	371201	371201	??
ZZ	1252	26474	  4	 10	 12	  0	371201	371167	371167	371167	371167	371222	371222	371222	371222	371224	371224	371224	371224	371106	371106	371106	371106	371164	371164	371164	??
ZZ	1253	26495	  4	 10	 12	  0	371182	371182	371182	371182	371214	371214	371214	371214	371238	371238	371238	371238	371140	371140	371140	371140	371192	371192	371192	371192	??
ZZ	1254	26516	  4	 10	 12	  0	371170	371170	371170	371076	371076	371076	371076	371190	371190	371190	371190	371145	371145	371145	371145	371234	371234	371234	371234	371186	??
ZZ	1255	26537	  4	 10	 12	  0	371186	371186	371244	371244	371244	371244	371184	371184	371184	371184	371103	371103	371103	371103	371174	371174	371174	371174	371175	371175	??
ZZ	1256	26558	  4	 10	 12	  0	371175	371283	371283	371283	371283	371170	371170	371170	371170	371174	371174	371174	371174	371174	371174	371174	371174	371061	371061	371061	??
ZZ	1257	26580	  4	 10	 12	  0	371147	371147	371147	371147	371223	371223	371223	371223	371259	371259	371259	371259	371178	371178	371178	371178	371204	371204	371204	371204	??
ZZ	1258	26601	  4	 10	 12	  0	371159	371159	371159	371061	371061	371061	371061	371208	371208	371208	371208	371126	371126	371126	371126	371084	371084	371084	371084	371199	??
ZZ	1259	26622	  4	 10	 12	  0	371199	371199	371203	371203	371203	371203	371107	371107	371107	371107	371210	371210	371210	371210	371099	371099	371099	371099	371272	371272	??
ZZ	1260	26643	  2	  9	  4	  0	371272	371212	371212	371212	371212	371163	371163	371163	371163	371163	371163	371163	371163	371151	371151	371151	371151	371129	371129	371129	??
ZZ	1261	26664	  2	  9	  4	  0	371186	371186	371186	371186	371027	371027	371027	371027	371326	371326	371326	371326	371131	371131	371131	371131	371204	371204	371204	371204	??
ZZ	1262	26685	  2	  9	  4	  0	371050	371050	371050	371115	371115	371115	371115	371170	371170	371170	371170	371121	371121	371121	371121	371167	371167	371167	371167	371186	??
ZZ	1263	26706	  2	  9	  4	  0	371186	371186	371197	371197	371197	371197	371234	371234	371234	371234	371253	371253	371253	371253	371251	371251	371251	371251	371160	371160	??
ZZ	1264	26728	  2	  9	  4	  0	371160	371126	371126	371126	371126	371156	371156	371156	371156	371072	371072	371072	371072	371163	371163	371163	371163	371128	371128	371128	??
ZZ	1265	26749	  2	  9	  4	  0	371080	371080	371080	371080	371146	371146	371146	371146	371201	371201	371201	371201	371216	371216	371216	371216	371248	371248	371248	371248	??
ZZ	1266	26770	  2	  9	  4	  0	371253	371253	371253	371204	371204	371204	371204	371166	371166	371166	371166	371291	371291	371291	371291	371129	371129	371129	371129	371160	??
ZZ	1267	26791	  2	  9	  4	  0	371160	371160	371218	371218	371218	371218	371137	371137	371137	371137	371272	371272	371272	371272	371194	371194	371194	371194	371207	371207	??
ZZ	1268	26812	  2	  9	  4	  0	371207	371152	371152	371152	371152	371035	371035	371035	371035	371107	371107	371107	371107	371208	371208	371208	371208	371163	371163	371163	??
ZZ	1269	26833	  2	  9	  4	  0	371164	371164	371164	371164	371201	371201	371201	371201	371142	371142	371142	371142	371182	371182	371182	371182	371223	371223	371223	371223	??
ZZ	1270	26855	  2	 11	  7	  0	371173	371173	371173	371129	371129	371129	371129	371185	371185	371185	371185	371158	371158	371158	371158	371182	371182	371182	371182	371188	??
ZZ	1271	26876	  2	 11	  7	  0	371188	371188	371061	371061	371061	371061	371220	371220	371220	371220	371167	371167	371167	371167	371228	371228	371228	371228	371257	371257	??
ZZ	1272	26897	  2	 11	  7	  0	371257	371187	371187	371187	371187	371223	371223	371223	371223	371125	371125	371125	371125	371144	371144	371144	371144	371216	371216	371216	??
ZZ	1273	26918	  2	 11	  7	  0	371147	371147	371147	371147	371194	371194	371194	371194	371201	371201	371201	371201	371172	371172	371172	371172	371186	371186	371186	371186	??
ZZ	1274	26939	  2	 11	  7	  0	371257	371257	371257	371227	371227	371227	371227	371170	371170	371170	371170	371159	371159	371159	371159	371196	371196	371196	371196	371091	??
ZZ	1275	26960	  2	 11	  7	  0	371091	371091	371192	371192	371192	371192	371234	371234	371234	371234	371145	371145	371145	371145	371202	371202	371202	371202	371144	371144	??
ZZ	1276	26981	  2	 11	  7	  0	371144	371175	371175	371175	371175	371198	371198	371198	371198	371140	371140	371140	371140	371231	371231	371231	371231	371193	371193	371193	??
ZZ	1277	27003	  2	 11	  7	  0	371215	371215	371215	371215	371206	371206	371206	371206	371144	371144	371144	371144	371170	371170	371170	371170	371159	371159	371159	371159	??
ZZ	1278	27024	  2	 11	  7	  0	371140	371140	371140	371114	371114	371114	371114	371144	371144	371144	371144	371088	371088	371088	371088	371170	371170	371170	371170	371161	??
ZZ	1279	27045	  2	 11	  7	  0	371161	371161	371211	371211	371211	371211	371162	371162	371162	371162	371216	371216	371216	371216	371205	371205	371205	371205	371206	371206	??
ZZ	1280	27066	  2	 11	  7	  0	371206	371283	371283	371283	371283	371178	371178	371178	371178	371228	371228	371228	371228	371189	371189	371189	371189	371204	371204	371204	??
ZZ	1281	27087	  2	 11	  7	  0	371169	371169	371169	371169	371133	371133	371133	371133	371154	371154	371154	371154	371170	371170	371170	371170	371198	371198	371198	371198	??
ZZ	1282	27108	  2	 11	  7	  0	371154	371154	371154	371246	371246	371246	371246	371137	371137	371137	371137	371135	371135	371135	371135	371212	371212	371212	371212	371201	??
ZZ	1283	27129	  1	 10	  7	  0	371201	371201	371219	371219	371219	371219	371201	371201	371201	371201	371219	371219	371219	371219	371197	371197	371197	371197	371133	371133	??
ZZ	1284	27151	  1	 10	  7	  0	371133	371182	371182	371182	371182	371126	371126	371126	371126	371193	371193	371193	371193	371182	371182	371182	371182	371247	371247	371247	??
ZZ	1285	27172	  1	 10	  7	  0	371183	371183	371183	371183	371280	371280	371280	371280	371016	371016	371016	371016	371159	371159	371159	371159	371016	371016	371016	371016	??
ZZ	1286	27193	  1	 10	  7	  0	371201	371201	371201	371095	371095	371095	371095	371257	371257	371257	371257	371283	371283	371283	371283	371190	371190	371190	371190	371118	??
ZZ	1287	27214	  1	 10	  7	  0	371118	371118	371155	371155	371155	371155	371179	371179	371179	371179	371310	371310	371310	371310	371220	371220	371220	371220	371239	371239	??
ZZ	1288	27235	  1	 10	  7	  0	371239	371216	371216	371216	371216	371210	371210	371210	371210	371232	371232	371232	371232	371122	371122	371122	371122	371163	371163	371163	??
ZZ	1289	27256	  1	 10	  7	  0	371148	371148	371148	371148	371156	371156	371156	371156	371179	371179	371179	371179	371185	371185	371185	371185	371193	371193	371193	371193	??
ZZ	1290	27277	  4	 13	 17	  0	371088	371088	371088	371148	371148	371148	371148	371187	371187	371187	371187	371189	371189	371189	371189	371234	371234	371234	371234	371205	??
ZZ	1291	27299	  4	 13	 17	  0	371205	371205	371305	371305	371305	371305	371206	371206	371206	371206	371178	371178	371178	371178	371239	371239	371239	371239	371206	371206	??
ZZ	1292	27320	  4	 13	 17	  0	371206	371201	371201	371201	371201	371159	371159	371159	371159	371174	371174	371174	371174	371310	371310	371310	371310	371174	371174	371174	??
ZZ	1293	27341	  4	 13	 17	  0	371230	371230	371230	371230	371095	371095	371095	371095	371223	371223	371223	371223	371231	371231	371231	371231	371107	371107	371107	371107	??
ZZ	1294	27362	  4	 13	 17	  0	371225	371225	371225	371208	371208	371208	371208	371050	371050	371050	371050	371179	371179	371179	371179	371219	371219	371219	371219	371257	??
ZZ	1295	27383	  4	 13	 17	  0	371257	371257	371183	371183	371183	371183	371148	371148	371148	371148	371107	371107	371107	371107	371140	371140	371140	371140	371129	371129	??
ZZ	1296	27404	  4	 13	 17	  0	371129	371193	371193	371193	371193	371201	371201	371201	371201	371208	371208	371208	371208	371184	371184	371184	371184	371227	371227	371227	??
ZZ	1297	27426	  4	 13	 17	  0	371194	371194	371194	371194	371170	371170	371170	371170	371302	371302	371302	371302	371188	371188	371188	371188	371155	371155	371155	371155	??
ZZ	1298	27447	  4	 13	 17	  0	371197	371197	371197	371146	371146	371146	371146	371182	371182	371182	371182	371039	371039	371039	371039	371129	371129	371129	371129	371163	??
ZZ	1299	27468	  4	 13	 17	  0	371163	371163	371165	371165	371165	371165	371204	371204	371204	371204	371065	371065	371065	371065	371172	371172	371172	371172	371137	371137	??
ZZ	1300	27489	  3	 10	 21	  0	371137	371140	371140	371140	371140	371151	371151	371151	371151	371208	371208	371208	371208	371099	371099	371099	371099	371196	371196	371196	??
ZZ	1301	27510	  3	 10	 21	  0	371201	371201	371201	371201	371197	371197	371197	371197	371110	371110	371110	371110	371265	371265	371265	371265	371138	371138	371138	371138	??
ZZ	1302	27531	  3	 10	 21	  0	371152	371152	371152	371236	371236	371236	371236	371133	371133	371133	371133	371277	371277	371277	371277	371121	371121	371121	371121	371234	??
ZZ	1303	27552	  3	 10	 21	  0	371234	371234	371185	371185	371185	371185	371158	371158	371158	371158	371212	371212	371212	371212	371197	371197	371197	371197	371199	371199	??
ZZ	1304	27573	  3	 10	 21	  0	371199	371252	371252	371252	371252	371239	371239	371239	371239	371163	371163	371163	371163	371141	371141	371141	371141	371227	371227	371227	??
ZZ	1305	27595	  3	 10	 21	  0	371177	371177	371177	371177	371121	371121	371121	371121	371167	371167	371167	371167	371209	371209	371209	371209	371118	371118	371118	371118	??
ZZ	1306	27616	  3	 10	 21	  0	371204	371204	371204	371107	371107	371107	371107	371238	371238	371238	371238	371176	371176	371176	371176	371106	371106	371106	371106	371306	??
ZZ	1307	27637	  3	 10	 21	  0	371306	371306	371221	371221	371221	371221	371239	371239	371239	371239	371268	371268	371268	371268	371281	371281	371281	371281	371272	371272	??
ZZ	1308	27658	  3	 10	 21	  0	371272	371188	371188	371188	371188	371148	371148	371148	371148	371092	371092	371092	371092	371106	371106	371106	371106	371258	371258	371258	??
ZZ	1309	27679	  3	 10	 21	  0	371230	371230	371230	371230	371219	371219	371219	371219	371253	371253	371253	371253	371238	371238	371238	371238	371291	371291	371291	371291	??
ZZ	1310	27700	  0	  0	  0	  0	371174	371174	371174	371234	371234	371234	371234	371198	371198	371198	371198	371219	371219	371219	371219	371230	371230	371230	371230	371201	??
ZZ	1311	27721	  0	  0	  0	  0	371201	371201	371276	371276	371276	371276	371204	371204	371204	371204	371137	371137	371137	371137	371205	371205	371205	371205	371216	371216	??
ZZ	1312	27743	  0	  0	  0	  0	371216	371141	371141	371141	371141	371160	371160	371160	371160	371248	371248	371248	371248	371276	371276	371276	371276	371228	371228	371228	??
ZZ	1313	27764	  0	  0	  0	  0	371219	371219	371219	371219	371148	371148	371148	371148	371242	371242	371242	371242	371228	371228	371228	371228	371204	371204	371204	371204	??
ZZ	1314	27785	  0	  0	  0	  0	371179	371179	371179	371117	371117	371117	371117	371218	371218	371218	371218	371197	371197	371197	371197	371193	371193	371193	371193	371215	??
ZZ	1315	27806	  0	  0	  0	  0	371215	371215	371110	371110	371110	371110	371193	371193	371193	371193	371194	371194	371194	371194	371095	371095	371095	371095	371191	371191	??
ZZ	1316	27827	  0	  0	  0	  0	371191	371182	371182	371182	371182	371182	371182	371182	371182	371204	371204	371204	371204	371253	371253	371253	371253	371283	371283	371283	??
ZZ	1317	27848	  0	  0	  0	  0	371222	371222	371222	371222	371204	371204	371204	371204	371112	371112	371112	371112	371227	371227	371227	371227	371204	371204	371204	371204	??
ZZ	1318	27869	  0	  0	  0	  0	371180	371180	371180	371178	371178	371178	371178	371076	371076	371076	371076	371156	371156	371156	371156	371262	371262	371262	371262	371088	??
ZZ	1319	27890	  0	  0	  0	  0	371088	371088	371197	371197	371197	371197	371193	371193	371193	371193	371125	371125	371125	371125	371242	371242	371242	371242	371242	371242	??
ZZ	1320	27912	  0	  0	  0	  0	371242	371234	371234	371234	371234	371224	371224	371224	371224	371061	371061	371061	371061	371135	371135	371135	371135	371240	371240	371240	??
ZZ	1321	27933	  0	  0	  0	  0	371302	371302	371302	371302	371261	371261	371261	371261	371262	371262	371262	371262	371243	371243	371243	371243	371175	371175	371175	371175	??
ZZ	1322	27954	  0	  0	  0	  0	371238	371238	371238	371178	371178	371178	371178	371272	371272	371272	371272	371249	371249	371249	371249	371161	371161	371161	371161	371144	??
ZZ	1323	27975	  0	  0	  0	  0	371144	371144	371110	371110	371110	371110	371258	371258	371258	371258	371148	371148	371148	371148	371147	371147	371147	371147	371182	371182	??
ZZ	1324	27996	  0	  0	  0	  0	371182	371129	371129	371129	371129	371178	371178	371178	371178	371173	371173	371173	371173	371178	371178	371178	371178	371166	371166	371166	??
ZZ	1325	28017	  0	  0	  0	  0	371069	371069	371069	371069	371131	371131	371131	371131	371106	371106	371106	371106	371239	371239	371239	371239	371194	371194	371194	371194	??
ZZ	1326	28039	  0	  0	  0	  0	371310	371310	371310	371249	371249	371249	371249	371248	371248	371248	371248	371163	371163	371163	371163	371238	371238	371238	371238	371171	??
ZZ	1327	28060	  0	  0	  0	  0	371171	371171	371242	371242	371242	371242	371169	371169	371169	371169	371219	371219	371219	371219	371189	371189	371189	371189	371159	371159	??
ZZ	1328	28081	  0	  0	  0	  0	371159	371212	371212	371212	371212	371246	371246	371246	371246	371169	371169	371169	371169	371249	371249	371249	371249	371159	371159	371159	??
ZZ	1329	28102	  0	  0	  0	  0	371229	371229	371229	371229	371118	371118	371118	371118	371152	371152	371152	371152	371216	371216	371216	371216	371197	371197	371197	371197	??
ZZ	1330	28123	  0	  0	  0	  0	371233	371233	371233	371231	371231	371231	371231	371219	371219	371219	371219	371241	371241	371241	371241	371319	371319	371319	371319	371129	??
ZZ	1331	28144	  0	  0	  0	  0	371129	371129	371215	371215	371215	371215	371174	371174	371174	371174	371211	371211	371211	371211	371167	371167	371167	371167	371189	371189	??
ZZ	1332	28165	  0	  0	  0	  0	371189	371185	371185	371185	371185	371212	371212	371212	371212	371106	371106	371106	371106	371133	371133	371133	371133	371212	371212	371212	??
ZZ	1333	28187	  0	  0	  0	  0	371099	371099	371099	371099	371141	371141	371141	371141	371182	371182	371182	371182	371184	371184	371184	371184	371054	371054	371054	371054	??
ZZ	1334	28208	  0	  0	  0	  0	371216	371216	371216	371145	371145	371145	371145	371273	371273	371273	371273	371182	371182	371182	371182	371198	371198	371198	371198	371144	??
ZZ	1335	28229	  0	  0	  0	  0	371144	371144	371161	371161	371161	371161	371299	371299	371299	371299	371170	371170	371170	371170	371237	371237	371237	371237	371114	371114	??
ZZ	1336	28250	  0	  0	  0	  0	371114	371182	371182	371182	371182	371206	371206	371206	371206	371088	371088	371088	371088	371287	371287	371287	371287	371205	371205	371205	??
ZZ	1337	28271	  0	  0	  0	  0	371144	371144	371144	371144	371176	371176	371176	371176	371129	371129	371129	371129	371253	371253	371253	371253	371183	371183	371183	371183	??
ZZ	1338	28292	  0	  0	  0	  0	371133	371133	371133	371249	371249	371249	371249	371152	371152	371152	371152	371178	371178	371178	371178	371186	371186	371186	371186	371177	??
ZZ	1339	28313	  0	  0	  0	  0	371177	371177	371206	371206	371206	371206	371199	371199	371199	371199	371243	371243	371243	371243	371129	371129	371129	371129	371184	371184	??
ZZ	1340	28335	  2	  8	  9	  0	371184	371152	371152	371152	371152	371148	371148	371148	371148	371150	371150	371150	371150	371110	371110	371110	371110	371212	371212	371212	??
ZZ	1341	28356	  2	  8	  9	  0	371151	371151	371151	371151	371228	371228	371228	371228	371190	371190	371190	371190	371141	371141	371141	371141	371185	371185	371185	371185	??
ZZ	1342	28377	  2	  8	  9	  0	371146	371146	371146	371234	371234	371234	371234	371069	371069	371069	371069	371156	371156	371156	371156	371223	371223	371223	371223	371232	??
ZZ	1343	28398	  2	  8	  9	  0	371232	371232	371203	371203	371203	371203	371338	371338	371338	371338	371193	371193	371193	371193	371258	371258	371258	371258	371201	371201	??
ZZ	1344	28419	  2	  8	  9	  0	371201	371166	371166	371166	371166	371227	371227	371227	371227	371272	371272	371272	371272	371231	371231	371231	371231	371201	371201	371201	??
ZZ	1345	28440	  2	  8	  9	  0	371163	371163	371163	371163	371168	371168	371168	371168	371118	371118	371118	371118	371137	371137	371137	371137	371283	371283	371283	371283	??
ZZ	1346	28461	  2	  8	  9	  0	371179	371179	371179	371249	371249	371249	371249	371247	371247	371247	371247	371227	371227	371227	371227	371194	371194	371194	371194	371246	??
ZZ	1347	28483	  2	  8	  9	  0	371246	371246	371227	371227	371227	371227	371194	371194	371194	371194	371244	371244	371244	371244	371212	371212	371212	371212	371277	371277	??
ZZ	1348	28504	  2	  8	  9	  0	371277	371271	371271	371271	371271	371252	371252	371252	371252	371313	371313	371313	371313	371265	371265	371265	371265	371231	371231	371231	??
ZZ	1349	28525	  2	  8	  9	  0	371231	371231	371231	371231	371209	371209	371209	371209	371213	371213	371213	371213	371069	371069	371069	371069	371185	371185	371185	371185	??
ZZ	1350	28546	  0	  7	 13	  0	371182	371182	371182	371196	371196	371196	371196	371165	371165	371165	371165	371140	371140	371140	371140	371214	371214	371214	371214	371216	??
ZZ	1351	28567	  0	  7	 13	  0	371216	371216	371274	371274	371274	371274	371276	371276	371276	371276	371144	371144	371144	371144	371174	371174	371174	371174	371184	371184	??
ZZ	1352	28588	  0	  7	 13	  0	371184	371099	371099	371099	371099	371163	371163	371163	371163	371138	371138	371138	371138	371163	371163	371163	371163	371185	371185	371185	??
ZZ	1353	28610	  0	  7	 13	  0	371199	371199	371199	371199	371185	371185	371185	371185	371155	371155	371155	371155	371306	371306	371306	371306	371121	371121	371121	371121	??
ZZ	1354	28631	  0	  7	 13	  0	371199	371199	371199	371103	371103	371103	371103	371204	371204	371204	371204	371155	371155	371155	371155	371265	371265	371265	371265	371262	??
ZZ	1355	28652	  0	  7	 13	  0	371262	371262	371216	371216	371216	371216	371234	371234	371234	371234	371159	371159	371159	371159	371088	371088	371088	371088	371088	371088	??
ZZ	1356	28673	  0	  7	 13	  0	371088	371160	371160	371160	371160	371300	371300	371300	371300	371212	371212	371212	371212	371227	371227	371227	371227	371145	371145	371145	??
ZZ	1357	28694	  0	  7	 13	  0	371218	371218	371218	371218	371171	371171	371171	371171	371201	371201	371201	371201	371184	371184	371184	371184	371160	371160	371160	371160	??
ZZ	1358	28715	  0	  7	 13	  0	371238	371238	371238	371127	371127	371127	371127	371099	371099	371099	371099	371201	371201	371201	371201	371151	371151	371151	371151	371197	??
ZZ	1359	28736	  0	  7	 13	  0	371197	371197	371073	371073	371073	371073	371147	371147	371147	371147	371148	371148	371148	371148	371185	371185	371185	371185	371280	371280	??
ZZ	1360	28758	  1	  5	 12	  0	371280	371141	371141	371141	371141	371226	371226	371226	371226	371233	371233	371233	371233	371201	371201	371201	371201	371239	371239	371239	??
ZZ	1361	28779	  1	  5	 12	  0	371133	371133	371133	371133	371182	371182	371182	371182	371285	371285	371285	371285	371118	371118	371118	371118	371205	371205	371205	371205	??
ZZ	1362	28800	  1	  5	 12	  0	371061	371061	371061	371244	371244	371244	371244	371189	371189	371189	371189	371121	371121	371121	371121	371198	371198	371198	371198	371148	??
ZZ	1363	28821	  1	  5	 12	  0	371148	371148	371212	371212	371212	371212	371201	371201	371201	371201	371212	371212	371212	371212	371163	371163	371163	371163	371167	371167	??
ZZ	1364	28842	  1	  5	 12	  0	371167	371256	371256	371256	371256	371224	371224	371224	371224	371189	371189	371189	371189	371163	371163	371163	371163	371155	371155	371155	??
ZZ	1365	28863	  1	  5	 12	  0	371197	371197	371197	371197	371204	371204	371204	371204	371233	371233	371233	371233	371204	371204	371204	371204	371170	371170	371170	371170	??
ZZ	1366	28884	  1	  5	 12	  0	371213	371213	371213	371253	371253	371253	371253	371088	371088	371088	371088	371196	371196	371196	371196	371121	371121	371121	371121	371297	??
ZZ	1367	28905	  1	  5	 12	  0	371297	371297	371186	371186	371186	371186	371272	371272	371272	371272	371227	371227	371227	371227	371140	371140	371140	371140	371212	371212	??
ZZ	1368	28927	  1	  5	 12	  0	371212	371195	371195	371195	371195	371224	371224	371224	371224	371201	371201	371201	371201	371127	371127	371127	371127	371144	371144	371144	??
ZZ	1369	28948	  1	  5	 12	  0	371129	371129	371129	371129	371109	371109	371109	371109	371266	371266	371266	371266	371171	371171	371171	371171	371280	371280	371280	371280	??
ZZ	1370	28969	  1	  4	  8	  0	371235	371235	371235	371234	371234	371234	371234	371148	371148	371148	371148	371223	371223	371223	371223	371196	371196	371196	371196	371304	??
ZZ	1371	28990	  1	  4	  8	  0	371304	371304	371233	371233	371233	371233	371236	371236	371236	371236	371106	371106	371106	371106	371224	371224	371224	371224	371212	371212	??
ZZ	1372	29011	  1	  4	  8	  0	371212	371065	371065	371065	371065	371119	371119	371119	371119	371126	371126	371126	371126	371106	371106	371106	371106	371178	371178	371178	??
ZZ	1373	29032	  1	  4	  8	  0	371197	371197	371197	371197	371246	371246	371246	371246	371208	371208	371208	371208	371170	371170	371170	371170	371160	371160	371160	371160	??
ZZ	1374	29054	  1	  4	  8	  0	371313	371313	371313	371249	371249	371249	371249	371125	371125	371125	371125	371118	371118	371118	371118	371232	371232	371232	371232	371159	??
ZZ	1375	29075	  1	  4	  8	  0	371159	371159	371351	371351	371351	371351	371226	371226	371226	371226	371272	371272	371272	371272	371106	371106	371106	371106	371128	371128	??
ZZ	1376	29096	  1	  4	  8	  0	371128	371177	371177	371177	371177	371156	371156	371156	371156	371189	371189	371189	371189	371171	371171	371171	371171	371212	371212	371212	??
ZZ	1377	29117	  1	  4	  8	  0	371165	371165	371165	371165	371058	371058	371058	371058	371159	371159	371159	371159	371042	371042	371042	371042	371073	371073	371073	371073	??
ZZ	1378	29138	  1	  4	  8	  0	371135	371135	371135	371102	371102	371102	371102	371258	371258	371258	371258	371167	371167	371167	371167	371295	371295	371295	371295	371122	??
ZZ	1379	29159	  1	  4	  8	  0	371122	371122	371164	371164	371164	371164	371170	371170	371170	371170	371196	371196	371196	371196	371228	371228	371228	371228	371227	371227	??
ZZ	1380	29180	  1	  6	 12	  0	371227	371193	371193	371193	371193	371121	371121	371121	371121	371114	371114	371114	371114	371164	371164	371164	371164	371197	371197	371197	??
ZZ	1381	29201	  1	  6	 12	  0	371175	371175	371175	371175	371206	371206	371206	371206	371174	371174	371174	371174	371192	371192	371192	371192	371242	371242	371242	371242	??
ZZ	1382	29223	  1	  6	 12	  0	371129	371129	371129	371173	371173	371173	371173	371076	371076	371076	371076	371152	371152	371152	371152	371112	371112	371112	371112	371084	??
ZZ	1383	29244	  1	  6	 12	  0	371084	371084	371227	371227	371227	371227	371109	371109	371109	371109	371239	371239	371239	371239	371164	371164	371164	371164	371189	371189	??
ZZ	1384	29265	  1	  6	 12	  0	371189	371255	371255	371255	371255	371200	371200	371200	371200	371182	371182	371182	371182	371227	371227	371227	371227	371247	371247	371247	??
ZZ	1385	29286	  1	  6	 12	  0	371192	371192	371192	371192	371107	371107	371107	371107	371182	371182	371182	371182	371189	371189	371189	371189	371192	371192	371192	371192	??
ZZ	1386	29307	  1	  6	 12	  0	371238	371238	371238	371152	371152	371152	371152	371224	371224	371224	371224	371129	371129	371129	371129	371125	371125	371125	371125	371135	??
ZZ	1387	29328	  1	  6	 12	  0	371135	371135	371208	371208	371208	371208	371154	371154	371154	371154	371156	371156	371156	371156	371219	371219	371219	371219	371185	371185	??
ZZ	1388	29350	  1	  6	 12	  0	371185	371175	371175	371175	371175	371156	371156	371156	371156	371145	371145	371145	371145	371273	371273	371273	371273	371163	371163	371163	??
ZZ	1389	29371	  1	  6	 12	  0	371205	371205	371205	371205	371174	371174	371174	371174	371159	371159	371159	371159	371099	371099	371099	371099	371276	371276	371276	371276	??
ZZ	1390	29392	  1	  6	 12	  0	371172	371172	371172	371103	371103	371103	371103	371103	371103	371103	371103	371129	371129	371129	371129	371092	371092	371092	371092	371231	??
ZZ	1391	29413	  1	  6	 12	  0	371231	371231	371152	371152	371152	371152	371178	371178	371178	371178	371180	371180	371180	371180	371091	371091	371091	371091	371140	371140	??
ZZ	1392	29434	  1	  6	 12	  0	371140	371133	371133	371133	371133	371200	371200	371200	371200	371189	371189	371189	371189	371171	371171	371171	371171	371118	371118	371118	??
ZZ	1393	29455	  1	  9	  6	  0	371189	371189	371189	371189	371156	371156	371156	371156	371246	371246	371246	371246	371199	371199	371199	371199	371219	371219	371219	371219	??
ZZ	1394	29476	  1	  9	  6	  0	371159	371159	371159	371175	371175	371175	371175	371258	371258	371258	371258	371167	371167	371167	371167	371207	371207	371207	371207	371193	??
ZZ	1395	29497	  1	  9	  6	  0	371193	371193	371227	371227	371227	371227	371256	371256	371256	371256	371288	371288	371288	371288	371263	371263	371263	371263	371182	371182	??
ZZ	1396	29518	  1	  9	  6	  0	371182	371286	371286	371286	371286	371246	371246	371246	371246	371209	371209	371209	371209	371204	371204	371204	371204	371204	371204	371204	??
ZZ	1397	29540	  1	  9	  6	  0	371114	371114	371114	371114	371227	371227	371227	371227	371153	371153	371153	371153	371190	371190	371190	371190	371191	371191	371191	371191	??
ZZ	1398	29561	  1	  9	  6	  0	371118	371118	371118	371248	371248	371248	371248	371155	371155	371155	371155	371197	371197	371197	371197	371257	371257	371257	371257	371173	??
ZZ	1399	29582	  1	  9	  6	  0	371173	371173	371287	371287	371287	371287	371216	371216	371216	371216	371192	371192	371192	371192	371155	371155	371155	371155	371112	371112	??
ZZ	1400	29603	  1	  8	 10	  0	371112	371197	371197	371197	371197	371208	371208	371208	371208	371212	371212	371212	371212	371125	371125	371125	371125	371167	371167	371167	??
ZZ	1401	29624	  1	  8	 10	  0	371158	371158	371158	371158	371238	371238	371238	371238	371266	371266	371266	371266	371192	371192	371192	371192	371317	371317	371317	371317	??
ZZ	1402	29645	  1	  8	 10	  0	371250	371250	371250	371278	371278	371278	371278	371219	371219	371219	371219	371199	371199	371199	371199	371106	371106	371106	371106	371182	??
ZZ	1403	29667	  1	  8	 10	  0	371182	371182	371135	371135	371135	371135	371281	371281	371281	371281	371132	371132	371132	371132	371182	371182	371182	371182	371167	371167	??
ZZ	1404	29688	  1	  8	 10	  0	371167	371164	371164	371164	371164	371216	371216	371216	371216	371152	371152	371152	371152	371175	371175	371175	371175	371106	371106	371106	??
ZZ	1405	29709	  1	  8	 10	  0	371080	371080	371080	371080	371144	371144	371144	371144	371170	371170	371170	371170	371138	371138	371138	371138	371288	371288	371288	371288	??
ZZ	1406	29730	  1	  8	 10	  0	371080	371080	371080	371176	371176	371176	371176	371193	371193	371193	371193	371194	371194	371194	371194	371169	371169	371169	371169	371197	??
ZZ	1407	29751	  1	  8	 10	  0	371197	371197	371212	371212	371212	371212	371244	371244	371244	371244	371204	371204	371204	371204	371185	371185	371185	371185	371163	371163	??
ZZ	1408	29772	  1	  8	 10	  0	371163	371170	371170	371170	371170	371140	371140	371140	371140	371189	371189	371189	371189	371129	371129	371129	371129	371163	371163	371163	??
ZZ	1409	29793	  1	  8	 10	  0	371257	371257	371257	371257	371242	371242	371242	371242	371213	371213	371213	371213	371178	371178	371178	371178	371142	371142	371142	371142	??
ZZ	1410	29815	  1	  6	  5	  0	371186	371186	371186	371341	371341	371341	371341	371172	371172	371172	371172	371270	371270	371270	371270	371212	371212	371212	371212	371208	??
ZZ	1411	29836	  1	  6	  5	  0	371208	371208	371174	371174	371174	371174	371265	371265	371265	371265	371223	371223	371223	371223	371125	371125	371125	371125	371203	371203	??
ZZ	1412	29857	  1	  6	  5	  0	371203	371159	371159	371159	371159	371175	371175	371175	371175	371186	371186	371186	371186	371122	371122	371122	371122	371204	371204	371204	??
ZZ	1413	29878	  1	  6	  5	  0	371171	371171	371171	371171	371076	371076	371076	371076	371105	371105	371105	371105	371174	371174	371174	371174	371148	371148	371148	371148	??
ZZ	1414	29899	  1	  6	  5	  0	371148	371148	371148	371192	371192	371192	371192	371148	371148	371148	371148	371143	371143	371143	371143	371174	371174	371174	371174	371198	??
ZZ	1415	29920	  1	  6	  5	  0	371198	371198	371195	371195	371195	371195	371232	371232	371232	371232	371188	371188	371188	371188	371163	371163	371163	371163	371133	371133	??
ZZ	1416	29942	  1	  6	  5	  0	371133	371171	371171	371171	371171	371201	371201	371201	371201	371325	371325	371325	371325	371196	371196	371196	371196	371193	371193	371193	??
ZZ	1417	29963	  1	  6	  5	  0	371129	371129	371129	371129	371179	371179	371179	371179	371190	371190	371190	371190	371257	371257	371257	371257	371219	371219	371219	371219	??
ZZ	1418	29984	  1	  6	  5	  0	371247	371247	371247	371192	371192	371192	371192	371061	371061	371061	371061	371140	371140	371140	371140	371102	371102	371102	371102	371325	??
ZZ	1419	30005	  1	  6	  5	  0	371325	371325	371308	371308	371308	371308	371233	371233	371233	371233	371182	371182	371182	371182	371179	371179	371179	371179	371170	371170	??
ZZ	1420	30026	  1	  5	  5	  0	371170	371167	371167	371167	371167	371107	371107	371107	371107	371220	371220	371220	371220	370994	370994	370994	370994	371123	371123	371123	??
ZZ	1421	30047	  1	  5	  5	  0	371204	371204	371204	371204	371163	371163	371163	371163	371188	371188	371188	371188	371145	371145	371145	371145	371200	371200	371200	371200	??
ZZ	1422	30068	  1	  5	  5	  0	371205	371205	371205	371290	371290	371290	371290	371235	371235	371235	371235	371009	371009	371009	371009	371276	371276	371276	371276	371197	??
ZZ	1423	30090	  1	  5	  5	  0	371197	371197	371118	371118	371118	371118	371242	371242	371242	371242	371215	371215	371215	371215	371141	371141	371141	371141	371231	371231	??
ZZ	1424	30111	  1	  5	  5	  0	371231	371140	371140	371140	371140	371148	371148	371148	371148	371160	371160	371160	371160	371197	371197	371197	371197	371208	371208	371208	??
ZZ	1425	30132	  1	  5	  5	  0	371180	371180	371180	371180	371251	371251	371251	371251	371188	371188	371188	371188	371216	371216	371216	371216	371175	371175	371175	371175	??
ZZ	1426	30153	  1	  5	  5	  0	371125	371125	371125	371253	371253	371253	371253	371197	371197	371197	371197	371222	371222	371222	371222	371198	371198	371198	371198	371242	??
ZZ	1427	30174	  1	  5	  5	  0	371242	371242	371213	371213	371213	371213	371185	371185	371185	371185	371188	371188	371188	371188	371317	371317	371317	371317	371088	371088	??
ZZ	1428	30195	  1	  5	  5	  0	371088	371160	371160	371160	371160	371144	371144	371144	371144	371160	371160	371160	371160	371166	371166	371166	371166	371182	371182	371182	??
ZZ	1429	30217	  1	  5	  5	  0	371137	371137	371137	371137	371181	371181	371181	371181	371301	371301	371301	371301	371207	371207	371207	371207	371103	371103	371103	371103	??
ZZ	1430	30238	  0	  7	 10	  0	371155	371155	371155	371167	371167	371167	371167	371200	371200	371200	371200	371095	371095	371095	371095	371153	371153	371153	371153	371169	??
ZZ	1431	30259	  0	  7	 10	  0	371169	371169	370986	370986	370986	370986	371077	371077	371077	371077	371159	371159	371159	371159	371179	371179	371179	371179	371137	371137	??
ZZ	1432	30280	  0	  7	 10	  0	371137	371000	371000	371000	371000	371079	371079	371079	371079	371267	371267	371267	371267	371174	371174	371174	371174	371212	371212	371212	??
ZZ	1433	30301	  0	  7	 10	  0	371115	371115	371115	371115	371178	371178	371178	371178	371162	371162	371162	371162	371061	371061	371061	371061	371201	371201	371201	371201	??
ZZ	1434	30322	  0	  7	 10	  0	371156	371156	371156	371245	371245	371245	371245	371188	371188	371188	371188	371155	371155	371155	371155	371178	371178	371178	371178	371103	??
ZZ	1435	30343	  0	  7	 10	  0	371103	371103	371237	371237	371237	371237	371186	371186	371186	371186	371162	371162	371162	371162	371035	371035	371035	371035	371144	371144	??
ZZ	1436	30365	  0	  7	 10	  0	371144	371216	371216	371216	371216	371268	371268	371268	371268	371250	371250	371250	371250	371171	371171	371171	371171	371204	371204	371204	??
ZZ	1437	30386	  0	  7	 10	  0	371233	371233	371233	371233	371216	371216	371216	371216	371208	371208	371208	371208	371283	371283	371283	371283	371148	371148	371148	371148	??
ZZ	1438	30407	  0	  7	 10	  0	371234	371234	371234	371162	371162	371162	371162	371076	371076	371076	371076	371137	371137	371137	371137	371107	371107	371107	371107	371227	??
ZZ	1439	30428	  0	  7	 10	  0	371227	371227	371181	371181	371181	371181	371152	371152	371152	371152	371148	371148	371148	371148	371182	371182	371182	371182	371219	371219	??
ZZ	1440	30449	  0	  7	 10	  0	371219	371199	371199	371199	371199	371223	371223	371223	371223	371224	371224	371224	371224	371205	371205	371205	371205	371223	371223	371223	??
ZZ	1441	30470	  0	  7	 10	  0	371182	371182	371182	371182	371228	371228	371228	371228	371042	371042	371042	371042	371167	371167	371167	371167	371330	371330	371330	371330	??
ZZ	1442	30492	  0	  5	 13	  0	371223	371223	371223	371215	371215	371215	371215	371266	371266	371266	371266	371174	371174	371174	371174	371208	371208	371208	371208	371069	??
ZZ	1443	30513	  0	  5	 13	  0	371069	371069	371159	371159	371159	371159	371138	371138	371138	371138	371189	371189	371189	371189	371161	371161	371161	371161	371073	371073	??
ZZ	1444	30534	  0	  5	 13	  0	371073	371118	371118	371118	371118	371124	371124	371124	371124	371107	371107	371107	371107	371204	371204	371204	371204	371187	371187	371187	??
ZZ	1445	30555	  0	  5	 13	  0	371159	371159	371159	371159	371065	371065	371065	371065	371161	371161	371161	371161	371261	371261	371261	371261	371164	371164	371164	371164	??
ZZ	1446	30576	  0	  5	 13	  0	371201	371201	371201	371140	371140	371140	371140	371172	371172	371172	371172	371209	371209	371209	371209	371125	371125	371125	371125	371196	??
ZZ	1447	30597	  0	  5	 13	  0	371196	371196	371231	371231	371231	371231	371133	371133	371133	371133	371192	371192	371192	371192	371129	371129	371129	371129	371177	371177	??
ZZ	1448	30619	  0	  5	 13	  0	371177	371202	371202	371202	371202	371265	371265	371265	371265	371241	371241	371241	371241	371118	371118	371118	371118	371265	371265	371265	??
ZZ	1449	30640	  0	  5	 13	  0	371152	371152	371152	371152	371080	371080	371080	371080	371144	371144	371144	371144	371088	371088	371088	371088	371232	371232	371232	371232	??
ZZ	1450	30661	  0	  3	 10	  0	371148	371148	371148	371223	371223	371223	371223	371295	371295	371295	371295	371216	371216	371216	371216	371219	371219	371219	371219	371137	??
ZZ	1451	30682	  0	  3	 10	  0	371137	371137	371143	371143	371143	371143	371137	371137	371137	371137	371200	371200	371200	371200	371193	371193	371193	371193	371268	371268	??
ZZ	1452	30703	  0	  3	 10	  0	371268	371257	371257	371257	371257	371179	371179	371179	371179	371069	371069	371069	371069	371189	371189	371189	371189	371084	371084	371084	??
ZZ	1453	30724	  0	  3	 10	  0	371175	371175	371175	371175	371130	371130	371130	371130	371206	371206	371206	371206	371177	371177	371177	371177	371148	371148	371148	371148	??
ZZ	1454	30745	  0	  3	 10	  0	371344	371344	371344	371210	371210	371210	371210	371125	371125	371125	371125	371269	371269	371269	371269	371194	371194	371194	371194	371121	??
ZZ	1455	30766	  0	  3	 10	  0	371121	371121	371257	371257	371257	371257	371196	371196	371196	371196	371179	371179	371179	371179	371142	371142	371142	371142	371239	371239	??
ZZ	1456	30788	  0	  3	 10	  0	371239	371181	371181	371181	371181	371181	371181	371181	371181	371088	371088	371088	371088	371170	371170	371170	371170	371152	371152	371152	??
ZZ	1457	30809	  0	  3	 10	  0	371216	371216	371216	371216	371069	371069	371069	371069	371156	371156	371156	371156	371227	371227	371227	371227	371200	371200	371200	371200	??
ZZ	1458	30830	  0	  3	 10	  0	371110	371110	371110	371208	371208	371208	371208	371196	371196	371196	371196	371144	371144	371144	371144	371159	371159	371159	371159	371160	??
ZZ	1459	30851	  0	  3	 10	  0	371160	371160	371192	371192	371192	371192	371281	371281	371281	371281	371204	371204	371204	371204	371209	371209	371209	371209	371218	371218	??
ZZ	1460	30872	  0	  7	  8	  0	371218	371155	371155	371155	371155	371163	371163	371163	371163	371143	371143	371143	371143	371269	371269	371269	371269	371137	371137	371137	??
ZZ	1461	30894	  0	  7	  8	  0	371198	371198	371198	371198	371281	371281	371281	371281	371250	371250	371250	371250	371185	371185	371185	371185	371249	371249	371249	371249	??
ZZ	1462	30915	  0	  7	  8	  0	371218	371218	371218	371167	371167	371167	371167	371212	371212	371212	371212	371214	371214	371214	371214	371140	371140	371140	371140	371198	??
ZZ	1463	30936	  0	  7	  8	  0	371198	371198	371192	371192	371192	371192	371099	371099	371099	371099	371236	371236	371236	371236	371251	371251	371251	371251	371208	371208	??
ZZ	1464	30957	  0	  7	  8	  0	371208	371194	371194	371194	371194	371144	371144	371144	371144	371247	371247	371247	371247	371196	371196	371196	371196	371174	371174	371174	??
ZZ	1465	30978	  0	  7	  8	  0	371137	371137	371137	371137	371148	371148	371148	371148	371144	371144	371144	371144	371182	371182	371182	371182	371145	371145	371145	371145	??
ZZ	1466	30999	  0	  7	  8	  0	371246	371246	371246	371121	371121	371121	371121	371212	371212	371212	371212	371167	371167	371167	371167	371217	371217	371217	371217	371121	??
ZZ	1467	31020	  0	  7	  8	  0	371121	371121	371155	371155	371155	371155	371170	371170	371170	371170	371175	371175	371175	371175	371198	371198	371198	371198	371152	371152	??
ZZ	1468	31041	  0	  7	  8	  0	371152	371191	371191	371191	371191	371183	371183	371183	371183	371087	371087	371087	371087	371212	371212	371212	371212	371174	371174	371174	??
ZZ	1469	31063	  0	  7	  8	  0	371212	371212	371212	371212	371254	371254	371254	371254	371209	371209	371209	371209	371118	371118	371118	371118	371165	371165	371165	371165	??
ZZ	1470	31084	  1	 14	 14	  0	371265	371265	371265	371216	371216	371216	371216	371192	371192	371192	371192	371253	371253	371253	371253	371212	371212	371212	371212	371234	??
ZZ	1471	31105	  1	 14	 14	  0	371234	371234	371249	371249	371249	371249	371171	371171	371171	371171	371281	371281	371281	371281	371084	371084	371084	371084	371167	371167	??
ZZ	1472	31126	  1	 14	 14	  0	371167	371276	371276	371276	371276	371129	371129	371129	371129	371199	371199	371199	371199	371174	371174	371174	371174	371287	371287	371287	??
ZZ	1473	31147	  1	 14	 14	  0	371249	371249	371249	371249	371189	371189	371189	371189	371226	371226	371226	371226	371091	371091	371091	371091	371253	371253	371253	371253	??
ZZ	1474	31168	  1	 14	 14	  0	371188	371188	371188	371091	371091	371091	371091	371249	371249	371249	371249	371173	371173	371173	371173	371234	371234	371234	371234	371265	??
ZZ	1475	31190	  1	 14	 14	  0	371265	371265	371179	371179	371179	371179	371144	371144	371144	371144	371203	371203	371203	371203	371189	371189	371189	371189	371103	371103	??
ZZ	1476	31211	  1	 14	 14	  0	371103	371105	371105	371105	371105	371201	371201	371201	371201	371009	371009	371009	371009	371148	371148	371148	371148	371170	371170	371170	??
ZZ	1477	31232	  1	 14	 14	  0	371242	371242	371242	371242	371204	371204	371204	371204	371137	371137	371137	371137	371222	371222	371222	371222	371190	371190	371190	371190	??
ZZ	1478	31253	  1	 14	 14	  0	371193	371193	371193	371191	371191	371191	371191	371110	371110	371110	371110	371106	371106	371106	371106	371145	371145	371145	371145	371197	??
ZZ	1479	31274	  1	 14	 14	  0	371197	371197	371321	371321	371321	371321	371178	371178	371178	371178	371307	371307	371307	371307	371106	371106	371106	371106	371208	371208	??
ZZ	1480	31295	  1	 14	 14	  0	371208	371219	371219	371219	371219	371224	371224	371224	371224	371114	371114	371114	371114	371208	371208	371208	371208	371175	371175	371175	??
ZZ	1481	31316	  1	 14	 14	  0	371099	371099	371099	371099	371174	371174	371174	371174	371173	371173	371173	371173	371283	371283	371283	371283	371214	371214	371214	371214	??
ZZ	1482	31338	  1	 14	 14	  0	371193	371193	371193	371137	371137	371137	371137	371182	371182	371182	371182	371159	371159	371159	371159	371194	371194	371194	371194	371203	??
ZZ	1483	31359	  1	 13	 15	  0	371203	371203	371167	371167	371167	371167	371194	371194	371194	371194	371167	371167	371167	371167	371148	371148	371148	371148	371226	371226	??
ZZ	1484	31380	  1	 13	 15	  0	371226	371125	371125	371125	371125	371213	371213	371213	371213	371220	371220	371220	371220	371129	371129	371129	371129	371212	371212	371212	??
ZZ	1485	31401	  1	 13	 15	  0	371221	371221	371221	371221	371246	371246	371246	371246	371213	371213	371213	371213	371291	371291	371291	371291	371219	371219	371219	371219	??
ZZ	1486	31422	  1	 13	 15	  0	371177	371177	371177	371227	371227	371227	371227	371249	371249	371249	371249	371246	371246	371246	371246	371178	371178	371178	371178	371223	??
ZZ	1487	31443	  1	 13	 15	  0	371223	371223	371193	371193	371193	371193	371238	371238	371238	371238	371204	371204	371204	371204	371189	371189	371189	371189	371167	371167	??
ZZ	1488	31465	  1	 13	 15	  0	371167	371170	371170	371170	371170	371232	371232	371232	371232	371198	371198	371198	371198	371193	371193	371193	371193	371227	371227	371227	??
ZZ	1489	31486	  1	 13	 15	  0	371321	371321	371321	371321	371251	371251	371251	371251	371266	371266	371266	371266	371183	371183	371183	371183	371315	371315	371315	371315	??
ZZ	1490	31507	  2	 10	 13	  0	371332	371332	371332	371226	371226	371226	371226	371242	371242	371242	371242	371125	371125	371125	371125	371164	371164	371164	371164	371145	??
ZZ	1491	31528	  2	 10	 13	  0	371145	371145	371076	371076	371076	371076	371124	371124	371124	371124	371092	371092	371092	371092	371145	371145	371145	371145	371182	371182	??
ZZ	1492	31549	  2	 10	 13	  0	371182	371227	371227	371227	371227	371182	371182	371182	371182	371182	371182	371182	371182	371193	371193	371193	371193	371147	371147	371147	??
ZZ	1493	31570	  2	 10	 13	  0	371216	371216	371216	371216	371155	371155	371155	371155	371188	371188	371188	371188	371268	371268	371268	371268	371233	371233	371233	371233	??
ZZ	1494	31592	  2	 10	 13	  0	371141	371141	371141	371115	371115	371115	371115	371160	371160	371160	371160	371076	371076	371076	371076	371243	371243	371243	371243	371162	??
ZZ	1495	31613	  2	 10	 13	  0	371162	371162	371204	371204	371204	371204	371218	371218	371218	371218	371167	371167	371167	371167	371167	371167	371167	371167	371166	371166	??
ZZ	1496	31634	  2	 10	 13	  0	371166	371231	371231	371231	371231	371129	371129	371129	371129	371183	371183	371183	371183	371272	371272	371272	371272	371193	371193	371193	??
ZZ	1497	31655	  2	 10	 13	  0	371216	371216	371216	371216	371114	371114	371114	371114	371129	371129	371129	371129	371227	371227	371227	371227	371160	371160	371160	371160	??
ZZ	1498	31676	  2	 10	 13	  0	371167	371167	371167	371095	371095	371095	371095	371197	371197	371197	371197	371150	371150	371150	371150	371133	371133	371133	371133	371261	??
ZZ	1499	31697	  2	 10	 13	  0	371261	371261	371154	371154	371154	371154	371295	371295	371295	371295	371148	371148	371148	371148	371197	371197	371197	371197	371280	371280	??
ZZ	1500	31718	  2	  7	 11	  0	371280	371168	371168	371168	371168	371197	371197	371197	371197	371155	371155	371155	371155	371161	371161	371161	371161	371238	371238	371238	??
ZZ	1501	31740	  2	  7	 11	  0	371200	371200	371200	371200	371192	371192	371192	371192	371110	371110	371110	371110	371140	371140	371140	371140	371310	371310	371310	371310	??
ZZ	1502	31761	  2	  7	 11	  0	371058	371058	371058	371186	371186	371186	371186	371198	371198	371198	371198	371197	371197	371197	371197	371188	371188	371188	371188	371058	??
ZZ	1503	31782	  2	  7	 11	  0	371058	371058	371114	371114	371114	371114	371108	371108	371108	371108	371234	371234	371234	371234	371174	371174	371174	371174	371152	371152	??
ZZ	1504	31803	  2	  7	 11	  0	371152	371204	371204	371204	371204	371184	371184	371184	371184	371190	371190	371190	371190	371201	371201	371201	371201	371152	371152	371152	??
ZZ	1505	31824	  2	  7	 11	  0	371310	371310	371310	371310	371223	371223	371223	371223	371179	371179	371179	371179	371178	371178	371178	371178	371161	371161	371161	371161	??
ZZ	1506	31845	  2	  7	 11	  0	371182	371182	371182	371213	371213	371213	371213	371166	371166	371166	371166	371136	371136	371136	371136	371209	371209	371209	371209	371157	??
ZZ	1507	31866	  2	  7	 11	  0	371157	371157	371253	371253	371253	371253	371186	371186	371186	371186	371185	371185	371185	371185	371167	371167	371167	371167	371175	371175	??
ZZ	1508	31888	  2	  7	 11	  0	371175	371077	371077	371077	371077	371276	371276	371276	371276	371172	371172	371172	371172	371189	371189	371189	371189	371216	371216	371216	??
ZZ	1509	31909	  2	  7	 11	  0	371211	371211	371211	371211	371213	371213	371213	371213	371203	371203	371203	371203	371129	371129	371129	371129	371163	371163	371163	371163	??
ZZ	1510	31930	  0	  0	  0	  0	371181	371181	371181	371185	371185	371185	371185	371227	371227	371227	371227	371213	371213	371213	371213	371110	371110	371110	371110	371204	??
ZZ	1511	31951	  0	  0	  0	  0	371204	371204	371107	371107	371107	371107	371253	371253	371253	371253	371199	371199	371199	371199	371219	371219	371219	371219	371238	371238	??
ZZ	1512	31972	  0	  0	  0	  0	371238	371235	371235	371235	371235	371188	371188	371188	371188	371224	371224	371224	371224	371165	371165	371165	371165	371141	371141	371141	??
ZZ	1513	31993	  0	  0	  0	  0	371181	371181	371181	371181	371123	371123	371123	371123	371091	371091	371091	371091	371097	371097	371097	371097	371121	371121	371121	371121	??
ZZ	1514	32014	  0	  0	  0	  0	371257	371257	371257	371156	371156	371156	371156	371155	371155	371155	371155	371163	371163	371163	371163	371185	371185	371185	371185	371058	??
ZZ	1515	32035	  0	  0	  0	  0	371058	371058	371164	371164	371164	371164	371159	371159	371159	371159	371234	371234	371234	371234	371172	371172	371172	371172	371276	371276	??
ZZ	1516	32057	  0	  0	  0	  0	371276	371210	371210	371210	371210	371217	371217	371217	371217	371137	371137	371137	371137	371152	371152	371152	371152	371140	371140	371140	??
ZZ	1517	32078	  0	  0	  0	  0	371185	371185	371185	371185	371125	371125	371125	371125	371178	371178	371178	371178	371159	371159	371159	371159	371149	371149	371149	371149	??
ZZ	1518	32099	  0	  0	  0	  0	371110	371110	371110	371155	371155	371155	371155	371196	371196	371196	371196	371106	371106	371106	371106	371171	371171	371171	371171	371154	??
ZZ	1519	32120	  0	  0	  0	  0	371154	371154	371103	371103	371103	371103	371148	371148	371148	371148	371143	371143	371143	371143	371261	371261	371261	371261	371214	371214	??
ZZ	1520	32141	  0	  0	  0	  0	371214	371179	371179	371179	371179	371144	371144	371144	371144	371128	371128	371128	371128	371216	371216	371216	371216	371265	371265	371265	??
ZZ	1521	32163	  0	  0	  0	  0	371192	371192	371192	371192	371099	371099	371099	371099	371147	371147	371147	371147	371125	371125	371125	371125	371114	371114	371114	371114	??
ZZ	1522	32184	  0	  0	  0	  0	371079	371079	371079	371280	371280	371280	371280	371133	371133	371133	371133	371202	371202	371202	371202	371198	371198	371198	371198	371212	??
ZZ	1523	32205	  0	  0	  0	  0	371212	371212	371181	371181	371181	371181	371179	371179	371179	371179	371158	371158	371158	371158	371140	371140	371140	371140	371171	371171	??
ZZ	1524	32226	  0	  0	  0	  0	371171	371169	371169	371169	371169	371046	371046	371046	371046	371268	371268	371268	371268	371188	371188	371188	371188	371189	371189	371189	??
ZZ	1525	32247	  0	  0	  0	  0	371265	371265	371265	371265	371204	371204	371204	371204	371171	371171	371171	371171	371192	371192	371192	371192	371148	371148	371148	371148	??
ZZ	1526	32268	  0	  0	  0	  0	371208	371208	371208	371168	371168	371168	371168	371125	371125	371125	371125	371133	371133	371133	371133	371147	371147	371147	371147	371231	??
ZZ	1527	32289	  0	  0	  0	  0	371231	371231	371268	371268	371268	371268	371207	371207	371207	371207	371137	371137	371137	371137	371155	371155	371155	371155	371201	371201	??
ZZ	1528	32310	  0	  0	  0	  0	371201	371129	371129	371129	371129	371174	371174	371174	371174	371133	371133	371133	371133	371246	371246	371246	371246	371190	371190	371190	??
ZZ	1529	32332	  0	  0	  0	  0	371137	371137	371137	371137	371121	371121	371121	371121	371146	371146	371146	371146	371121	371121	371121	371121	371152	371152	371152	371152	??
ZZ	1530	32353	  0	  0	  0	  0	371201	371201	371201	371125	371125	371125	371125	371167	371167	371167	371167	371272	371272	371272	371272	371280	371280	371280	371280	371211	??
ZZ	1531	32374	  0	  0	  0	  0	371211	371211	371212	371212	371212	371212	371234	371234	371234	371234	371224	371224	371224	371224	371133	371133	371133	371133	371187	371187	??
ZZ	1532	32395	  0	  0	  0	  0	371187	371204	371204	371204	371204	371163	371163	371163	371163	371216	371216	371216	371216	371224	371224	371224	371224	371155	371155	371155	??
ZZ	1533	32416	  0	  0	  0	  0	371192	371192	371192	371192	371197	371197	371197	371197	371215	371215	371215	371215	371234	371234	371234	371234	371257	371257	371257	371257	??
ZZ	1534	32437	  0	  0	  0	  0	371191	371191	371191	371166	371166	371166	371166	371212	371212	371212	371212	371178	371178	371178	371178	371084	371084	371084	371084	371197	??
ZZ	1535	32458	  0	  0	  0	  0	371197	371197	371149	371149	371149	371149	371254	371254	371254	371254	371227	371227	371227	371227	371193	371193	371193	371193	371194	371194	??
ZZ	1536	32480	  0	  0	  0	  0	371194	371181	371181	371181	371181	371281	371281	371281	371281	371182	371182	371182	371182	371217	371217	371217	371217	371243	371243	371243	??
ZZ	1537	32501	  0	  0	  0	  0	371243	371243	371243	371243	371277	371277	371277	371277	371114	371114	371114	371114	371223	371223	371223	371223	371201	371201	371201	371201	??
ZZ	1538	32522	  0	  0	  0	  0	371035	371035	371035	371171	371171	371171	371171	371260	371260	371260	371260	371257	371257	371257	371257	371231	371231	371231	371231	371129	??
ZZ	1539	32543	  0	  0	  0	  0	371129	371129	371222	371222	371222	371222	371184	371184	371184	371184	371050	371050	371050	371050	371160	371160	371160	371160	371227	371227	??
ZZ	1540	32564	  0	  0	  0	  0	371227	371183	371183	371183	371183	371225	371225	371225	371225	371225	371225	371225	371225	371301	371301	371301	371301	371237	371237	371237	??
ZZ	1541	32585	  0	  0	  0	  0	371178	371178	371178	371178	371163	371163	371163	371163	371138	371138	371138	371138	371194	371194	371194	371194	371112	371112	371112	371112	??
ZZ	1542	32606	  0	  0	  0	  0	371197	371197	371197	371175	371175	371175	371175	371204	371204	371204	371204	371129	371129	371129	371129	371095	371095	371095	371095	371172	??
ZZ	1543	32628	  0	  0	  0	  0	371172	371172	371125	371125	371125	371125	371185	371185	371185	371185	371140	371140	371140	371140	371118	371118	371118	371118	371100	371100	??
ZZ	1544	32649	  0	  0	  0	  0	371100	371268	371268	371268	371268	371137	371137	371137	371137	371200	371200	371200	371200	371027	371027	371027	371027	371242	371242	371242	??
ZZ	1545	32670	  0	  0	  0	  0	371125	371125	371125	371125	371268	371268	371268	371268	371159	371159	371159	371159	371148	371148	371148	371148	371182	371182	371182	371182	??
ZZ	1546	32691	  0	  0	  0	  0	371126	371126	371126	371132	371132	371132	371132	371220	371220	371220	371220	371131	371131	371131	371131	371257	371257	371257	371257	371156	??
ZZ	1547	32712	  0	  0	  0	  0	371156	371156	371199	371199	371199	371199	371186	371186	371186	371186	371230	371230	371230	371230	371182	371182	371182	371182	371216	371216	??
ZZ	1548	32733	  0	  0	  0	  0	371216	371223	371223	371223	371223	371216	371216	371216	371216	371185	371185	371185	371185	371207	371207	371207	371207	371152	371152	371152	??
ZZ	1549	32755	  0	  0	  0	  0	371237	371237	371237	371237	371191	371191	371191	371191	371152	371152	371152	371152	371206	371206	371206	371206	371216	371216	371216	371216	??
ZZ	1550	32776	  0	  0	  0	  0	371171	371171	371171	371173	371173	371173	371173	371167	371167	371167	371167	371257	371257	371257	371257	371220	371220	371220	371220	371247	??
ZZ	1551	32797	  0	  0	  0	  0	371247	371247	371200	371200	371200	371200	371193	371193	371193	371193	371174	371174	371174	371174	371154	371154	371154	371154	371009	371009	??
ZZ	1552	32818	  0	  0	  0	  0	371009	371137	371137	371137	371137	371082	371082	371082	371082	371288	371288	371288	371288	371061	371061	371061	371061	371151	371151	371151	??
ZZ	1553	32839	  0	  0	  0	  0	371118	371118	371118	371118	371186	371186	371186	371186	371171	371171	371171	371171	371197	371197	371197	371197	371217	371217	371217	371217	??
ZZ	1554	32860	  0	  0	  0	  0	371174	371174	371174	371208	371208	371208	371208	371166	371166	371166	371166	371132	371132	371132	371132	371182	371182	371182	371182	371208	??
ZZ	1555	32882	  0	  0	  0	  0	371208	371208	371137	371137	371137	371137	371268	371268	371268	371268	371226	371226	371226	371226	371126	371126	371126	371126	371139	371139	??
ZZ	1556	32903	  0	  0	  0	  0	371139	371141	371141	371141	371141	371224	371224	371224	371224	371185	371185	371185	371185	371280	371280	371280	371280	371285	371285	371285	??
ZZ	1557	32924	  0	  0	  0	  0	371184	371184	371184	371184	371268	371268	371268	371268	371154	371154	371154	371154	371197	371197	371197	371197	371276	371276	371276	371276	??
ZZ	1558	32945	  0	  0	  0	  0	371222	371222	371222	371182	371182	371182	371182	371198	371198	371198	371198	371200	371200	371200	371200	371219	371219	371219	371219	371099	??
ZZ	1559	32966	  0	  0	  0	  0	371099	371099	371195	371195	371195	371195	371262	371262	371262	371262	371289	371289	371289	371289	371291	371291	371291	371291	371216	371216	??
ZZ	1560	32987	  0	  0	  0	  0	371216	371198	371198	371198	371198	371163	371163	371163	371163	371189	371189	371189	371189	371129	371129	371129	371129	371159	371159	371159	??
ZZ	1561	33008	  0	  0	  0	  0	371231	371231	371231	371231	371157	371157	371157	371157	371137	371137	371137	371137	371098	371098	371098	371098	371197	371197	371197	371197	??
ZZ	1562	33029	  0	  0	  0	  0	371246	371246	371246	371243	371243	371243	371243	371292	371292	371292	371292	371054	371054	371054	371054	371180	371180	371180	371180	371239	??
ZZ	1563	33051	  0	  0	  0	  0	371239	371239	371260	371260	371260	371260	371225	371225	371225	371225	371265	371265	371265	371265	371191	371191	371191	371191	371261	371261	??
ZZ	1564	33072	  0	  0	  0	  0	371261	371088	371088	371088	371088	371188	371188	371188	371188	371088	371088	371088	371088	371291	371291	371291	371291	371181	371181	371181	??
ZZ	1565	33093	  0	  0	  0	  0	371257	371257	371257	371257	371216	371216	371216	371216	371179	371179	371179	371179	371265	371265	371265	371265	371197	371197	371197	371197	??
ZZ	1566	33114	  0	  0	  0	  0	371163	371163	371163	371210	371210	371210	371210	371212	371212	371212	371212	371218	371218	371218	371218	371148	371148	371148	371148	371176	??
ZZ	1567	33135	  0	  0	  0	  0	371176	371176	371125	371125	371125	371125	371223	371223	371223	371223	371197	371197	371197	371197	371249	371249	371249	371249	371192	371192	??
ZZ	1568	33156	  0	  0	  0	  0	371192	371153	371153	371153	371153	371201	371201	371201	371201	371175	371175	371175	371175	371178	371178	371178	371178	371099	371099	371099	??
ZZ	1569	33178	  0	  0	  0	  0	371217	371217	371217	371217	370982	370982	370982	370982	371141	371141	371141	371141	371133	371133	371133	371133	371201	371201	371201	371201	??
ZZ	1570	33199	  0	  0	  0	  0	371174	371174	371174	371001	371001	371001	371001	371227	371227	371227	371227	371120	371120	371120	371120	371027	371027	371027	371027	371272	??
ZZ	1571	33220	  0	  0	  0	  0	371272	371272	371156	371156	371156	371156	371253	371253	371253	371253	371223	371223	371223	371223	371302	371302	371302	371302	371144	371144	??
ZZ	1572	33241	  0	  0	  0	  0	371144	371187	371187	371187	371187	371268	371268	371268	371268	371163	371163	371163	371163	371249	371249	371249	371249	371268	371268	371268	??
ZZ	1573	33262	  0	  0	  0	  0	371268	371268	371268	371268	371253	371253	371253	371253	371266	371266	371266	371266	371179	371179	371179	371179	371209	371209	371209	371209	??
ZZ	1574	33283	  0	  0	  0	  0	371076	371076	371076	371144	371144	371144	371144	371110	371110	371110	371110	371186	371186	371186	371186	371132	371132	371132	371132	371023	??
ZZ	1575	33304	  0	  0	  0	  0	371023	371023	371121	371121	371121	371121	371113	371113	371113	371113	371084	371084	371084	371084	371170	371170	371170	371170	371174	371174	??
ZZ	1576	33325	  0	  0	  0	  0	371174	371193	371193	371193	371193	371145	371145	371145	371145	371141	371141	371141	371141	371265	371265	371265	371265	371210	371210	371210	??
ZZ	1577	33347	  0	  0	  0	  0	371219	371219	371219	371219	371159	371159	371159	371159	371139	371139	371139	371139	371283	371283	371283	371283	371173	371173	371173	371173	??
ZZ	1578	33368	  0	  0	  0	  0	371076	371076	371076	371189	371189	371189	371189	371161	371161	371161	371161	371148	371148	371148	371148	371179	371179	371179	371179	371147	??
ZZ	1579	33389	  0	  0	  0	  0	371147	371147	371182	371182	371182	371182	371219	371219	371219	371219	371202	371202	371202	371202	371099	371099	371099	371099	371145	371145	??
ZZ	1580	33410	  2	  4	  9	  0	371145	371148	371148	371148	371148	371231	371231	371231	371231	371197	371197	371197	371197	371114	371114	371114	371114	371212	371212	371212	??
ZZ	1581	33431	  2	  4	  9	  0	371170	371170	371170	371170	371189	371189	371189	371189	371137	371137	371137	371137	371157	371157	371157	371157	371148	371148	371148	371148	??
ZZ	1582	33452	  2	  4	  9	  0	371242	371242	371242	371291	371291	371291	371291	371197	371197	371197	371197	371175	371175	371175	371175	371209	371209	371209	371209	371152	??
ZZ	1583	33474	  2	  4	  9	  0	371152	371152	371164	371164	371164	371164	371039	371039	371039	371039	371101	371101	371101	371101	371216	371216	371216	371216	371182	371182	??
ZZ	1584	33495	  2	  4	  9	  0	371182	371222	371222	371222	371222	371205	371205	371205	371205	371253	371253	371253	371253	371208	371208	371208	371208	371121	371121	371121	??
ZZ	1585	33516	  2	  4	  9	  0	371298	371298	371298	371298	371226	371226	371226	371226	371243	371243	371243	371243	371214	371214	371214	371214	371227	371227	371227	371227	??
ZZ	1586	33537	  2	  4	  9	  0	371239	371239	371239	371224	371224	371224	371224	371235	371235	371235	371235	371227	371227	371227	371227	371153	371153	371153	371153	371209	??
ZZ	1587	33558	  2	  4	  9	  0	371209	371209	371192	371192	371192	371192	371180	371180	371180	371180	371298	371298	371298	371298	371176	371176	371176	371176	371219	371219	??
ZZ	1588	33579	  2	  4	  9	  0	371219	371080	371080	371080	371080	371197	371197	371197	371197	371234	371234	371234	371234	371137	371137	371137	371137	371199	371199	371199	??
ZZ	1589	33600	  2	  4	  9	  0	371088	371088	371088	371088	371159	371159	371159	371159	371157	371157	371157	371157	371129	371129	371129	371129	371167	371167	371167	371167	??
ZZ	1590	33621	  2	  4	  9	  0	371141	371141	371141	371275	371275	371275	371275	371248	371248	371248	371248	371219	371219	371219	371219	371069	371069	371069	371069	371185	??
ZZ	1591	33643	  2	  4	  9	  0	371185	371185	371099	371099	371099	371099	371204	371204	371204	371204	371171	371171	371171	371171	371182	371182	371182	371182	371150	371150	??
ZZ	1592	33664	  2	  4	  9	  0	371150	371252	371252	371252	371252	371235	371235	371235	371235	371196	371196	371196	371196	371171	371171	371171	371171	371189	371189	371189	??
ZZ	1593	33685	  0	  6	 17	  0	371202	371202	371202	371202	371227	371227	371227	371227	371178	371178	371178	371178	371185	371185	371185	371185	371141	371141	371141	371141	??
ZZ	1594	33706	  0	  6	 17	  0	371127	371127	371127	371193	371193	371193	371193	371148	371148	371148	371148	371153	371153	371153	371153	371137	371137	371137	371137	371152	??
ZZ	1595	33727	  0	  6	 17	  0	371152	371152	371170	371170	371170	371170	370959	370959	370959	370959	371135	371135	371135	371135	371177	371177	371177	371177	371212	371212	??
ZZ	1596	33748	  0	  6	 17	  0	371212	371232	371232	371232	371232	371216	371216	371216	371216	371220	371220	371220	371220	371206	371206	371206	371206	371223	371223	371223	??
ZZ	1597	33770	  0	  6	 17	  0	371246	371246	371246	371246	371224	371224	371224	371224	371148	371148	371148	371148	371153	371153	371153	371153	371347	371347	371347	371347	??
ZZ	1598	33791	  0	  6	 17	  0	371345	371345	371345	371229	371229	371229	371229	371152	371152	371152	371152	371140	371140	371140	371140	371168	371168	371168	371168	371133	??
ZZ	1599	33812	  0	  6	 17	  0	371133	371133	371234	371234	371234	371234	371172	371172	371172	371172	370929	370929	370929	370929	371098	371098	371098	371098	371216	371216	??
ZZ	1600	33833	  1	  4	 30	  0	371216	371201	371201	371201	371201	371187	371187	371187	371187	371031	371031	371031	371031	371137	371137	371137	371137	371112	371112	371112	??
ZZ	1601	33854	  1	  4	 30	  0	371216	371216	371216	371216	371194	371194	371194	371194	371193	371193	371193	371193	371159	371159	371159	371159	371148	371148	371148	371148	??
ZZ	1602	33875	  1	  4	 30	  0	371238	371238	371238	371076	371076	371076	371076	371103	371103	371103	371103	371148	371148	371148	371148	371212	371212	371212	371212	371192	??
ZZ	1603	33896	  1	  4	 30	  0	371192	371192	371159	371159	371159	371159	371179	371179	371179	371179	371107	371107	371107	371107	371194	371194	371194	371194	371165	371165	??
ZZ	1604	33917	  1	  4	 30	  0	371165	371129	371129	371129	371129	371106	371106	371106	371106	371168	371168	371168	371168	371216	371216	371216	371216	371148	371148	371148	??
ZZ	1605	33939	  1	  4	 30	  0	371173	371173	371173	371173	371156	371156	371156	371156	371216	371216	371216	371216	371169	371169	371169	371169	371126	371126	371126	371126	??
ZZ	1606	33960	  1	  4	 30	  0	371223	371223	371223	371099	371099	371099	371099	371242	371242	371242	371242	371188	371188	371188	371188	371114	371114	371114	371114	371276	??
ZZ	1607	33981	  1	  4	 30	  0	371276	371276	371167	371167	371167	371167	371247	371247	371247	371247	371099	371099	371099	371099	371134	371134	371134	371134	371201	371201	??
ZZ	1608	34002	  1	  4	 30	  0	371201	371133	371133	371133	371133	371246	371246	371246	371246	371107	371107	371107	371107	371136	371136	371136	371136	371126	371126	371126	??
ZZ	1609	34023	  1	  4	 30	  0	371222	371222	371222	371222	371208	371208	371208	371208	371189	371189	371189	371189	371182	371182	371182	371182	371191	371191	371191	371191	??
ZZ	1610	34044	  1	  6	 47	  0	371246	371246	371246	371245	371245	371245	371245	371167	371167	371167	371167	371219	371219	371219	371219	371184	371184	371184	371184	371231	??
ZZ	1611	34066	  1	  6	 47	  0	371231	371231	371234	371234	371234	371234	371211	371211	371211	371211	371133	371133	371133	371133	371212	371212	371212	371212	371167	371167	??
ZZ	1612	34087	  1	  6	 47	  0	371167	371182	371182	371182	371182	371140	371140	371140	371140	371194	371194	371194	371194	371121	371121	371121	371121	371167	371167	371167	??
ZZ	1613	34108	  1	  6	 47	  0	371238	371238	371238	371238	371179	371179	371179	371179	371253	371253	371253	371253	371114	371114	371114	371114	371147	371147	371147	371147	??
ZZ	1614	34129	  1	  6	 47	  0	371231	371231	371231	371172	371172	371172	371172	371186	371186	371186	371186	371069	371069	371069	371069	371155	371155	371155	371155	371135	??
ZZ	1615	34150	  1	  6	 47	  0	371135	371135	371163	371163	371163	371163	371194	371194	371194	371194	371201	371201	371201	371201	371099	371099	371099	371099	371198	371198	??
ZZ	1616	34171	  1	  6	 47	  0	371198	371160	371160	371160	371160	371216	371216	371216	371216	371187	371187	371187	371187	371212	371212	371212	371212	371344	371344	371344	??
ZZ	1617	34192	  1	  6	 47	  0	371181	371181	371181	371181	371216	371216	371216	371216	371152	371152	371152	371152	371184	371184	371184	371184	371159	371159	371159	371159	??
ZZ	1618	34213	  1	  6	 47	  0	371230	371230	371230	371231	371231	371231	371231	371035	371035	371035	371035	371095	371095	371095	371095	371216	371216	371216	371216	371306	??
ZZ	1619	34235	  1	  6	 47	  0	371306	371306	371186	371186	371186	371186	371291	371291	371291	371291	371170	371170	371170	371170	371221	371221	371221	371221	371238	371238	??
ZZ	1620	34256	  3	  9	 27	  0	371238	371269	371269	371269	371269	371114	371114	371114	371114	371175	371175	371175	371175	371191	371191	371191	371191	371194	371194	371194	??
ZZ	1621	34277	  3	  9	 27	  0	371197	371197	371197	371197	371181	371181	371181	371181	371220	371220	371220	371220	371207	371207	371207	371207	371042	371042	371042	371042	??
ZZ	1622	34298	  3	  9	 27	  0	371167	371167	371167	371045	371045	371045	371045	371195	371195	371195	371195	371197	371197	371197	371197	371128	371128	371128	371128	371212	??
ZZ	1623	34319	  3	  9	 27	  0	371212	371212	371167	371167	371167	371167	371220	371220	371220	371220	371163	371163	371163	371163	371197	371197	371197	371197	371163	371163	??
ZZ	1624	34340	  3	  9	 27	  0	371163	371203	371203	371203	371203	371202	371202	371202	371202	371306	371306	371306	371306	371065	371065	371065	371065	371194	371194	371194	??
ZZ	1625	34362	  3	  9	 27	  0	371118	371118	371118	371118	371121	371121	371121	371121	371134	371134	371134	371134	371193	371193	371193	371193	371182	371182	371182	371182	??
ZZ	1626	34383	  3	  9	 27	  0	371167	371167	371167	371096	371096	371096	371096	371190	371190	371190	371190	371225	371225	371225	371225	371283	371283	371283	371283	371255	??
ZZ	1627	34404	  3	  9	 27	  0	371255	371255	371178	371178	371178	371178	371257	371257	371257	371257	371155	371155	371155	371155	371201	371201	371201	371201	371144	371144	??
ZZ	1628	34425	  3	  9	 27	  0	371144	371216	371216	371216	371216	371268	371268	371268	371268	371212	371212	371212	371212	371227	371227	371227	371227	371163	371163	371163	??
ZZ	1629	34446	  3	  9	 27	  0	371201	371201	371201	371201	371228	371228	371228	371228	371024	371024	371024	371024	371152	371152	371152	371152	371046	371046	371046	371046	??
ZZ	1630	34467	  4	  8	 33	  0	371154	371154	371154	371260	371260	371260	371260	371103	371103	371103	371103	371156	371156	371156	371156	371133	371133	371133	371133	371117	??
ZZ	1631	34488	  4	  8	 33	  0	371117	371117	371143	371143	371143	371143	371114	371114	371114	371114	371234	371234	371234	371234	371159	371159	371159	371159	371288	371288	??
ZZ	1632	34510	  4	  8	 33	  0	371288	371259	371259	371259	371259	371137	371137	371137	371137	371148	371148	371148	371148	371129	371129	371129	371129	371185	371185	371185	??
ZZ	1633	34531	  4	  8	 33	  0	371242	371242	371242	371242	371128	371128	371128	371128	371243	371243	371243	371243	371189	371189	371189	371189	371242	371242	371242	371242	??
ZZ	1634	34552	  4	  8	 33	  0	371167	371167	371167	371172	371172	371172	371172	371133	371133	371133	371133	371133	371133	371133	371133	371170	371170	371170	371170	371182	??
ZZ	1635	34573	  4	  8	 33	  0	371182	371182	371227	371227	371227	371227	371167	371167	371167	371167	371145	371145	371145	371145	371209	371209	371209	371209	371204	371204	??
ZZ	1636	34594	  4	  8	 33	  0	371204	371182	371182	371182	371182	371164	371164	371164	371164	371042	371042	371042	371042	371129	371129	371129	371129	371173	371173	371173	??
ZZ	1637	34615	  4	  8	 33	  0	371121	371121	371121	371121	371140	371140	371140	371140	371179	371179	371179	371179	371298	371298	371298	371298	371256	371256	371256	371256	??
ZZ	1638	34637	  4	  8	 33	  0	371194	371194	371194	371196	371196	371196	371196	371141	371141	371141	371141	371276	371276	371276	371276	371170	371170	371170	371170	371222	??
ZZ	1639	34658	  4	  8	 33	  0	371222	371222	371167	371167	371167	371167	371322	371322	371322	371322	371240	371240	371240	371240	371110	371110	371110	371110	371156	371156	??
ZZ	1640	34679	  4	  8	 33	  0	371156	371265	371265	371265	371265	371144	371144	371144	371144	371165	371165	371165	371165	371193	371193	371193	371193	371265	371265	371265	??
ZZ	1641	34700	  4	  8	 33	  0	371181	371181	371181	371181	371163	371163	371163	371163	371266	371266	371266	371266	371186	371186	371186	371186	371189	371189	371189	371189	??
ZZ	1642	34721	  3	  6	 13	  0	371217	371217	371217	371189	371189	371189	371189	371182	371182	371182	371182	371191	371191	371191	371191	371193	371193	371193	371193	371280	??
ZZ	1643	34742	  3	  6	 13	  0	371280	371280	371167	371167	371167	371167	371235	371235	371235	371235	371129	371129	371129	371129	371172	371172	371172	371172	371254	371254	??
ZZ	1644	34763	  3	  6	 13	  0	371254	371220	371220	371220	371220	371159	371159	371159	371159	371126	371126	371126	371126	371152	371152	371152	371152	371216	371216	371216	??
ZZ	1645	34785	  3	  6	 13	  0	371170	371170	371170	371170	371212	371212	371212	371212	371163	371163	371163	371163	371174	371174	371174	371174	371178	371178	371178	371178	??
ZZ	1646	34806	  3	  6	 13	  0	371121	371121	371121	371142	371142	371142	371142	371129	371129	371129	371129	371212	371212	371212	371212	371173	371173	371173	371173	371269	??
ZZ	1647	34827	  3	  6	 13	  0	371269	371269	371177	371177	371177	371177	371167	371167	371167	371167	371201	371201	371201	371201	371141	371141	371141	371141	371257	371257	??
ZZ	1648	34848	  3	  6	 13	  0	371257	371210	371210	371210	371210	371223	371223	371223	371223	371121	371121	371121	371121	371204	371204	371204	371204	371183	371183	371183	??
ZZ	1649	34869	  3	  6	 13	  0	371189	371189	371189	371189	371219	371219	371219	371219	371195	371195	371195	371195	371110	371110	371110	371110	371121	371121	371121	371121	??
ZZ	1650	34890	  3	  5	  3	  0	371231	371231	371231	371134	371134	371134	371134	371188	371188	371188	371188	371196	371196	371196	371196	371226	371226	371226	371226	371216	??
ZZ	1651	34911	  3	  5	  3	  0	371216	371216	371170	371170	371170	371170	371246	371246	371246	371246	371167	371167	371167	371167	371160	371160	371160	371160	371161	371161	??
ZZ	1652	34933	  3	  5	  3	  0	371161	371261	371261	371261	371261	371091	371091	371091	371091	371170	371170	371170	371170	371223	371223	371223	371223	371216	371216	371216	??
ZZ	1653	34954	  3	  5	  3	  0	371212	371212	371212	371212	371186	371186	371186	371186	371182	371182	371182	371182	371179	371179	371179	371179	371216	371216	371216	371216	??
ZZ	1654	34975	  3	  5	  3	  0	371137	371137	371137	371174	371174	371174	371174	371201	371201	371201	371201	371158	371158	371158	371158	371325	371325	371325	371325	371182	??
ZZ	1655	34996	  3	  5	  3	  0	371182	371182	371190	371190	371190	371190	371107	371107	371107	371107	371121	371121	371121	371121	371156	371156	371156	371156	371140	371140	??
ZZ	1656	35017	  3	  5	  3	  0	371140	371224	371224	371224	371224	371125	371125	371125	371125	371239	371239	371239	371239	371207	371207	371207	371207	371144	371144	371144	??
ZZ	1657	35038	  3	  5	  3	  0	371163	371163	371163	371163	371134	371134	371134	371134	371295	371295	371295	371295	371106	371106	371106	371106	371182	371182	371182	371182	??
ZZ	1658	35060	  3	  5	  3	  0	371137	371137	371137	371079	371079	371079	371079	371167	371167	371167	371167	371190	371190	371190	371190	371163	371163	371163	371163	371167	??
ZZ	1659	35081	  3	  5	  3	  0	371167	371167	371238	371238	371238	371238	371191	371191	371191	371191	371001	371001	371001	371001	371159	371159	371159	371159	371201	371201	??
ZZ	1660	35102	  5	  8	  3	  0	371201	371145	371145	371145	371145	371136	371136	371136	371136	371147	371147	371147	371147	371073	371073	371073	371073	371143	371143	371143	??
ZZ	1661	35123	  5	  8	  3	  0	371114	371114	371114	371114	371167	371167	371167	371167	371189	371189	371189	371189	371107	371107	371107	371107	371147	371147	371147	371147	??
ZZ	1662	35144	  5	  8	  3	  0	371212	371212	371212	371156	371156	371156	371156	371224	371224	371224	371224	371195	371195	371195	371195	371219	371219	371219	371219	371187	??
ZZ	1663	35165	  5	  8	  3	  0	371187	371187	371290	371290	371290	371290	371190	371190	371190	371190	371165	371165	371165	371165	371050	371050	371050	371050	371115	371115	??
ZZ	1664	35186	  5	  8	  3	  0	371115	371219	371219	371219	371219	371201	371201	371201	371201	371150	371150	371150	371150	371266	371266	371266	371266	371088	371088	371088	??
ZZ	1665	35208	  5	  8	  3	  0	371190	371190	371190	371190	371148	371148	371148	371148	371152	371152	371152	371152	371143	371143	371143	371143	371159	371159	371159	371159	??
ZZ	1666	35229	  5	  8	  3	  0	371161	371161	371161	371291	371291	371291	371291	371114	371114	371114	371114	371172	371172	371172	371172	371129	371129	371129	371129	371148	??
ZZ	1667	35250	  5	  8	  3	  0	371148	371148	371129	371129	371129	371129	371246	371246	371246	371246	371201	371201	371201	371201	371180	371180	371180	371180	371163	371163	??
ZZ	1668	35271	  5	  8	  3	  0	371163	371140	371140	371140	371140	371145	371145	371145	371145	371167	371167	371167	371167	371117	371117	371117	371117	371159	371159	371159	??
ZZ	1669	35292	  5	  8	  3	  0	371189	371189	371189	371189	371176	371176	371176	371176	371103	371103	371103	371103	371140	371140	371140	371140	371172	371172	371172	371172	??
ZZ	1670	35313	  4	 12	  3	  0	371182	371182	371182	371131	371131	371131	371131	371133	371133	371133	371133	371092	371092	371092	371092	371148	371148	371148	371148	371137	??
ZZ	1671	35334	  4	 12	  3	  0	371137	371137	371061	371061	371061	371061	371126	371126	371126	371126	371182	371182	371182	371182	371190	371190	371190	371190	371140	371140	??
ZZ	1672	35356	  4	 12	  3	  0	371140	371286	371286	371286	371286	371208	371208	371208	371208	371132	371132	371132	371132	371163	371163	371163	371163	371132	371132	371132	??
ZZ	1673	35377	  4	 12	  3	  0	371177	371177	371177	371177	371118	371118	371118	371118	371146	371146	371146	371146	371243	371243	371243	371243	371146	371146	371146	371146	??
ZZ	1674	35398	  4	 12	  3	  0	371133	371133	371133	371163	371163	371163	371163	371141	371141	371141	371141	371189	371189	371189	371189	371152	371152	371152	371152	371163	??
ZZ	1675	35419	  4	 12	  3	  0	371163	371163	371260	371260	371260	371260	371110	371110	371110	371110	371225	371225	371225	371225	371152	371152	371152	371152	371168	371168	??
ZZ	1676	35440	  4	 12	  3	  0	371168	371246	371246	371246	371246	371076	371076	371076	371076	371221	371221	371221	371221	371020	371020	371020	371020	371197	371197	371197	??
ZZ	1677	35461	  4	 12	  3	  0	371139	371139	371139	371139	371189	371189	371189	371189	371209	371209	371209	371209	371177	371177	371177	371177	371283	371283	371283	371283	??
ZZ	1678	35482	  4	 12	  3	  0	371232	371232	371232	371189	371189	371189	371189	371227	371227	371227	371227	371161	371161	371161	371161	371152	371152	371152	371152	371174	??
ZZ	1679	35504	  4	 12	  3	  0	371174	371174	371123	371123	371123	371123	371242	371242	371242	371242	371197	371197	371197	371197	371235	371235	371235	371235	370994	370994	??
ZZ	1680	35525	  4	 12	  3	  0	370994	371196	371196	371196	371196	371295	371295	371295	371295	371092	371092	371092	371092	371179	371179	371179	371179	371125	371125	371125	??
ZZ	1681	35546	  4	 12	  3	  0	371174	371174	371174	371174	371119	371119	371119	371119	371039	371039	371039	371039	371257	371257	371257	371257	371128	371128	371128	371128	??
ZZ	1682	35567	  4	 12	  3	  0	371133	371133	371133	371174	371174	371174	371174	371118	371118	371118	371118	371257	371257	371257	371257	371122	371122	371122	371122	371084	??
ZZ	1683	35588	  2	  9	  3	  0	371084	371084	371258	371258	371258	371258	371133	371133	371133	371133	371095	371095	371095	371095	371184	371184	371184	371184	371129	371129	??
ZZ	1684	35609	  2	  9	  3	  0	371129	371233	371233	371233	371233	371146	371146	371146	371146	371140	371140	371140	371140	371163	371163	371163	371163	371172	371172	371172	??
ZZ	1685	35631	  2	  9	  3	  0	371182	371182	371182	371182	371159	371159	371159	371159	371159	371159	371159	371159	371122	371122	371122	371122	371188	371188	371188	371188	??
ZZ	1686	35652	  2	  9	  3	  0	371163	371163	371163	371170	371170	371170	371170	371233	371233	371233	371233	371216	371216	371216	371216	371137	371137	371137	371137	371231	??
ZZ	1687	35673	  2	  9	  3	  0	371231	371231	371125	371125	371125	371125	371238	371238	371238	371238	371188	371188	371188	371188	371201	371201	371201	371201	371194	371194	??
ZZ	1688	35694	  2	  9	  3	  0	371194	371163	371163	371163	371163	371227	371227	371227	371227	371196	371196	371196	371196	371268	371268	371268	371268	371238	371238	371238	??
ZZ	1689	35715	  2	  9	  3	  0	371206	371206	371206	371206	371194	371194	371194	371194	371137	371137	371137	371137	371163	371163	371163	371163	371148	371148	371148	371148	??
ZZ	1690	35736	  4	  4	  2	  0	371159	371159	371159	371257	371257	371257	371257	371185	371185	371185	371185	371175	371175	371175	371175	371255	371255	371255	371255	371155	??
ZZ	1691	35757	  4	  4	  2	  0	371155	371155	371206	371206	371206	371206	371156	371156	371156	371156	371144	371144	371144	371144	371176	371176	371176	371176	371175	371175	??
ZZ	1692	35778	  4	  4	  2	  0	371175	371211	371211	371211	371211	371118	371118	371118	371118	371182	371182	371182	371182	371187	371187	371187	371187	371201	371201	371201	??
ZZ	1693	35800	  4	  4	  2	  0	371125	371125	371125	371125	371168	371168	371168	371168	371190	371190	371190	371190	371268	371268	371268	371268	371167	371167	371167	371167	??
ZZ	1694	35821	  4	  4	  2	  0	371189	371189	371189	371184	371184	371184	371184	371160	371160	371160	371160	371208	371208	371208	371208	371128	371128	371128	371128	371167	??
ZZ	1695	35842	  4	  4	  2	  0	371167	371167	371152	371152	371152	371152	371191	371191	371191	371191	371240	371240	371240	371240	371185	371185	371185	371185	371295	371295	??
ZZ	1696	35863	  4	  4	  2	  0	371295	371248	371248	371248	371248	371240	371240	371240	371240	371271	371271	371271	371271	371227	371227	371227	371227	371219	371219	371219	??
ZZ	1697	35884	  4	  4	  2	  0	371121	371121	371121	371121	371198	371198	371198	371198	371204	371204	371204	371204	371159	371159	371159	371159	371209	371209	371209	371209	??
ZZ	1698	35905	  4	  4	  2	  0	371133	371133	371133	371185	371185	371185	371185	371198	371198	371198	371198	371171	371171	371171	371171	371159	371159	371159	371159	371104	??
ZZ	1699	35927	  4	  4	  2	  0	371104	371104	371291	371291	371291	371291	371163	371163	371163	371163	371177	371177	371177	371177	371283	371283	371283	371283	371183	371183	??
ZZ	1700	35948	  6	  1	  2	  0	371183	371219	371219	371219	371219	371125	371125	371125	371125	371192	371192	371192	371192	371246	371246	371246	371246	371223	371223	371223	??
ZZ	1701	35969	  6	  1	  2	  0	371247	371247	371247	371247	371246	371246	371246	371246	371126	371126	371126	371126	371200	371200	371200	371200	371035	371035	371035	371035	??
ZZ	1702	35990	  6	  1	  2	  0	371118	371118	371118	371261	371261	371261	371261	371174	371174	371174	371174	371175	371175	371175	371175	371156	371156	371156	371156	371216	??
ZZ	1703	36011	  6	  1	  2	  0	371216	371216	371167	371167	371167	371167	371204	371204	371204	371204	371224	371224	371224	371224	371199	371199	371199	371199	371106	371106	??
ZZ	1704	36032	  6	  1	  2	  0	371106	371144	371144	371144	371144	371160	371160	371160	371160	371231	371231	371231	371231	371196	371196	371196	371196	371258	371258	371258	??
ZZ	1705	36053	  6	  1	  2	  0	371189	371189	371189	371189	371194	371194	371194	371194	371302	371302	371302	371302	371125	371125	371125	371125	371177	371177	371177	371177	??
ZZ	1706	36075	  6	  1	  2	  0	371268	371268	371268	371216	371216	371216	371216	371162	371162	371162	371162	371231	371231	371231	371231	371214	371214	371214	371214	371110	??
ZZ	1707	36096	  6	  1	  2	  0	371110	371110	371121	371121	371121	371121	371157	371157	371157	371157	371144	371144	371144	371144	371152	371152	371152	371152	371024	371024	??
ZZ	1708	36117	  6	  1	  2	  0	371024	371185	371185	371185	371185	371116	371116	371116	371116	371186	371186	371186	371186	371174	371174	371174	371174	371199	371199	371199	??
ZZ	1709	36138	  6	  1	  2	  0	371216	371216	371216	371216	371046	371046	371046	371046	371220	371220	371220	371220	371201	371201	371201	371201	371192	371192	371192	371192	??
ZZ	1710	36159	  5	  1	  5	  0	371144	371144	371144	371178	371178	371178	371178	371171	371171	371171	371171	371175	371175	371175	371175	371106	371106	371106	371106	371146	??
ZZ	1711	36180	  5	  1	  5	  0	371146	371146	371106	371106	371106	371106	371231	371231	371231	371231	371157	371157	371157	371157	371251	371251	371251	371251	371200	371200	??
ZZ	1712	36202	  5	  1	  5	  0	371200	371114	371114	371114	371114	371129	371129	371129	371129	371173	371173	371173	371173	371174	371174	371174	371174	371182	371182	371182	??
ZZ	1713	36223	  5	  1	  5	  0	371171	371171	371171	371171	371235	371235	371235	371235	371167	371167	371167	371167	371164	371164	371164	371164	371140	371140	371140	371140	??
ZZ	1714	36244	  5	  1	  5	  0	371158	371158	371158	371252	371252	371252	371252	371110	371110	371110	371110	371137	371137	371137	371137	371182	371182	371182	371182	371069	??
ZZ	1715	36265	  5	  1	  5	  0	371069	371069	371176	371176	371176	371176	371095	371095	371095	371095	371129	371129	371129	371129	371164	371164	371164	371164	371137	371137	??
ZZ	1716	36286	  5	  1	  5	  0	371137	371154	371154	371154	371154	371249	371249	371249	371249	371228	371228	371228	371228	371221	371221	371221	371221	371185	371185	371185	??
ZZ	1717	36307	  5	  1	  5	  0	371216	371216	371216	371216	371166	371166	371166	371166	371152	371152	371152	371152	371163	371163	371163	371163	371136	371136	371136	371136	??
ZZ	1718	36328	  5	  1	  5	  0	371170	371170	371170	371171	371171	371171	371171	371238	371238	371238	371238	371231	371231	371231	371231	371182	371182	371182	371182	371106	??
ZZ	1719	36350	  5	  1	  5	  0	371106	371106	371223	371223	371223	371223	371106	371106	371106	371106	371133	371133	371133	371133	371114	371114	371114	371114	371195	371195	??
ZZ	1720	36371	  5	  1	  5	  0	371195	371186	371186	371186	371186	371186	371186	371186	371186	371188	371188	371188	371188	371069	371069	371069	371069	371153	371153	371153	??
ZZ	1721	36392	  5	  1	  5	  0	371088	371088	371088	371088	371231	371231	371231	371231	371168	371168	371168	371168	371061	371061	371061	371061	371147	371147	371147	371147	??
ZZ	1722	36413	  5	  1	  5	  0	371239	371239	371239	371223	371223	371223	371223	371260	371260	371260	371260	371185	371185	371185	371185	371234	371234	371234	371234	371194	??
ZZ	1723	36434	  5	  1	  5	  0	371194	371194	371201	371201	371201	371201	371182	371182	371182	371182	371144	371144	371144	371144	371212	371212	371212	371212	371136	371136	??
ZZ	1724	36455	  2	  2	  5	  0	371136	371263	371263	371263	371263	371293	371293	371293	371293	371250	371250	371250	371250	371212	371212	371212	371212	371050	371050	371050	??
ZZ	1725	36477	  2	  2	  5	  0	371191	371191	371191	371191	371141	371141	371141	371141	371095	371095	371095	371095	371181	371181	371181	371181	371239	371239	371239	371239	??
ZZ	1726	36498	  2	  2	  5	  0	371167	371167	371167	371152	371152	371152	371152	371276	371276	371276	371276	371211	371211	371211	371211	371257	371257	371257	371257	371313	??
ZZ	1727	36519	  2	  2	  5	  0	371313	371313	371266	371266	371266	371266	371080	371080	371080	371080	371216	371216	371216	371216	371153	371153	371153	371153	371265	371265	??
ZZ	1728	36540	  2	  2	  5	  0	371265	371208	371208	371208	371208	371133	371133	371133	371133	371175	371175	371175	371175	371159	371159	371159	371159	371242	371242	371242	??
ZZ	1729	36561	  2	  2	  5	  0	371217	371217	371217	371217	371207	371207	371207	371207	371201	371201	371201	371201	371121	371121	371121	371121	371167	371167	371167	371167	??
ZZ	1730	36582	  2	  2	  5	  0	371189	371189	371189	371169	371169	371169	371169	371232	371232	371232	371232	371212	371212	371212	371212	371203	371203	371203	371203	371201	??
ZZ	1731	36603	  2	  2	  5	  0	371201	371201	371080	371080	371080	371080	371176	371176	371176	371176	371091	371091	371091	371091	371152	371152	371152	371152	371157	371157	??
ZZ	1732	36625	  0	  0	  0	  0	371157	371099	371099	371099	371099	371132	371132	371132	371132	371121	371121	371121	371121	371246	371246	371246	371246	371178	371178	371178	??
ZZ	1733	36646	  0	  0	  0	  0	371185	371185	371185	371185	371182	371182	371182	371182	371161	371161	371161	371161	371212	371212	371212	371212	371176	371176	371176	371176	??
ZZ	1734	36667	  0	  0	  0	  0	371159	371159	371159	371276	371276	371276	371276	371196	371196	371196	371196	371129	371129	371129	371129	371182	371182	371182	371182	371177	??
ZZ	1735	36688	  0	  0	  0	  0	371177	371177	371231	371231	371231	371231	371152	371152	371152	371152	371216	371216	371216	371216	371193	371193	371193	371193	371202	371202	??
ZZ	1736	36709	  0	  0	  0	  0	371202	371144	371144	371144	371144	371254	371254	371254	371254	371221	371221	371221	371221	371251	371251	371251	371251	371167	371167	371167	??
ZZ	1737	36730	  0	  0	  0	  0	371196	371196	371196	371196	371238	371238	371238	371238	371023	371023	371023	371023	371161	371161	371161	371161	371095	371095	371095	371095	??
ZZ	1738	36751	  0	  0	  0	  0	371142	371142	371142	371148	371148	371148	371148	371182	371182	371182	371182	371149	371149	371149	371149	371208	371208	371208	371208	371311	??
ZZ	1739	36772	  0	  0	  0	  0	371311	371311	371230	371230	371230	371230	371216	371216	371216	371216	371253	371253	371253	371253	371203	371203	371203	371203	371249	371249	??
ZZ	1740	36794	  0	  0	  0	  0	371249	371163	371163	371163	371163	371121	371121	371121	371121	371140	371140	371140	371140	371121	371121	371121	371121	371213	371213	371213	??
ZZ	1741	36815	  0	  0	  0	  0	371132	371132	371132	371132	371142	371142	371142	371142	371257	371257	371257	371257	371118	371118	371118	371118	371175	371175	371175	371175	??
ZZ	1742	36836	  0	  0	  0	  0	371223	371223	371223	371256	371256	371256	371256	371198	371198	371198	371198	371216	371216	371216	371216	371180	371180	371180	371180	371175	??
ZZ	1743	36857	  0	  0	  0	  0	371175	371175	371230	371230	371230	371230	371177	371177	371177	371177	371106	371106	371106	371106	371212	371212	371212	371212	371167	371167	??
ZZ	1744	36878	  0	  0	  0	  0	371167	371191	371191	371191	371191	371149	371149	371149	371149	371171	371171	371171	371171	371201	371201	371201	371201	371139	371139	371139	??
ZZ	1745	36899	  0	  0	  0	  0	371227	371227	371227	371227	371163	371163	371163	371163	371146	371146	371146	371146	371137	371137	371137	371137	371163	371163	371163	371163	??
ZZ	1746	36921	  0	  0	  0	  0	371137	371137	371137	371203	371203	371203	371203	371175	371175	371175	371175	371167	371167	371167	371167	371061	371061	371061	371061	371129	??
ZZ	1747	36942	  0	  0	  0	  0	371129	371129	371129	371129	371129	371129	371185	371185	371185	371185	371180	371180	371180	371180	371216	371216	371216	371216	371182	371182	??
ZZ	1748	36963	  0	  0	  0	  0	371182	371170	371170	371170	371170	371227	371227	371227	371227	371181	371181	371181	371181	371095	371095	371095	371095	371227	371227	371227	??
ZZ	1749	36984	  0	  0	  0	  0	371148	371148	371148	371148	371129	371129	371129	371129	371205	371205	371205	371205	371146	371146	371146	371146	371058	371058	371058	371058	??
ZZ	1750	37005	  0	  0	  0	  0	371038	371038	371038	371201	371201	371201	371201	371152	371152	371152	371152	371183	371183	371183	371183	371121	371121	371121	371121	371156	??
ZZ	1751	37026	  0	  0	  0	  0	371156	371156	371203	371203	371203	371203	371197	371197	371197	371197	371137	371137	371137	371137	371155	371155	371155	371155	371020	371020	??
ZZ	1752	37047	  0	  0	  0	  0	371020	371189	371189	371189	371189	371152	371152	371152	371152	371148	371148	371148	371148	371168	371168	371168	371168	371039	371039	371039	??
ZZ	1753	37069	  0	  0	  0	  0	371305	371305	371305	371305	371209	371209	371209	371209	371095	371095	371095	371095	371238	371238	371238	371238	371215	371215	371215	371215	??
ZZ	1754	37090	  0	  0	  0	  0	371226	371226	371226	371140	371140	371140	371140	371167	371167	371167	371167	371185	371185	371185	371185	371116	371116	371116	371116	371227	??
ZZ	1755	37111	  0	  0	  0	  0	371227	371227	371246	371246	371246	371246	371135	371135	371135	371135	371235	371235	371235	371235	371091	371091	371091	371091	371188	371188	??
ZZ	1756	37132	  0	  0	  0	  0	371188	371144	371144	371144	371144	371128	371128	371128	371128	371182	371182	371182	371182	371042	371042	371042	371042	371125	371125	371125	??
ZZ	1757	37153	  0	  0	  0	  0	371216	371216	371216	371216	371197	371197	371197	371197	371196	371196	371196	371196	371257	371257	371257	371257	371229	371229	371229	371229	??
ZZ	1758	37174	  0	  0	  0	  0	371189	371189	371189	371156	371156	371156	371156	371209	371209	371209	371209	371174	371174	371174	371174	371185	371185	371185	371185	371185	??
ZZ	1759	37196	  0	  0	  0	  0	371185	371185	371197	371197	371197	371197	371212	371212	371212	371212	371180	371180	371180	371180	371182	371182	371182	371182	371219	371219	??
ZZ	1760	37217	  0	  0	  0	  0	371219	371261	371261	371261	371261	371065	371065	371065	371065	371150	371150	371150	371150	371167	371167	371167	371167	371091	371091	371091	??
ZZ	1761	37238	  0	  0	  0	  0	371176	371176	371176	371176	371242	371242	371242	371242	371296	371296	371296	371296	371252	371252	371252	371252	371238	371238	371238	371238	??
ZZ	1762	37259	  0	  0	  0	  0	371208	371208	371208	371110	371110	371110	371110	371148	371148	371148	371148	371162	371162	371162	371162	371141	371141	371141	371141	371159	??
ZZ	1763	37280	  0	  0	  0	  0	371159	371159	371152	371152	371152	371152	371242	371242	371242	371242	371311	371311	371311	371311	371195	371195	371195	371195	371227	371227	??
ZZ	1764	37301	  0	  0	  0	  0	371227	371187	371187	371187	371187	371227	371227	371227	371227	371122	371122	371122	371122	371152	371152	371152	371152	371159	371159	371159	??
ZZ	1765	37322	  0	  0	  0	  0	371223	371223	371223	371223	371149	371149	371149	371149	371212	371212	371212	371212	371167	371167	371167	371167	371173	371173	371173	371173	??
ZZ	1766	37343	  0	  0	  0	  0	371182	371182	371182	371111	371111	371111	371111	371265	371265	371265	371265	371084	371084	371084	371084	371168	371168	371168	371168	371204	??
ZZ	1767	37365	  0	  0	  0	  0	371204	371204	370986	370986	370986	370986	371163	371163	371163	371163	371125	371125	371125	371125	371272	371272	371272	371272	371222	371222	??
ZZ	1768	37386	  0	  0	  0	  0	371222	371058	371058	371058	371058	371152	371152	371152	371152	371277	371277	371277	371277	371295	371295	371295	371295	371223	371223	371223	??
ZZ	1769	37407	  0	  0	  0	  0	371061	371061	371061	371061	371152	371152	371152	371152	371172	371172	371172	371172	371088	371088	371088	371088	371165	371165	371165	371165	??
ZZ	1770	37428	  0	  0	  0	  0	371219	371219	371219	371133	371133	371133	371133	371157	371157	371157	371157	371235	371235	371235	371235	371260	371260	371260	371260	371249	??
ZZ	1771	37449	  0	  0	  0	  0	371249	371249	371256	371256	371256	371256	371258	371258	371258	371258	371223	371223	371223	371223	371129	371129	371129	371129	371132	371132	??
ZZ	1772	37470	  0	  0	  0	  0	371132	371155	371155	371155	371155	371182	371182	371182	371182	371177	371177	371177	371177	371091	371091	371091	371091	371231	371231	371231	??
ZZ	1773	37492	  0	  0	  0	  0	371167	371167	371167	371167	371133	371133	371133	371133	371224	371224	371224	371224	371146	371146	371146	371146	371088	371088	371088	371088	??
ZZ	1774	37513	  0	  0	  0	  0	371163	371163	371163	371246	371246	371246	371246	371106	371106	371106	371106	371171	371171	371171	371171	371152	371152	371152	371152	371265	??
ZZ	1775	37534	  0	  0	  0	  0	371265	371265	371184	371184	371184	371184	371110	371110	371110	371110	371095	371095	371095	371095	371134	371134	371134	371134	371152	371152	??
ZZ	1776	37555	  0	  0	  0	  0	371152	371152	371152	371152	371152	371129	371129	371129	371129	371080	371080	371080	371080	371173	371173	371173	371173	371201	371201	371201	??
ZZ	1777	37576	  0	  0	  0	  0	371099	371099	371099	371099	371179	371179	371179	371179	371209	371209	371209	371209	371257	371257	371257	371257	371189	371189	371189	371189	??
ZZ	1778	37597	  0	  0	  0	  0	371110	371110	371110	371101	371101	371101	371101	371156	371156	371156	371156	371298	371298	371298	371298	371225	371225	371225	371225	371137	??
ZZ	1779	37618	  0	  0	  0	  0	371137	371137	371321	371321	371321	371321	371227	371227	371227	371227	371243	371243	371243	371243	371174	371174	371174	371174	371172	371172	??
ZZ	1780	37640	  2	  4	  8	  0	371172	371140	371140	371140	371140	371113	371113	371113	371113	371216	371216	371216	371216	371254	371254	371254	371254	371222	371222	371222	??
ZZ	1781	37661	  2	  4	  8	  0	371324	371324	371324	371324	371073	371073	371073	371073	371174	371174	371174	371174	371076	371076	371076	371076	371141	371141	371141	371141	??
ZZ	1782	37682	  2	  4	  8	  0	371223	371223	371223	371107	371107	371107	371107	371137	371137	371137	371137	371144	371144	371144	371144	371054	371054	371054	371054	371163	??
ZZ	1783	37703	  2	  4	  8	  0	371163	371163	371193	371193	371193	371193	371257	371257	371257	371257	371261	371261	371261	371261	371039	371039	371039	371039	371204	371204	??
ZZ	1784	37724	  2	  4	  8	  0	371204	371177	371177	371177	371177	371349	371349	371349	371349	371191	371191	371191	371191	371197	371197	371197	371197	371194	371194	371194	??
ZZ	1785	37745	  2	  4	  8	  0	371167	371167	371167	371167	371205	371205	371205	371205	371268	371268	371268	371268	371177	371177	371177	371177	371249	371249	371249	371249	??
ZZ	1786	37767	  2	  4	  8	  0	371043	371043	371043	371009	371009	371009	371009	371144	371144	371144	371144	371129	371129	371129	371129	371208	371208	371208	371208	371140	??
ZZ	1787	37788	  2	  4	  8	  0	371140	371140	371231	371231	371231	371231	371121	371121	371121	371121	371092	371092	371092	371092	371193	371193	371193	371193	371268	371268	??
ZZ	1788	37809	  2	  4	  8	  0	371268	371188	371188	371188	371188	371224	371224	371224	371224	371110	371110	371110	371110	371151	371151	371151	371151	371065	371065	371065	??
ZZ	1789	37830	  2	  4	  8	  0	371144	371144	371144	371144	371133	371133	371133	371133	371092	371092	371092	371092	371106	371106	371106	371106	371102	371102	371102	371102	??
ZZ	1790	37851	  2	  4	  8	  0	371192	371192	371192	371142	371142	371142	371142	371171	371171	371171	371171	371144	371144	371144	371144	371104	371104	371104	371104	371148	??
ZZ	1791	37872	  2	  4	  8	  0	371148	371148	371245	371245	371245	371245	371144	371144	371144	371144	371298	371298	371298	371298	371262	371262	371262	371262	371195	371195	??
ZZ	1792	37894	  2	  4	  8	  0	371195	371058	371058	371058	371058	371188	371188	371188	371188	371265	371265	371265	371265	371141	371141	371141	371141	371240	371240	371240	??
ZZ	1793	37915	  3	  7	  7	  0	371238	371238	371238	371238	371195	371195	371195	371195	371211	371211	371211	371211	371095	371095	371095	371095	371162	371162	371162	371162	??
ZZ	1794	37936	  3	  7	  7	  0	371159	371159	371159	371140	371140	371140	371140	371143	371143	371143	371143	371155	371155	371155	371155	371234	371234	371234	371234	371182	??
ZZ	1795	37957	  3	  7	  7	  0	371182	371182	371245	371245	371245	371245	371145	371145	371145	371145	371169	371169	371169	371169	371257	371257	371257	371257	371195	371195	??
ZZ	1796	37978	  3	  7	  7	  0	371195	371172	371172	371172	371172	371216	371216	371216	371216	371195	371195	371195	371195	371190	371190	371190	371190	371212	371212	371212	??
ZZ	1797	37999	  3	  7	  7	  0	371256	371256	371256	371256	371170	371170	371170	371170	371174	371174	371174	371174	371181	371181	371181	371181	371110	371110	371110	371110	??
ZZ	1798	38020	  3	  7	  7	  0	371130	371130	371130	371185	371185	371185	371185	371084	371084	371084	371084	371175	371175	371175	371175	371197	371197	371197	371197	371213	??
ZZ	1799	38042	  3	  7	  7	  0	371213	371213	371151	371151	371151	371151	370993	370993	370993	370993	371197	371197	371197	371197	371129	371129	371129	371129	371080	371080	??
ZZ	1800	38063	  2	 10	  9	  0	371080	371061	371061	371061	371061	371167	371167	371167	371167	371148	371148	371148	371148	371109	371109	371109	371109	371298	371298	371298	??
ZZ	1801	38084	  2	 10	  9	  0	371118	371118	371118	371118	371214	371214	371214	371214	371254	371254	371254	371254	371099	371099	371099	371099	371213	371213	371213	371213	??
ZZ	1802	38105	  2	 10	  9	  0	371117	371117	371117	371166	371166	371166	371166	371152	371152	371152	371152	371204	371204	371204	371204	371187	371187	371187	371187	371095	??
ZZ	1803	38126	  2	 10	  9	  0	371095	371095	371121	371121	371121	371121	371152	371152	371152	371152	371234	371234	371234	371234	371154	371154	371154	371154	371029	371029	??
ZZ	1804	38147	  2	 10	  9	  0	371029	371280	371280	371280	371280	371187	371187	371187	371187	371091	371091	371091	371091	371095	371095	371095	371095	371129	371129	371129	??
ZZ	1805	38169	  2	 10	  9	  0	371280	371280	371280	371280	371291	371291	371291	371291	371189	371189	371189	371189	371304	371304	371304	371304	371128	371128	371128	371128	??
ZZ	1806	38190	  2	 10	  9	  0	371232	371232	371232	371182	371182	371182	371182	371212	371212	371212	371212	371031	371031	371031	371031	371228	371228	371228	371228	371193	??
ZZ	1807	38211	  2	 10	  9	  0	371193	371193	371208	371208	371208	371208	371137	371137	371137	371137	371190	371190	371190	371190	371185	371185	371185	371185	371195	371195	??
ZZ	1808	38232	  2	 10	  9	  0	371195	371185	371185	371185	371185	371170	371170	371170	371170	371154	371154	371154	371154	371091	371091	371091	371091	371219	371219	371219	??
ZZ	1809	38253	  2	 10	  9	  0	371185	371185	371185	371185	371220	371220	371220	371220	371185	371185	371185	371185	371201	371201	371201	371201	371118	371118	371118	371118	??
ZZ	1810	38274	  3	 11	 19	  0	371232	371232	371232	371133	371133	371133	371133	371061	371061	371061	371061	371075	371075	371075	371075	371212	371212	371212	371212	371219	??
ZZ	1811	38295	  3	 11	 19	  0	371219	371219	371218	371218	371218	371218	371121	371121	371121	371121	371031	371031	371031	371031	371162	371162	371162	371162	371148	371148	??
ZZ	1812	38317	  3	 11	 19	  0	371148	371159	371159	371159	371159	371095	371095	371095	371095	371182	371182	371182	371182	371175	371175	371175	371175	371080	371080	371080	??
ZZ	1813	38338	  3	 11	 19	  0	371091	371091	371091	371091	371160	371160	371160	371160	371110	371110	371110	371110	371227	371227	371227	371227	371183	371183	371183	371183	??
ZZ	1814	38359	  3	 11	 19	  0	371216	371216	371216	371152	371152	371152	371152	371186	371186	371186	371186	371080	371080	371080	371080	371106	371106	371106	371106	371008	??
ZZ	1815	38380	  3	 11	 19	  0	371008	371008	371088	371088	371088	371088	371077	371077	371077	371077	371203	371203	371203	371203	371185	371185	371185	371185	371245	371245	??
ZZ	1816	38401	  3	 11	 19	  0	371245	371175	371175	371175	371175	371160	371160	371160	371160	371225	371225	371225	371225	371249	371249	371249	371249	371244	371244	371244	??
ZZ	1817	38422	  3	 11	 19	  0	371189	371189	371189	371189	371234	371234	371234	371234	371204	371204	371204	371204	371148	371148	371148	371148	371216	371216	371216	371216	??
ZZ	1818	38444	  3	 11	 19	  0	371268	371268	371268	371219	371219	371219	371219	371242	371242	371242	371242	371194	371194	371194	371194	371125	371125	371125	371125	371155	??
ZZ	1819	38465	  3	 11	 19	  0	371155	371155	371283	371283	371283	371283	371287	371287	371287	371287	371223	371223	371223	371223	371073	371073	371073	371073	371118	371118	??
ZZ	1820	38486	  1	 13	 28	  0	371118	371174	371174	371174	371174	371265	371265	371265	371265	371179	371179	371179	371179	371167	371167	371167	371167	371260	371260	371260	??
ZZ	1821	38507	  1	 13	 28	  0	371207	371207	371207	371207	371228	371228	371228	371228	371167	371167	371167	371167	371177	371177	371177	371177	371024	371024	371024	371024	??
ZZ	1822	38528	  1	 13	 28	  0	371080	371080	371080	371192	371192	371192	371192	371277	371277	371277	371277	371236	371236	371236	371236	371216	371216	371216	371216	371145	??
ZZ	1823	38549	  1	 13	 28	  0	371145	371145	371164	371164	371164	371164	371132	371132	371132	371132	371088	371088	371088	371088	371131	371131	371131	371131	371193	371193	??
ZZ	1824	38570	  1	 13	 28	  0	371193	371180	371180	371180	371180	371280	371280	371280	371280	371175	371175	371175	371175	371189	371189	371189	371189	371216	371216	371216	??
ZZ	1825	38592	  1	 13	 28	  0	371283	371283	371283	371283	371167	371167	371167	371167	371110	371110	371110	371110	371268	371268	371268	371268	371167	371167	371167	371167	??
ZZ	1826	38613	  1	 13	 28	  0	371148	371148	371148	371199	371199	371199	371199	371159	371159	371159	371159	371170	371170	371170	371170	371128	371128	371128	371128	371258	??
ZZ	1827	38634	  1	 13	 28	  0	371258	371258	371020	371020	371020	371020	371119	371119	371119	371119	371209	371209	371209	371209	371212	371212	371212	371212	371188	371188	??
ZZ	1828	38655	  1	 13	 28	  0	371188	371141	371141	371141	371141	371135	371135	371135	371135	371231	371231	371231	371231	371170	371170	371170	371170	371233	371233	371233	??
ZZ	1829	38676	  1	 13	 28	  0	371065	371065	371065	371065	371208	371208	371208	371208	371167	371167	371167	371167	371198	371198	371198	371198	371154	371154	371154	371154	??
ZZ	1830	38697	  2	 11	 31	  0	371251	371251	371251	371043	371043	371043	371043	371200	371200	371200	371200	371118	371118	371118	371118	371249	371249	371249	371249	371070	??
ZZ	1831	38718	  2	 11	 31	  0	371070	371070	371214	371214	371214	371214	371137	371137	371137	371137	371182	371182	371182	371182	371227	371227	371227	371227	371182	371182	??
ZZ	1832	38740	  2	 11	 31	  0	371182	371190	371190	371190	371190	371163	371163	371163	371163	371231	371231	371231	371231	371099	371099	371099	371099	371167	371167	371167	??
ZZ	1833	38761	  2	 11	 31	  0	371161	371161	371161	371161	371126	371126	371126	371126	371291	371291	371291	371291	371169	371169	371169	371169	371155	371155	371155	371155	??
ZZ	1834	38782	  2	 11	 31	  0	371178	371178	371178	371189	371189	371189	371189	371189	371189	371189	371189	371182	371182	371182	371182	371208	371208	371208	371208	371170	??
ZZ	1835	38803	  2	 11	 31	  0	371170	371170	371176	371176	371176	371176	371189	371189	371189	371189	371219	371219	371219	371219	371221	371221	371221	371221	371088	371088	??
ZZ	1836	38824	  2	 11	 31	  0	371088	371201	371201	371201	371201	371246	371246	371246	371246	371160	371160	371160	371160	371174	371174	371174	371174	371163	371163	371163	??
ZZ	1837	38845	  2	 11	 31	  0	371103	371103	371103	371103	371174	371174	371174	371174	371273	371273	371273	371273	371257	371257	371257	371257	371225	371225	371225	371225	??
ZZ	1838	38866	  2	 11	 31	  0	371016	371016	371016	371109	371109	371109	371109	371155	371155	371155	371155	371174	371174	371174	371174	371138	371138	371138	371138	371125	??
ZZ	1839	38887	  2	 11	 31	  0	371125	371125	371168	371168	371168	371168	371156	371156	371156	371156	371308	371308	371308	371308	371238	371238	371238	371238	371195	371195	??
ZZ	1840	38909	  2	 11	 31	  0	371195	371242	371242	371242	371242	371209	371209	371209	371209	371220	371220	371220	371220	371306	371306	371306	371306	371148	371148	371148	??
ZZ	1841	38930	  2	 11	 31	  0	371227	371227	371227	371227	371129	371129	371129	371129	371137	371137	371137	371137	371185	371185	371185	371185	371083	371083	371083	371083	??
ZZ	1842	38951	  1	 10	 27	  0	371103	371103	371103	371152	371152	371152	371152	371158	371158	371158	371158	371268	371268	371268	371268	371148	371148	371148	371148	371185	??
ZZ	1843	38972	  1	 10	 27	  0	371185	371185	371312	371312	371312	371312	371232	371232	371232	371232	371233	371233	371233	371233	371133	371133	371133	371133	371169	371169	??
ZZ	1844	38993	  1	 10	 27	  0	371169	371159	371159	371159	371159	371227	371227	371227	371227	371156	371156	371156	371156	371084	371084	371084	371084	371257	371257	371257	??
ZZ	1845	39015	  1	 10	 27	  0	371128	371128	371128	371128	371246	371246	371246	371246	371306	371306	371306	371306	371191	371191	371191	371191	371148	371148	371148	371148	??
ZZ	1846	39036	  1	 10	 27	  0	371125	371125	371125	371268	371268	371268	371268	371118	371118	371118	371118	371174	371174	371174	371174	371178	371178	371178	371178	371205	??
ZZ	1847	39057	  1	 10	 27	  0	371205	371205	371147	371147	371147	371147	371310	371310	371310	371310	371231	371231	371231	371231	371204	371204	371204	371204	371219	371219	??
ZZ	1848	39078	  1	 10	 27	  0	371219	371175	371175	371175	371175	371182	371182	371182	371182	371133	371133	371133	371133	371157	371157	371157	371157	371095	371095	371095	??
ZZ	1849	39099	  1	 10	 27	  0	371065	371065	371065	371065	371099	371099	371099	371099	371118	371118	371118	371118	371204	371204	371204	371204	371128	371128	371128	371128	??
ZZ	1850	39120	  1	 10	 35	  0	371201	371201	371201	371166	371166	371166	371166	371219	371219	371219	371219	371080	371080	371080	371080	371131	371131	371131	371131	371167	??
ZZ	1851	39141	  1	 10	 35	  0	371167	371167	371181	371181	371181	371181	371161	371161	371161	371161	371167	371167	371167	371167	371268	371268	371268	371268	371194	371194	??
ZZ	1852	39163	  1	 10	 35	  0	371194	371247	371247	371247	371247	371209	371209	371209	371209	371212	371212	371212	371212	371073	371073	371073	371073	371151	371151	371151	??
ZZ	1853	39184	  1	 10	 35	  0	371197	371197	371197	371197	371058	371058	371058	371058	371140	371140	371140	371140	371145	371145	371145	371145	371115	371115	371115	371115	??
ZZ	1854	39205	  1	 10	 35	  0	371110	371110	371110	371106	371106	371106	371106	371150	371150	371150	371150	371035	371035	371035	371035	371197	371197	371197	371197	371134	??
ZZ	1855	39226	  1	 10	 35	  0	371134	371134	371148	371148	371148	371148	371223	371223	371223	371223	371169	371169	371169	371169	371121	371121	371121	371121	371153	371153	??
ZZ	1856	39247	  1	 10	 35	  0	371153	371114	371114	371114	371114	371152	371152	371152	371152	371195	371195	371195	371195	371219	371219	371219	371219	371061	371061	371061	??
ZZ	1857	39268	  1	 10	 35	  0	371165	371165	371165	371165	371227	371227	371227	371227	371190	371190	371190	371190	371180	371180	371180	371180	371182	371182	371182	371182	??
ZZ	1858	39289	  1	 10	 35	  0	371133	371133	371133	371242	371242	371242	371242	371095	371095	371095	371095	371197	371197	371197	371197	371194	371194	371194	371194	371061	??
ZZ	1859	39310	  1	 10	 35	  0	371061	371061	371196	371196	371196	371196	371125	371125	371125	371125	371088	371088	371088	371088	371151	371151	371151	371151	371182	371182	??
ZZ	1860	39332	  2	 11	 22	  0	371182	371216	371216	371216	371216	371174	371174	371174	371174	371140	371140	371140	371140	371152	371152	371152	371152	371088	371088	371088	??
ZZ	1861	39353	  2	 11	 22	  0	371222	371222	371222	371222	371175	371175	371175	371175	371189	371189	371189	371189	371159	371159	371159	371159	371177	371177	371177	371177	??
ZZ	1862	39374	  2	 11	 22	  0	371170	371170	371170	371193	371193	371193	371193	371231	371231	371231	371231	371228	371228	371228	371228	371206	371206	371206	371206	371118	??
ZZ	1863	39395	  2	 11	 22	  0	371118	371118	371114	371114	371114	371114	371146	371146	371146	371146	371155	371155	371155	371155	371091	371091	371091	371091	371155	371155	??
ZZ	1864	39416	  2	 11	 22	  0	371155	371222	371222	371222	371222	371188	371188	371188	371188	371167	371167	371167	371167	371110	371110	371110	371110	371165	371165	371165	??
ZZ	1865	39438	  2	 11	 22	  0	371170	371170	371170	371170	371216	371216	371216	371216	371179	371179	371179	371179	371205	371205	371205	371205	371164	371164	371164	371164	??
ZZ	1866	39459	  2	 11	 22	  0	371185	371185	371185	371263	371263	371263	371263	371179	371179	371179	371179	371301	371301	371301	371301	371261	371261	371261	371261	371224	??
ZZ	1867	39480	  2	 11	 22	  0	371224	371224	371136	371136	371136	371136	371171	371171	371171	371171	371176	371176	371176	371176	371159	371159	371159	371159	371195	371195	??
ZZ	1868	39501	  2	 11	 22	  0	371195	371257	371257	371257	371257	371223	371223	371223	371223	371175	371175	371175	371175	371216	371216	371216	371216	371223	371223	371223	??
ZZ	1869	39522	  2	 11	 22	  0	371183	371183	371183	371183	371012	371012	371012	371012	371190	371190	371190	371190	371127	371127	371127	371127	371234	371234	371234	371234	??
ZZ	1870	39543	  1	  9	 33	  0	371132	371132	371132	371189	371189	371189	371189	371159	371159	371159	371159	371164	371164	371164	371164	370990	370990	370990	370990	371084	??
ZZ	1871	39564	  1	  9	 33	  0	371084	371084	371094	371094	371094	371094	371262	371262	371262	371262	371163	371163	371163	371163	371192	371192	371192	371192	371024	371024	??
ZZ	1872	39585	  1	  9	 33	  0	371024	371030	371030	371030	371030	371265	371265	371265	371265	371171	371171	371171	371171	371201	371201	371201	371201	371257	371257	371257	??
ZZ	1873	39607	  1	  9	 33	  0	371088	371088	371088	371088	371188	371188	371188	371188	371163	371163	371163	371163	371178	371178	371178	371178	371133	371133	371133	371133	??
ZZ	1874	39628	  1	  9	 33	  0	371192	371192	371192	371155	371155	371155	371155	371122	371122	371122	371122	371182	371182	371182	371182	371099	371099	371099	371099	371141	??
ZZ	1875	39649	  1	  9	 33	  0	371141	371141	371205	371205	371205	371205	371175	371175	371175	371175	371295	371295	371295	371295	371238	371238	371238	371238	371181	371181	??
ZZ	1876	39670	  1	  9	 33	  0	371181	371192	371192	371192	371192	371180	371180	371180	371180	371129	371129	371129	371129	371152	371152	371152	371152	371143	371143	371143	??
ZZ	1877	39691	  1	  9	 33	  0	371121	371121	371121	371121	371276	371276	371276	371276	371149	371149	371149	371149	371306	371306	371306	371306	371225	371225	371225	371225	??
ZZ	1878	39712	  1	  9	 33	  0	371209	371209	371209	370960	370960	370960	370960	371133	371133	371133	371133	371201	371201	371201	371201	371155	371155	371155	371155	371193	??
ZZ	1879	39734	  1	  9	 33	  0	371193	371193	371207	371207	371207	371207	371171	371171	371171	371171	371160	371160	371160	371160	371204	371204	371204	371204	371213	371213	??
ZZ	1880	39755	  1	  9	 33	  0	371213	371118	371118	371118	371118	371197	371197	371197	371197	371179	371179	371179	371179	371031	371031	371031	371031	371246	371246	371246	??
ZZ	1881	39776	  1	  9	 33	  0	371151	371151	371151	371151	371167	371167	371167	371167	371205	371205	371205	371205	371202	371202	371202	371202	371208	371208	371208	371208	??
ZZ	1882	39797	  1	  9	 33	  0	371157	371157	371157	371140	371140	371140	371140	371054	371054	371054	371054	371123	371123	371123	371123	371171	371171	371171	371171	371219	??
ZZ	1883	39818	  3	  9	 11	  0	371219	371219	371212	371212	371212	371212	371209	371209	371209	371209	371110	371110	371110	371110	371195	371195	371195	371195	371216	371216	??
ZZ	1884	39839	  3	  9	 11	  0	371216	371225	371225	371225	371225	371129	371129	371129	371129	371133	371133	371133	371133	371129	371129	371129	371129	371042	371042	371042	??
ZZ	1885	39860	  3	  9	 11	  0	371194	371194	371194	371194	371100	371100	371100	371100	371263	371263	371263	371263	371272	371272	371272	371272	371240	371240	371240	371240	??
ZZ	1886	39881	  3	  9	 11	  0	371228	371228	371228	371173	371173	371173	371173	371163	371163	371163	371163	371174	371174	371174	371174	371179	371179	371179	371179	371129	??
ZZ	1887	39903	  3	  9	 11	  0	371129	371129	371140	371140	371140	371140	371144	371144	371144	371144	371198	371198	371198	371198	371193	371193	371193	371193	371206	371206	??
ZZ	1888	39924	  3	  9	 11	  0	371206	371118	371118	371118	371118	371146	371146	371146	371146	371223	371223	371223	371223	371185	371185	371185	371185	371186	371186	371186	??
ZZ	1889	39945	  3	  9	 11	  0	371159	371159	371159	371159	371179	371179	371179	371179	371190	371190	371190	371190	371201	371201	371201	371201	371188	371188	371188	371188	??
ZZ	1890	39966	  3	  9	  7	  0	371109	371109	371109	371241	371241	371241	371241	371187	371187	371187	371187	371292	371292	371292	371292	371167	371167	371167	371167	371224	??
ZZ	1891	39987	  3	  9	  7	  0	371224	371224	371099	371099	371099	371099	371295	371295	371295	371295	371158	371158	371158	371158	371118	371118	371118	371118	371138	371138	??
ZZ	1892	40008	  3	  9	  7	  0	371138	371219	371219	371219	371219	371174	371174	371174	371174	371142	371142	371142	371142	371170	371170	371170	371170	371024	371024	371024	??
ZZ	1893	40030	  3	  9	  7	  0	371152	371152	371152	371152	371163	371163	371163	371163	371152	371152	371152	371152	371197	371197	371197	371197	371258	371258	371258	371258	??
ZZ	1894	40051	  3	  9	  7	  0	371253	371253	371253	371197	371197	371197	371197	371223	371223	371223	371223	371212	371212	371212	371212	371099	371099	371099	371099	371268	??
ZZ	1895	40072	  3	  9	  7	  0	371268	371268	371162	371162	371162	371162	371201	371201	371201	371201	371298	371298	371298	371298	371170	371170	371170	371170	371106	371106	??
ZZ	1896	40093	  3	  9	  7	  0	371106	371083	371083	371083	371083	371155	371155	371155	371155	371204	371204	371204	371204	371191	371191	371191	371191	371272	371272	371272	??
ZZ	1897	40114	  3	  9	  7	  0	371340	371340	371340	371340	371250	371250	371250	371250	371122	371122	371122	371122	371114	371114	371114	371114	371150	371150	371150	371150	??
ZZ	1898	40135	  3	  9	  7	  0	371237	371237	371237	371136	371136	371136	371136	371148	371148	371148	371148	371137	371137	371137	371137	371174	371174	371174	371174	371242	??
ZZ	1899	40156	  3	  9	  7	  0	371242	371242	371039	371039	371039	371039	371176	371176	371176	371176	371273	371273	371273	371273	371159	371159	371159	371159	371185	371185	??
ZZ	1900	40178	  3	  9	  9	  0	371185	371087	371087	371087	371087	371165	371165	371165	371165	371114	371114	371114	371114	371249	371249	371249	371249	371172	371172	371172	??
ZZ	1901	40199	  3	  9	  9	  0	371121	371121	371121	371121	371186	371186	371186	371186	371121	371121	371121	371121	371133	371133	371133	371133	371272	371272	371272	371272	??
ZZ	1902	40220	  3	  9	  9	  0	371128	371128	371128	371238	371238	371238	371238	371129	371129	371129	371129	371144	371144	371144	371144	371103	371103	371103	371103	371124	??
ZZ	1903	40241	  3	  9	  9	  0	371124	371124	371162	371162	371162	371162	371141	371141	371141	371141	371180	371180	371180	371180	371088	371088	371088	371088	371123	371123	??
ZZ	1904	40262	  3	  9	  9	  0	371123	371223	371223	371223	371223	371114	371114	371114	371114	371169	371169	371169	371169	371223	371223	371223	371223	371219	371219	371219	??
ZZ	1905	40284	  3	  9	  9	  0	371242	371242	371242	371242	371321	371321	371321	371321	371103	371103	371103	371103	371213	371213	371213	371213	371257	371257	371257	371257	??
ZZ	1906	40305	  3	  9	  9	  0	371172	371172	371172	371076	371076	371076	371076	371201	371201	371201	371201	371184	371184	371184	371184	371114	371114	371114	371114	371095	??
ZZ	1907	40326	  3	  9	  9	  0	371095	371095	371109	371109	371109	371109	371152	371152	371152	371152	371194	371194	371194	371194	371166	371166	371166	371166	371223	371223	??
ZZ	1908	40347	  3	  9	  9	  0	371223	371124	371124	371124	371124	371133	371133	371133	371133	371140	371140	371140	371140	371143	371143	371143	371143	371261	371261	371261	??
ZZ	1909	40368	  3	  9	  9	  0	371091	371091	371091	371091	371174	371174	371174	371174	371145	371145	371145	371145	371106	371106	371106	371106	371130	371130	371130	371130	??
ZZ	1910	40389	  3	 10	  7	  0	371190	371190	371190	371170	371170	371170	371170	371156	371156	371156	371156	371088	371088	371088	371088	371131	371131	371131	371131	371204	??
ZZ	1911	40410	  3	 10	  7	  0	371204	371204	371233	371233	371233	371233	371182	371182	371182	371182	371192	371192	371192	371192	371140	371140	371140	371140	371167	371167	??
ZZ	1912	40431	  3	 10	  7	  0	371167	371196	371196	371196	371196	371175	371175	371175	371175	371137	371137	371137	371137	371118	371118	371118	371118	371100	371100	371100	??
ZZ	1913	40453	  3	 10	  7	  0	371163	371163	371163	371163	371144	371144	371144	371144	371181	371181	371181	371181	371114	371114	371114	371114	371159	371159	371159	371159	??
ZZ	1914	40474	  3	 10	  7	  0	371215	371215	371215	371065	371065	371065	371065	371191	371191	371191	371191	371174	371174	371174	371174	371144	371144	371144	371144	371174	??
ZZ	1915	40495	  3	 10	  7	  0	371174	371174	371050	371050	371050	371050	371269	371269	371269	371269	371145	371145	371145	371145	371174	371174	371174	371174	371168	371168	??
ZZ	1916	40516	  3	 10	  7	  0	371168	371189	371189	371189	371189	371179	371179	371179	371179	371170	371170	371170	371170	370971	370971	370971	370971	371306	371306	371306	??
ZZ	1917	40537	  3	 10	  7	  0	371145	371145	371145	371145	371228	371228	371228	371228	371106	371106	371106	371106	371174	371174	371174	371174	371152	371152	371152	371152	??
ZZ	1918	40558	  3	 10	  7	  0	371172	371172	371172	371076	371076	371076	371076	371189	371189	371189	371189	371152	371152	371152	371152	371137	371137	371137	371137	371144	??
ZZ	1919	40580	  3	 10	  7	  0	371144	371144	371153	371153	371153	371153	371095	371095	371095	371095	371175	371175	371175	371175	371113	371113	371113	371113	371163	371163	??
ZZ	1920	40601	  3	 12	  7	  0	371163	371138	371138	371138	371138	371152	371152	371152	371152	371238	371238	371238	371238	371216	371216	371216	371216	371258	371258	371258	??
ZZ	1921	40622	  3	 12	  7	  0	371233	371233	371233	371233	371191	371191	371191	371191	371185	371185	371185	371185	371148	371148	371148	371148	371145	371145	371145	371145	??
ZZ	1922	40643	  3	 12	  7	  0	371208	371208	371208	371122	371122	371122	371122	371228	371228	371228	371228	371216	371216	371216	371216	371171	371171	371171	371171	371209	??
ZZ	1923	40664	  3	 12	  7	  0	371209	371209	371197	371197	371197	371197	371195	371195	371195	371195	371189	371189	371189	371189	371175	371175	371175	371175	371236	371236	??
ZZ	1924	40685	  3	 12	  7	  0	371236	371208	371208	371208	371208	371203	371203	371203	371203	371266	371266	371266	371266	371238	371238	371238	371238	371237	371237	371237	??
ZZ	1925	40707	  3	 12	  7	  0	371152	371152	371152	371152	371238	371238	371238	371238	371224	371224	371224	371224	371201	371201	371201	371201	371220	371220	371220	371220	??
ZZ	1926	40728	  3	 12	  7	  0	371131	371131	371131	371185	371185	371185	371185	371175	371175	371175	371175	371126	371126	371126	371126	371249	371249	371249	371249	371172	??
ZZ	1927	40749	  3	 12	  7	  0	371172	371172	371325	371325	371325	371325	371261	371261	371261	371261	371299	371299	371299	371299	371178	371178	371178	371178	371166	371166	??
ZZ	1928	40770	  3	 12	  7	  0	371166	371208	371208	371208	371208	371039	371039	371039	371039	371194	371194	371194	371194	371163	371163	371163	371163	371155	371155	371155	??
ZZ	1929	40791	  3	 12	  7	  0	371171	371171	371171	371171	371156	371156	371156	371156	371242	371242	371242	371242	371167	371167	371167	371167	371073	371073	371073	371073	??
ZZ	1930	40812	  3	 12	  7	  0	371174	371174	371174	371323	371323	371323	371323	371163	371163	371163	371163	371225	371225	371225	371225	371046	371046	371046	371046	371249	??
ZZ	1931	40833	  3	 12	  7	  0	371249	371249	371188	371188	371188	371188	371190	371190	371190	371190	371310	371310	371310	371310	371188	371188	371188	371188	371163	371163	??
ZZ	1932	40855	  3	 15	 12	  0	371163	371151	371151	371151	371151	371192	371192	371192	371192	371254	371254	371254	371254	371144	371144	371144	371144	371140	371140	371140	??
ZZ	1933	40876	  3	 15	 12	  0	371257	371257	371257	371257	371217	371217	371217	371217	371170	371170	371170	371170	371182	371182	371182	371182	371189	371189	371189	371189	??
ZZ	1934	40897	  3	 15	 12	  0	371192	371192	371192	371177	371177	371177	371177	371145	371145	371145	371145	371185	371185	371185	371185	371172	371172	371172	371172	371092	??
ZZ	1935	40918	  3	 15	 12	  0	371092	371092	371110	371110	371110	371110	371161	371161	371161	371161	371137	371137	371137	371137	371092	371092	371092	371092	371130	371130	??
ZZ	1936	40939	  3	 15	 12	  0	371130	371249	371249	371249	371249	371231	371231	371231	371231	371179	371179	371179	371179	371144	371144	371144	371144	371085	371085	371085	??
ZZ	1937	40960	  3	 15	 12	  0	371151	371151	371151	371151	371159	371159	371159	371159	371128	371128	371128	371128	371246	371246	371246	371246	371106	371106	371106	371106	??
ZZ	1938	40982	  3	 15	 12	  0	371084	371084	371084	371144	371144	371144	371144	371153	371153	371153	371153	371155	371155	371155	371155	371265	371265	371265	371265	371128	??
ZZ	1939	41003	  3	 15	 12	  0	371128	371128	371095	371095	371095	371095	371121	371121	371121	371121	371137	371137	371137	371137	371148	371148	371148	371148	371167	371167	??
ZZ	1940	41024	  1	 14	 13	  0	371167	371257	371257	371257	371257	371088	371088	371088	371088	371166	371166	371166	371166	371118	371118	371118	371118	371103	371103	371103	??
ZZ	1941	41045	  1	 14	 13	  0	371141	371141	371141	371141	371182	371182	371182	371182	371291	371291	371291	371291	371179	371179	371179	371179	371340	371340	371340	371340	??
ZZ	1942	41066	  1	 14	 13	  0	371233	371233	371233	371219	371219	371219	371219	371281	371281	371281	371281	371145	371145	371145	371145	371246	371246	371246	371246	371107	??
ZZ	1943	41087	  1	 14	 13	  0	371107	371107	371183	371183	371183	371183	371208	371208	371208	371208	371084	371084	371084	371084	371160	371160	371160	371160	371144	371144	??
ZZ	1944	41108	  1	 14	 13	  0	371144	371181	371181	371181	371181	371133	371133	371133	371133	371152	371152	371152	371152	371117	371117	371117	371117	371110	371110	371110	??
ZZ	1945	41129	  1	 14	 13	  0	371278	371278	371278	371278	371175	371175	371175	371175	371118	371118	371118	371118	371167	371167	371167	371167	371122	371122	371122	371122	??
ZZ	1946	41151	  1	 14	 13	  0	371208	371208	371208	371207	371207	371207	371207	371141	371141	371141	371141	371223	371223	371223	371223	371173	371173	371173	371173	371152	??
ZZ	1947	41172	  1	 14	 13	  0	371152	371152	371163	371163	371163	371163	371181	371181	371181	371181	371122	371122	371122	371122	371125	371125	371125	371125	371164	371164	??
ZZ	1948	41193	  1	 14	 13	  0	371164	371227	371227	371227	371227	371213	371213	371213	371213	371224	371224	371224	371224	371163	371163	371163	371163	371192	371192	371192	??
ZZ	1949	41214	  1	 14	 13	  0	371193	371193	371193	371193	371110	371110	371110	371110	371188	371188	371188	371188	371189	371189	371189	371189	371180	371180	371180	371180	??
ZZ	1950	41235	  1	  8	 11	  0	371217	371217	371217	371189	371189	371189	371189	371222	371222	371222	371222	371080	371080	371080	371080	371192	371192	371192	371192	371166	??
ZZ	1951	41256	  1	  8	 11	  0	371166	371166	371125	371125	371125	371125	371185	371185	371185	371185	371126	371126	371126	371126	371243	371243	371243	371243	371215	371215	??
ZZ	1952	41278	  1	  8	 11	  0	371215	371137	371137	371137	371137	371159	371159	371159	371159	371137	371137	371137	371137	371261	371261	371261	371261	371088	371088	371088	??
ZZ	1953	41299	  1	  8	 11	  0	371205	371205	371205	371205	371216	371216	371216	371216	371106	371106	371106	371106	371149	371149	371149	371149	371185	371185	371185	371185	??
ZZ	1954	41320	  1	  8	 11	  0	371128	371128	371128	371133	371133	371133	371133	371171	371171	371171	371171	371191	371191	371191	371191	371155	371155	371155	371155	371204	??
ZZ	1955	41341	  1	  8	 11	  0	371204	371204	371164	371164	371164	371164	371141	371141	371141	371141	371313	371313	371313	371313	371213	371213	371213	371213	371178	371178	??
ZZ	1956	41362	  1	  8	 11	  0	371178	371137	371137	371137	371137	371084	371084	371084	371084	371288	371288	371288	371288	371178	371178	371178	371178	371182	371182	371182	??
ZZ	1957	41383	  1	  8	 11	  0	371216	371216	371216	371216	371220	371220	371220	371220	371155	371155	371155	371155	371197	371197	371197	371197	371210	371210	371210	371210	??
ZZ	1958	41404	  1	  8	 11	  0	371190	371190	371190	371159	371159	371159	371159	371159	371159	371159	371159	371174	371174	371174	371174	371171	371171	371171	371171	371137	??
ZZ	1959	41426	  1	  8	 11	  0	371137	371137	371144	371144	371144	371144	371161	371161	371161	371161	371148	371148	371148	371148	371152	371152	371152	371152	371200	371200	??
ZZ	1960	41447	  1	  7	 12	  0	371200	371170	371170	371170	371170	371187	371187	371187	371187	371212	371212	371212	371212	371246	371246	371246	371246	371192	371192	371192	??
ZZ	1961	41468	  1	  7	 12	  0	371084	371084	371084	371084	371300	371300	371300	371300	371149	371149	371149	371149	371287	371287	371287	371287	371180	371180	371180	371180	??
ZZ	1962	41489	  1	  7	 12	  0	371065	371065	371065	371174	371174	371174	371174	371135	371135	371135	371135	371179	371179	371179	371179	371287	371287	371287	371287	371163	??
ZZ	1963	41510	  1	  7	 12	  0	371163	371163	371238	371238	371238	371238	371197	371197	371197	371197	371178	371178	371178	371178	371121	371121	371121	371121	371109	371109	??
ZZ	1964	41531	  1	  7	 12	  0	371109	371129	371129	371129	371129	371145	371145	371145	371145	371126	371126	371126	371126	371178	371178	371178	371178	371137	371137	371137	??
ZZ	1965	41553	  1	  7	 12	  0	371167	371167	371167	371167	371099	371099	371099	371099	371167	371167	371167	371167	371139	371139	371139	371139	371114	371114	371114	371114	??
ZZ	1966	41574	  1	  7	 12	  0	371197	371197	371197	371253	371253	371253	371253	371039	371039	371039	371039	371114	371114	371114	371114	371012	371012	371012	371012	371194	??
ZZ	1967	41595	  1	  7	 12	  0	371194	371194	371173	371173	371173	371173	371311	371311	371311	371311	371238	371238	371238	371238	371239	371239	371239	371239	371247	371247	??
ZZ	1968	41616	  1	  7	 12	  0	371247	371207	371207	371207	371207	371265	371265	371265	371265	371227	371227	371227	371227	371230	371230	371230	371230	371163	371163	371163	??
ZZ	1969	41637	  1	  7	 12	  0	371178	371178	371178	371178	371140	371140	371140	371140	371141	371141	371141	371141	371076	371076	371076	371076	371140	371140	371140	371140	??
ZZ	1970	41658	  2	  9	 16	  0	371234	371234	371234	371185	371185	371185	371185	371182	371182	371182	371182	371238	371238	371238	371238	371201	371201	371201	371201	371175	??
ZZ	1971	41679	  2	  9	 16	  0	371175	371175	371200	371200	371200	371200	371203	371203	371203	371203	371088	371088	371088	371088	371126	371126	371126	371126	371175	371175	??
ZZ	1972	41701	  2	  9	 16	  0	371175	371174	371174	371174	371174	371213	371213	371213	371213	371182	371182	371182	371182	371133	371133	371133	371133	371141	371141	371141	??
ZZ	1973	41722	  2	  9	 16	  0	371306	371306	371306	371306	371231	371231	371231	371231	371222	371222	371222	371222	371234	371234	371234	371234	371104	371104	371104	371104	??
ZZ	1974	41743	  2	  9	 16	  0	371159	371159	371159	371278	371278	371278	371278	371196	371196	371196	371196	371170	371170	371170	371170	371069	371069	371069	371069	371133	??
ZZ	1975	41764	  2	  9	 16	  0	371133	371133	371159	371159	371159	371159	371167	371167	371167	371167	371182	371182	371182	371182	371163	371163	371163	371163	371150	371150	??
ZZ	1976	41785	  2	  9	 16	  0	371150	371174	371174	371174	371174	371321	371321	371321	371321	371219	371219	371219	371219	371300	371300	371300	371300	371159	371159	371159	??
ZZ	1977	41806	  2	  9	 16	  0	371176	371176	371176	371176	371216	371216	371216	371216	371234	371234	371234	371234	371142	371142	371142	371142	371159	371159	371159	371159	??
ZZ	1978	41827	  2	  9	 16	  0	371056	371056	371056	371110	371110	371110	371110	371227	371227	371227	371227	371152	371152	371152	371152	371231	371231	371231	371231	371054	??
ZZ	1979	41849	  2	  9	 16	  0	371054	371054	371166	371166	371166	371166	371227	371227	371227	371227	371046	371046	371046	371046	371150	371150	371150	371150	371137	371137	??
ZZ	1980	41870	  0	  8	 13	  0	371137	371142	371142	371142	371142	371281	371281	371281	371281	371272	371272	371272	371272	371183	371183	371183	371183	371095	371095	371095	??
ZZ	1981	41891	  0	  8	 13	  0	371230	371230	371230	371230	371177	371177	371177	371177	371182	371182	371182	371182	371242	371242	371242	371242	371188	371188	371188	371188	??
ZZ	1982	41912	  0	  8	 13	  0	371118	371118	371118	371124	371124	371124	371124	371209	371209	371209	371209	371313	371313	371313	371313	371250	371250	371250	371250	371178	??
ZZ	1983	41933	  0	  8	 13	  0	371178	371178	371216	371216	371216	371216	371154	371154	371154	371154	371080	371080	371080	371080	371125	371125	371125	371125	371152	371152	??
ZZ	1984	41954	  0	  8	 13	  0	371152	371182	371182	371182	371182	371196	371196	371196	371196	371251	371251	371251	371251	371039	371039	371039	371039	371118	371118	371118	??
ZZ	1985	41976	  0	  8	 13	  0	371216	371216	371216	371216	371257	371257	371257	371257	371170	371170	371170	371170	371159	371159	371159	371159	371168	371168	371168	371168	??
ZZ	1986	41997	  0	  8	 13	  0	371182	371182	371182	371306	371306	371306	371306	371203	371203	371203	371203	371209	371209	371209	371209	371246	371246	371246	371246	371184	??
ZZ	1987	42018	  0	  8	 13	  0	371184	371184	371137	371137	371137	371137	371227	371227	371227	371227	371159	371159	371159	371159	371219	371219	371219	371219	371145	371145	??
ZZ	1988	42039	  0	  8	 13	  0	371145	371099	371099	371099	371099	371167	371167	371167	371167	371152	371152	371152	371152	371254	371254	371254	371254	371137	371137	371137	??
ZZ	1989	42060	  0	  8	 13	  0	371159	371159	371159	371159	371140	371140	371140	371140	371027	371027	371027	371027	371154	371154	371154	371154	371118	371118	371118	371118	??
ZZ	1990	42081	  0	  8	 13	  0	371138	371138	371138	371197	371197	371197	371197	371088	371088	371088	371088	371198	371198	371198	371198	371160	371160	371160	371160	371091	??
ZZ	1991	42102	  0	  8	 13	  0	371091	371091	371164	371164	371164	371164	371095	371095	371095	371095	371224	371224	371224	371224	371149	371149	371149	371149	371227	371227	??
ZZ	1992	42124	  0	  8	 13	  0	371227	371179	371179	371179	371179	371148	371148	371148	371148	371209	371209	371209	371209	371173	371173	371173	371173	371197	371197	371197	??
ZZ	1993	42145	  0	  4	 17	  0	371227	371227	371227	371227	371162	371162	371162	371162	371201	371201	371201	371201	371163	371163	371163	371163	371164	371164	371164	371164	??
ZZ	1994	42166	  0	  4	 17	  0	371162	371162	371162	371199	371199	371199	371199	371189	371189	371189	371189	371208	371208	371208	371208	371180	371180	371180	371180	371178	??
ZZ	1995	42187	  0	  4	 17	  0	371178	371178	371182	371182	371182	371182	371186	371186	371186	371186	371182	371182	371182	371182	371159	371159	371159	371159	371172	371172	??
ZZ	1996	42208	  0	  4	 17	  0	371172	371193	371193	371193	371193	371150	371150	371150	371150	371035	371035	371035	371035	371152	371152	371152	371152	371140	371140	371140	??
ZZ	1997	42230	  0	  4	 17	  0	371020	371020	371020	371020	371201	371201	371201	371201	371098	371098	371098	371098	371129	371129	371129	371129	371102	371102	371102	371102	??
ZZ	1998	42251	  0	  4	 17	  0	371182	371182	371182	371248	371248	371248	371248	371208	371208	371208	371208	371234	371234	371234	371234	371189	371189	371189	371189	371225	??
ZZ	1999	42272	  0	  4	 17	  0	371225	371225	371283	371283	371283	371283	371125	371125	371125	371125	371183	371183	371183	371183	371223	371223	371223	371223	371187	371187	??
ZZ	2000	42293	  0	  2	  6	  0	371187	371216	371216	371216	371216	371152	371152	371152	371152	371174	371174	371174	371174	371133	371133	371133	371133	371174	371174	371174	??
ZZ	2001	42314	  0	  2	  6	  0	371135	371135	371135	371135	371155	371155	371155	371155	371189	371189	371189	371189	371142	371142	371142	371142	371216	371216	371216	371216	??
ZZ	2002	42335	  0	  2	  6	  0	371202	371202	371202	371185	371185	371185	371185	371159	371159	371159	371159	371156	371156	371156	371156	371125	371125	371125	371125	371201	??
ZZ	2003	42356	  0	  2	  6	  0	371201	371201	371164	371164	371164	371164	371174	371174	371174	371174	371114	371114	371114	371114	371128	371128	371128	371128	371280	371280	??
ZZ	2004	42377	  0	  2	  6	  0	371280	371140	371140	371140	371140	371050	371050	371050	371050	371242	371242	371242	371242	371144	371144	371144	371144	371193	371193	371193	??
ZZ	2005	42399	  0	  2	  6	  0	371272	371272	371272	371272	371210	371210	371210	371210	371209	371209	371209	371209	371223	371223	371223	371223	371213	371213	371213	371213	??
ZZ	2006	42420	  0	  2	  6	  0	371114	371114	371114	371173	371173	371173	371173	371125	371125	371125	371125	371167	371167	371167	371167	371178	371178	371178	371178	371155	??
ZZ	2007	42441	  0	  2	  6	  0	371155	371155	371234	371234	371234	371234	371198	371198	371198	371198	371212	371212	371212	371212	371185	371185	371185	371185	371200	371200	??
ZZ	2008	42462	  0	  2	  6	  0	371200	371129	371129	371129	371129	371103	371103	371103	371103	371220	371220	371220	371220	371133	371133	371133	371133	371194	371194	371194	??
ZZ	2009	42483	  0	  2	  6	  0	371261	371261	371261	371261	371129	371129	371129	371129	371180	371180	371180	371180	371170	371170	371170	371170	371175	371175	371175	371175	??
ZZ	2010	42504	  0	  6	 11	  0	371193	371193	371193	371103	371103	371103	371103	371167	371167	371167	371167	371219	371219	371219	371219	371091	371091	371091	371091	371186	??
ZZ	2011	42526	  0	  6	 11	  0	371186	371186	371178	371178	371178	371178	371148	371148	371148	371148	371203	371203	371203	371203	371287	371287	371287	371287	371221	371221	??
ZZ	2012	42547	  0	  6	 11	  0	371221	371088	371088	371088	371088	371201	371201	371201	371201	371213	371213	371213	371213	371213	371213	371213	371213	371197	371197	371197	??
ZZ	2013	42568	  0	  6	 11	  0	371163	371163	371163	371163	371227	371227	371227	371227	371125	371125	371125	371125	371206	371206	371206	371206	371088	371088	371088	371088	??
ZZ	2014	42589	  0	  6	 11	  0	371178	371178	371178	371129	371129	371129	371129	371144	371144	371144	371144	371220	371220	371220	371220	371216	371216	371216	371216	371201	??
ZZ	2015	42610	  0	  6	 11	  0	371201	371201	371228	371228	371228	371228	371080	371080	371080	371080	371258	371258	371258	371258	371167	371167	371167	371167	371238	371238	??
ZZ	2016	42631	  0	  6	 11	  0	371238	371200	371200	371200	371200	371095	371095	371095	371095	371159	371159	371159	371159	371128	371128	371128	371128	371163	371163	371163	??
ZZ	2017	42652	  0	  6	 11	  0	371237	371237	371237	371237	371192	371192	371192	371192	371163	371163	371163	371163	371228	371228	371228	371228	371193	371193	371193	371193	??
ZZ	2018	42673	  0	  6	 11	  0	371276	371276	371276	371245	371245	371245	371245	371201	371201	371201	371201	371216	371216	371216	371216	371142	371142	371142	371142	371152	??
ZZ	2019	42695	  0	  6	 11	  0	371152	371152	371125	371125	371125	371125	371162	371162	371162	371162	371266	371266	371266	371266	371253	371253	371253	371253	371217	371217	??
ZZ	2020	42716	  2	 10	 15	  0	371217	371227	371227	371227	371227	371160	371160	371160	371160	371242	371242	371242	371242	371185	371185	371185	371185	371222	371222	371222	??
ZZ	2021	42737	  2	 10	 15	  0	371148	371148	371148	371148	371118	371118	371118	371118	371145	371145	371145	371145	371001	371001	371001	371001	371101	371101	371101	371101	??
ZZ	2022	42758	  2	 10	 15	  0	371178	371178	371178	371125	371125	371125	371125	371157	371157	371157	371157	371110	371110	371110	371110	371246	371246	371246	371246	371222	??
ZZ	2023	42779	  2	 10	 15	  0	371222	371222	371204	371204	371204	371204	371291	371291	371291	371291	371248	371248	371248	371248	371148	371148	371148	371148	371106	371106	??
ZZ	2024	42800	  2	 10	 15	  0	371106	371162	371162	371162	371162	371198	371198	371198	371198	371126	371126	371126	371126	371232	371232	371232	371232	371234	371234	371234	??
ZZ	2025	42822	  2	 10	 15	  0	371252	371252	371252	371252	371291	371291	371291	371291	371189	371189	371189	371189	371205	371205	371205	371205	371073	371073	371073	371073	??
ZZ	2026	42843	  2	 10	 15	  0	371147	371147	371147	371155	371155	371155	371155	371178	371178	371178	371178	371168	371168	371168	371168	371179	371179	371179	371179	371227	??
ZZ	2027	42864	  2	 10	 15	  0	371227	371227	371173	371173	371173	371173	371076	371076	371076	371076	371186	371186	371186	371186	371129	371129	371129	371129	371095	371095	??
ZZ	2028	42885	  2	 10	 15	  0	371095	371130	371130	371130	371130	371129	371129	371129	371129	371257	371257	371257	371257	371199	371199	371199	371199	371232	371232	371232	??
ZZ	2029	42906	  2	 10	 15	  0	371110	371110	371110	371110	371202	371202	371202	371202	371155	371155	371155	371155	371251	371251	371251	371251	371201	371201	371201	371201	??
ZZ	2030	42927	  2	 11	 27	  0	371242	371242	371242	371178	371178	371178	371178	371197	371197	371197	371197	371121	371121	371121	371121	371160	371160	371160	371160	371058	??
ZZ	2031	42948	  2	 11	 27	  0	371058	371058	371121	371121	371121	371121	371125	371125	371125	371125	371118	371118	371118	371118	371268	371268	371268	371268	371170	371170	??
ZZ	2032	42970	  2	 11	 27	  0	371170	371114	371114	371114	371114	371174	371174	371174	371174	371159	371159	371159	371159	371277	371277	371277	371277	371168	371168	371168	??
ZZ	2033	42991	  2	 11	 27	  0	371249	371249	371249	371249	371118	371118	371118	371118	371157	371157	371157	371157	371204	371204	371204	371204	371182	371182	371182	371182	??
ZZ	2034	43012	  2	 11	 27	  0	371178	371178	371178	371198	371198	371198	371198	371120	371120	371120	371120	371200	371200	371200	371200	371103	371103	371103	371103	371105	??
ZZ	2035	43033	  2	 11	 27	  0	371105	371105	371238	371238	371238	371238	371219	371219	371219	371219	371209	371209	371209	371209	371133	371133	371133	371133	371188	371188	??
ZZ	2036	43054	  2	 11	 27	  0	371188	371099	371099	371099	371099	371281	371281	371281	371281	371194	371194	371194	371194	371170	371170	371170	371170	371198	371198	371198	??
ZZ	2037	43076	  2	 11	 27	  0	371174	371174	371174	371174	371099	371099	371099	371099	371137	371137	371137	371137	371072	371072	371072	371072	371280	371280	371280	371280	??
ZZ	2038	43097	  2	 11	 27	  0	371121	371121	371121	371114	371114	371114	371114	371223	371223	371223	371223	371156	371156	371156	371156	371219	371219	371219	371219	371238	??
ZZ	2039	43118	  2	 11	 27	  0	371238	371238	371169	371169	371169	371169	371243	371243	371243	371243	371178	371178	371178	371178	371175	371175	371175	371175	371239	371239	??
ZZ	2040	43139	  2	 11	 27	  0	371239	371170	371170	371170	371170	371167	371167	371167	371167	371058	371058	371058	371058	371158	371158	371158	371158	371185	371185	371185	??
ZZ	2041	43160	  2	 11	 27	  0	370979	370979	370979	370979	371096	371096	371096	371096	371114	371114	371114	371114	371246	371246	371246	371246	371173	371173	371173	371173	??
ZZ	2042	43181	  2	  8	 13	  0	371247	371247	371247	371169	371169	371169	371169	371212	371212	371212	371212	371249	371249	371249	371249	371202	371202	371202	371202	371212	??
ZZ	2043	43202	  2	  8	 13	  0	371212	371212	371268	371268	371268	371268	371179	371179	371179	371179	371141	371141	371141	371141	371238	371238	371238	371238	371140	371140	??
ZZ	2044	43224	  2	  8	 13	  0	371140	371159	371159	371159	371159	371166	371166	371166	371166	371280	371280	371280	371280	371058	371058	371058	371058	371181	371181	371181	??
ZZ	2045	43245	  2	  8	 13	  0	371223	371223	371223	371223	371148	371148	371148	371148	371183	371183	371183	371183	371110	371110	371110	371110	371144	371144	371144	371144	??
ZZ	2046	43266	  2	  8	 13	  0	371133	371133	371133	371263	371263	371263	371263	371180	371180	371180	371180	371197	371197	371197	371197	371249	371249	371249	371249	371200	??
ZZ	2047	43287	  2	  8	 13	  0	371200	371200	371152	371152	371152	371152	371163	371163	371163	371163	371141	371141	371141	371141	371107	371107	371107	371107	371143	371143	??
ZZ	2048	43308	  2	  8	 13	  0	371143	371159	371159	371159	371159	371182	371182	371182	371182	371119	371119	371119	371119	371174	371174	371174	371174	371257	371257	371257	??
ZZ	2049	43329	  2	  8	 13	  0	371160	371160	371160	371160	371249	371249	371249	371249	371258	371258	371258	371258	371218	371218	371218	371218	371140	371140	371140	371140	??
ZZ	2050	43350	  2	  5	 14	  0	371130	371130	371130	371249	371249	371249	371249	371265	371265	371265	371265	371210	371210	371210	371210	371061	371061	371061	371061	371201	??
ZZ	2051	43371	  2	  5	 14	  0	371201	371201	371177	371177	371177	371177	371273	371273	371273	371273	371125	371125	371125	371125	371223	371223	371223	371223	371262	371262	??
ZZ	2052	43393	  2	  5	 14	  0	371262	371184	371184	371184	371184	371076	371076	371076	371076	371182	371182	371182	371182	371120	371120	371120	371120	371095	371095	371095	??
ZZ	2053	43414	  2	  5	 14	  0	371137	371137	371137	371137	371140	371140	371140	371140	371091	371091	371091	371091	371280	371280	371280	371280	371124	371124	371124	371124	??
ZZ	2054	43435	  2	  5	 14	  0	371143	371143	371143	371075	371075	371075	371075	371054	371054	371054	371054	371193	371193	371193	371193	371126	371126	371126	371126	371133	??
ZZ	2055	43456	  2	  5	 14	  0	371133	371133	371192	371192	371192	371192	371226	371226	371226	371226	371182	371182	371182	371182	371178	371178	371178	371178	371181	371181	??
ZZ	2056	43477	  2	  5	 14	  0	371181	371111	371111	371111	371111	371138	371138	371138	371138	371182	371182	371182	371182	371167	371167	371167	371167	371165	371165	371165	??
ZZ	2057	43499	  2	  5	 14	  0	371054	371054	371054	371054	371076	371076	371076	371076	371089	371089	371089	371089	371016	371016	371016	371016	371109	371109	371109	371109	??
ZZ	2058	43520	  2	  5	 14	  0	371288	371288	371288	371193	371193	371193	371193	371229	371229	371229	371229	371277	371277	371277	371277	371273	371273	371273	371273	371257	??
ZZ	2059	43541	  2	  5	 14	  0	371257	371257	371144	371144	371144	371144	371208	371208	371208	371208	371170	371170	371170	371170	371261	371261	371261	371261	371197	371197	??
ZZ	2060	43562	  2	  3	 16	  0	371197	371322	371322	371322	371322	371107	371107	371107	371107	371186	371186	371186	371186	371160	371160	371160	371160	371016	371016	371016	??
ZZ	2061	43583	  2	  3	 16	  0	371163	371163	371163	371163	371114	371114	371114	371114	371238	371238	371238	371238	371169	371169	371169	371169	371232	371232	371232	371232	??
ZZ	2062	43604	  2	  3	 16	  0	371231	371231	371231	371103	371103	371103	371103	371159	371159	371159	371159	371140	371140	371140	371140	371054	371054	371054	371054	371201	??
ZZ	2063	43625	  2	  3	 16	  0	371201	371201	371137	371137	371137	371137	371228	371228	371228	371228	371216	371216	371216	371216	371209	371209	371209	371209	371133	371133	??
ZZ	2064	43646	  2	  3	 16	  0	371133	371145	371145	371145	371145	371201	371201	371201	371201	371228	371228	371228	371228	371167	371167	371167	371167	371272	371272	371272	??
ZZ	2065	43668	  2	  3	 16	  0	371238	371238	371238	371238	371222	371222	371222	371222	371163	371163	371163	371163	371246	371246	371246	371246	371210	371210	371210	371210	??
ZZ	2066	43689	  2	  3	 16	  0	371267	371267	371267	371239	371239	371239	371239	371073	371073	371073	371073	371095	371095	371095	371095	371158	371158	371158	371158	371145	??
ZZ	2067	43710	  2	  3	 16	  0	371145	371145	371132	371132	371132	371132	371168	371168	371168	371168	371121	371121	371121	371121	371295	371295	371295	371295	371161	371161	??
ZZ	2068	43731	  2	  3	 16	  0	371161	371229	371229	371229	371229	371179	371179	371179	371179	371281	371281	371281	371281	371310	371310	371310	371310	371230	371230	371230	??
ZZ	2069	43752	  2	  3	 16	  0	371174	371174	371174	371174	371174	371174	371174	371174	371092	371092	371092	371092	371163	371163	371163	371163	371172	371172	371172	371172	??
ZZ	2070	43773	  1	  2	 23	  0	371163	371163	371163	371288	371288	371288	371288	371116	371116	371116	371116	371159	371159	371159	371159	371106	371106	371106	371106	371142	??
ZZ	2071	43795	  1	  2	 23	  0	371142	371142	371283	371283	371283	371283	371287	371287	371287	371287	371242	371242	371242	371242	371193	371193	371193	371193	371223	371223	??
ZZ	2072	43816	  1	  2	 23	  0	371223	371223	371223	371223	371223	371061	371061	371061	371061	371197	371197	371197	371197	371031	371031	371031	371031	371148	371148	371148	??
ZZ	2073	43837	  1	  2	 23	  0	371106	371106	371106	371106	371243	371243	371243	371243	371216	371216	371216	371216	371188	371188	371188	371188	371276	371276	371276	371276	??
ZZ	2074	43858	  1	  2	 23	  0	371208	371208	371208	371203	371203	371203	371203	371235	371235	371235	371235	371167	371167	371167	371167	371212	371212	371212	371212	371145	??
ZZ	2075	43879	  1	  2	 23	  0	371145	371145	371163	371163	371163	371163	371165	371165	371165	371165	371088	371088	371088	371088	371160	371160	371160	371160	371009	371009	??
ZZ	2076	43900	  1	  2	 23	  0	371009	371052	371052	371052	371052	371216	371216	371216	371216	371152	371152	371152	371152	371195	371195	371195	371195	371186	371186	371186	??
ZZ	2077	43921	  1	  2	 23	  0	371122	371122	371122	371122	371140	371140	371140	371140	371143	371143	371143	371143	371198	371198	371198	371198	371159	371159	371159	371159	??
ZZ	2078	43943	  1	  2	 23	  0	370997	370997	370997	371133	371133	371133	371133	371315	371315	371315	371315	371182	371182	371182	371182	371212	371212	371212	371212	371249	??
ZZ	2079	43964	  1	  2	 23	  0	371249	371249	371076	371076	371076	371076	371150	371150	371150	371150	371246	371246	371246	371246	371190	371190	371190	371190	371199	371199	??
ZZ	2080	43985	  1	  2	 23	  0	371199	371261	371261	371261	371261	371187	371187	371187	371187	371194	371194	371194	371194	371253	371253	371253	371253	371184	371184	371184	??
ZZ	2081	44006	  1	  2	 23	  0	371227	371227	371227	371227	371189	371189	371189	371189	371213	371213	371213	371213	371110	371110	371110	371110	371172	371172	371172	371172	??
ZZ	2082	44027	  1	  2	 23	  0	371142	371142	371142	371155	371155	371155	371155	371137	371137	371137	371137	371205	371205	371205	371205	371257	371257	371257	371257	371258	??
ZZ	2083	44048	  1	  5	 31	  0	371258	371258	371201	371201	371201	371201	371155	371155	371155	371155	371158	371158	371158	371158	371257	371257	371257	371257	371126	371126	??
ZZ	2084	44069	  1	  5	 31	  0	371126	371046	371046	371046	371046	371198	371198	371198	371198	371213	371213	371213	371213	371216	371216	371216	371216	371194	371194	371194	??
ZZ	2085	44091	  1	  5	 31	  0	371198	371198	371198	371198	371175	371175	371175	371175	371095	371095	371095	371095	371178	371178	371178	371178	371204	371204	371204	371204	??
ZZ	2086	44112	  1	  5	 31	  0	371132	371132	371132	371252	371252	371252	371252	371175	371175	371175	371175	371196	371196	371196	371196	371182	371182	371182	371182	371156	??
ZZ	2087	44133	  1	  5	 31	  0	371156	371156	371186	371186	371186	371186	371020	371020	371020	371020	371084	371084	371084	371084	371136	371136	371136	371136	371163	371163	??
ZZ	2088	44154	  1	  5	 31	  0	371163	371228	371228	371228	371228	371008	371008	371008	371008	371265	371265	371265	371265	371177	371177	371177	371177	371088	371088	371088	??
ZZ	2089	44175	  1	  5	 31	  0	371125	371125	371125	371125	371155	371155	371155	371155	371163	371163	371163	371163	371220	371220	371220	371220	371142	371142	371142	371142	??
ZZ	2090	44196	  1	  5	 35	  0	371132	371132	371132	371137	371137	371137	371137	371156	371156	371156	371156	371182	371182	371182	371182	371079	371079	371079	371079	371231	??
ZZ	2091	44217	  1	  5	 35	  0	371231	371231	371046	371046	371046	371046	371170	371170	371170	371170	371152	371152	371152	371152	371291	371291	371291	371291	371227	371227	??
ZZ	2092	44239	  1	  5	 35	  0	371227	371163	371163	371163	371163	371233	371233	371233	371233	371160	371160	371160	371160	371174	371174	371174	371174	371215	371215	371215	??
ZZ	2093	44260	  1	  5	 35	  0	371163	371163	371163	371163	371148	371148	371148	371148	371176	371176	371176	371176	371156	371156	371156	371156	371156	371156	371156	371156	??
ZZ	2094	44281	  1	  5	 35	  0	371075	371075	371075	371297	371297	371297	371297	371204	371204	371204	371204	371159	371159	371159	371159	371306	371306	371306	371306	371189	??
ZZ	2095	44302	  1	  5	 35	  0	371189	371189	371133	371133	371133	371133	371163	371163	371163	371163	371168	371168	371168	371168	371209	371209	371209	371209	371224	371224	??
ZZ	2096	44323	  1	  5	 35	  0	371224	371121	371121	371121	371121	371103	371103	371103	371103	371132	371132	371132	371132	371227	371227	371227	371227	371095	371095	371095	??
ZZ	2097	44344	  1	  5	 35	  0	371166	371166	371166	371166	371262	371262	371262	371262	371212	371212	371212	371212	371182	371182	371182	371182	371061	371061	371061	371061	??
ZZ	2098	44366	  1	  5	 35	  0	371142	371142	371142	371073	371073	371073	371073	371246	371246	371246	371246	371166	371166	371166	371166	371170	371170	371170	371170	371257	??
ZZ	2099	44387	  1	  5	 35	  0	371257	371257	371181	371181	371181	371181	371171	371171	371171	371171	371283	371283	371283	371283	371226	371226	371226	371226	371249	371249	??
ZZ	2100	44408	  1	  9	 34	  0	371249	371125	371125	371125	371125	371204	371204	371204	371204	371220	371220	371220	371220	371192	371192	371192	371192	371163	371163	371163	??
ZZ	2101	44429	  1	  9	 34	  0	371216	371216	371216	371216	371197	371197	371197	371197	371235	371235	371235	371235	371182	371182	371182	371182	371188	371188	371188	371188	??
ZZ	2102	44450	  1	  9	 34	  0	371106	371106	371106	371170	371170	371170	371170	371300	371300	371300	371300	371152	371152	371152	371152	371141	371141	371141	371141	371122	??
ZZ	2103	44471	  1	  9	 34	  0	371122	371122	371110	371110	371110	371110	371140	371140	371140	371140	371133	371133	371133	371133	371220	371220	371220	371220	371190	371190	??
ZZ	2104	44492	  1	  9	 34	  0	371190	371208	371208	371208	371208	371163	371163	371163	371163	371126	371126	371126	371126	371155	371155	371155	371155	371108	371108	371108	??
ZZ	2105	44514	  1	  9	 34	  0	371118	371118	371118	371118	371155	371155	371155	371155	371170	371170	371170	371170	371249	371249	371249	371249	371235	371235	371235	371235	??
ZZ	2106	44535	  1	  9	 34	  0	371167	371167	371167	371130	371130	371130	371130	371139	371139	371139	371139	371144	371144	371144	371144	371268	371268	371268	371268	371190	??
ZZ	2107	44556	  1	  9	 34	  0	371190	371190	371148	371148	371148	371148	371118	371118	371118	371118	371178	371178	371178	371178	371216	371216	371216	371216	371253	371253	??
ZZ	2108	44577	  1	  9	 34	  0	371253	371317	371317	371317	371317	371133	371133	371133	371133	371201	371201	371201	371201	371118	371118	371118	371118	371114	371114	371114	??
ZZ	2109	44598	  1	  9	 34	  0	371204	371204	371204	371204	371110	371110	371110	371110	371193	371193	371193	371193	371181	371181	371181	371181	371201	371201	371201	371201	??
ZZ	2110	44619	  1	 15	 29	  0	371215	371215	371215	371201	371201	371201	371201	371185	371185	371185	371185	371188	371188	371188	371188	371336	371336	371336	371336	371178	??
ZZ	2111	44640	  1	 15	 29	  0	371178	371178	371213	371213	371213	371213	371208	371208	371208	371208	371171	371171	371171	371171	371177	371177	371177	371177	371091	371091	??
ZZ	2112	44662	  1	 15	 29	  0	371091	371131	371131	371131	371131	371133	371133	371133	371133	371099	371099	371099	371099	371138	371138	371138	371138	371141	371141	371141	??
ZZ	2113	44683	  1	 15	 29	  0	371237	371237	371237	371237	371146	371146	371146	371146	371170	371170	371170	371170	371092	371092	371092	371092	371093	371093	371093	371093	??
ZZ	2114	44704	  1	 15	 29	  0	371133	371133	371133	371154	371154	371154	371154	371272	371272	371272	371272	371208	371208	371208	371208	371168	371168	371168	371168	371152	??
ZZ	2115	44725	  1	 15	 29	  0	371152	371152	371152	371152	371152	371152	371115	371115	371115	371115	371269	371269	371269	371269	371257	371257	371257	371257	371224	371224	??
ZZ	2116	44746	  1	 15	 29	  0	371224	371261	371261	371261	371261	371238	371238	371238	371238	371156	371156	371156	371156	371054	371054	371054	371054	371174	371174	371174	??
ZZ	2117	44768	  1	 15	 29	  0	371091	371091	371091	371091	371103	371103	371103	371103	371127	371127	371127	371127	371208	371208	371208	371208	371187	371187	371187	371187	??
ZZ	2118	44789	  1	 15	 29	  0	371096	371096	371096	371174	371174	371174	371174	371170	371170	371170	371170	371137	371137	371137	371137	371247	371247	371247	371247	371192	??
ZZ	2119	44810	  1	 15	 29	  0	371192	371192	371212	371212	371212	371212	371182	371182	371182	371182	371197	371197	371197	371197	371054	371054	371054	371054	371138	371138	??
ZZ	2120	44831	  0	 20	 21	  0	371138	371166	371166	371166	371166	371296	371296	371296	371296	371229	371229	371229	371229	371223	371223	371223	371223	371197	371197	371197	??
ZZ	2121	44852	  0	 20	 21	  0	371164	371164	371164	371164	371254	371254	371254	371254	371129	371129	371129	371129	371179	371179	371179	371179	371179	371179	371179	371179	??
ZZ	2122	44873	  0	 20	 21	  0	371158	371158	371158	371193	371193	371193	371193	371212	371212	371212	371212	371203	371203	371203	371203	371193	371193	371193	371193	371242	??
ZZ	2123	44894	  0	 20	 21	  0	371242	371242	371209	371209	371209	371209	371213	371213	371213	371213	371276	371276	371276	371276	371183	371183	371183	371183	371307	371307	??
ZZ	2124	44915	  0	 20	 21	  0	371307	371239	371239	371239	371239	371198	371198	371198	371198	371193	371193	371193	371193	371193	371193	371193	371193	371239	371239	371239	??
ZZ	2125	44937	  0	 20	 21	  0	371286	371286	371286	371286	371177	371177	371177	371177	371140	371140	371140	371140	371069	371069	371069	371069	371123	371123	371123	371123	??
ZZ	2126	44958	  0	 20	 21	  0	371212	371212	371212	371185	371185	371185	371185	371216	371216	371216	371216	371197	371197	371197	371197	371193	371193	371193	371193	371248	??
ZZ	2127	44979	  0	 20	 21	  0	371248	371248	371073	371073	371073	371073	371164	371164	371164	371164	371221	371221	371221	371221	371145	371145	371145	371145	371149	371149	??
ZZ	2128	45000	  0	 20	 21	  0	371149	371107	371107	371107	371107	371131	371131	371131	371131	371175	371175	371175	371175	371193	371193	371193	371193	371208	371208	371208	??
ZZ	2129	45021	  0	 20	 21	  0	371145	371145	371145	371145	371249	371249	371249	371249	371178	371178	371178	371178	371178	371178	371178	371178	371205	371205	371205	371205	??
ZZ	2130	45042	  0	 20	 21	  0	371161	371161	371161	371189	371189	371189	371189	371109	371109	371109	371109	371257	371257	371257	371257	371140	371140	371140	371140	371193	??
ZZ	2131	45064	  0	 20	 21	  0	371193	371193	371204	371204	371204	371204	371185	371185	371185	371185	371183	371183	371183	371183	371065	371065	371065	371065	371169	371169	??
ZZ	2132	45085	  0	 20	  5	  0	371169	371200	371200	371200	371200	371133	371133	371133	371133	371078	371078	371078	371078	371163	371163	371163	371163	371163	371163	371163	??
ZZ	2133	45106	  0	 20	  5	  0	371189	371189	371189	371189	371069	371069	371069	371069	371209	371209	371209	371209	371163	371163	371163	371163	371133	371133	371133	371133	??
ZZ	2134	45127	  0	 20	  5	  0	371202	371202	371202	371181	371181	371181	371181	371213	371213	371213	371213	371166	371166	371166	371166	371216	371216	371216	371216	371304	??
ZZ	2135	45148	  0	 20	  5	  0	371304	371304	371182	371182	371182	371182	371302	371302	371302	371302	371238	371238	371238	371238	371240	371240	371240	371240	371174	371174	??
ZZ	2136	45169	  0	 20	  5	  0	371174	371182	371182	371182	371182	371336	371336	371336	371336	371257	371257	371257	371257	371227	371227	371227	371227	371080	371080	371080	??
ZZ	2137	45190	  0	 20	  5	  0	371238	371238	371238	371238	371149	371149	371149	371149	371266	371266	371266	371266	371152	371152	371152	371152	371177	371177	371177	371177	??
ZZ	2138	45211	  0	 20	  5	  0	371330	371330	371330	371227	371227	371227	371227	371182	371182	371182	371182	371193	371193	371193	371193	371139	371139	371139	371139	371020	??
ZZ	2139	45233	  0	 20	  5	  0	371020	371020	371238	371238	371238	371238	371145	371145	371145	371145	371243	371243	371243	371243	371227	371227	371227	371227	371145	371145	??
ZZ	2140	45254	  0	 17	  5	  0	371145	371204	371204	371204	371204	371158	371158	371158	371158	371174	371174	371174	371174	371193	371193	371193	371193	371169	371169	371169	??
ZZ	2141	45275	  0	 17	  5	  0	371332	371332	371332	371332	371201	371201	371201	371201	371207	371207	371207	371207	371227	371227	371227	371227	371178	371178	371178	371178	??
ZZ	2142	45296	  0	 17	  5	  0	371159	371159	371159	371186	371186	371186	371186	371155	371155	371155	371155	371129	371129	371129	371129	371197	371197	371197	371197	371179	??
ZZ	2143	45317	  0	 17	  5	  0	371179	371179	371208	371208	371208	371208	371204	371204	371204	371204	371207	371207	371207	371207	371144	371144	371144	371144	371216	371216	??
ZZ	2144	45338	  0	 17	  5	  0	371216	371129	371129	371129	371129	371182	371182	371182	371182	371174	371174	371174	371174	371005	371005	371005	371005	371272	371272	371272	??
ZZ	2145	45360	  0	 17	  5	  0	371176	371176	371176	371176	371145	371145	371145	371145	371340	371340	371340	371340	371187	371187	371187	371187	371133	371133	371133	371133	??
ZZ	2146	45381	  0	 17	  5	  0	371101	371101	371101	371183	371183	371183	371183	371193	371193	371193	371193	371205	371205	371205	371205	371272	371272	371272	371272	371125	??
ZZ	2147	45402	  0	 17	  5	  0	371125	371125	371241	371241	371241	371241	371220	371220	371220	371220	371133	371133	371133	371133	371201	371201	371201	371201	371073	371073	??
ZZ	2148	45423	  0	 17	  5	  0	371073	371181	371181	371181	371181	371080	371080	371080	371080	371216	371216	371216	371216	371189	371189	371189	371189	371197	371197	371197	??
ZZ	2149	45444	  0	 17	  5	  0	371155	371155	371155	371155	371208	371208	371208	371208	371258	371258	371258	371258	371227	371227	371227	371227	371243	371243	371243	371243	??
ZZ	2150	45465	  1	 12	  4	  0	371189	371189	371189	371189	371189	371189	371189	371224	371224	371224	371224	371204	371204	371204	371204	371126	371126	371126	371126	371287	??
ZZ	2151	45486	  1	 12	  4	  0	371287	371287	371246	371246	371246	371246	371206	371206	371206	371206	371205	371205	371205	371205	371182	371182	371182	371182	371183	371183	??
ZZ	2152	45508	  1	 12	  4	  0	371183	371179	371179	371179	371179	371189	371189	371189	371189	371306	371306	371306	371306	371189	371189	371189	371189	371236	371236	371236	??
ZZ	2153	45529	  1	 12	  4	  0	371125	371125	371125	371125	371239	371239	371239	371239	371169	371169	371169	371169	371110	371110	371110	371110	371167	371167	371167	371167	??
ZZ	2154	45550	  1	 12	  4	  0	371193	371193	371193	371290	371290	371290	371290	371245	371245	371245	371245	371185	371185	371185	371185	371219	371219	371219	371219	371197	??
ZZ	2155	45571	  1	 12	  4	  0	371197	371197	371185	371185	371185	371185	371152	371152	371152	371152	371089	371089	371089	371089	371261	371261	371261	371261	371178	371178	??
ZZ	2156	45592	  1	 12	  4	  0	371178	371163	371163	371163	371163	371216	371216	371216	371216	371198	371198	371198	371198	371163	371163	371163	371163	371249	371249	371249	??
ZZ	2157	45614	  1	 12	  4	  0	371221	371221	371221	371221	371198	371198	371198	371198	371039	371039	371039	371039	371161	371161	371161	371161	371167	371167	371167	371167	??
ZZ	2158	45635	  1	 12	  4	  0	371192	371192	371192	371110	371110	371110	371110	371189	371189	371189	371189	371200	371200	371200	371200	371144	371144	371144	371144	371257	??
ZZ	2159	45656	  1	 12	  4	  0	371257	371257	371202	371202	371202	371202	371171	371171	371171	371171	371163	371163	371163	371163	371186	371186	371186	371186	371213	371213	??
ZZ	2160	45677	  2	 10	  5	  0	371213	371214	371214	371214	371214	371189	371189	371189	371189	371185	371185	371185	371185	371163	371163	371163	371163	371255	371255	371255	??
ZZ	2161	45698	  2	 10	  5	  0	371207	371207	371207	371207	371236	371236	371236	371236	371133	371133	371133	371133	371197	371197	371197	371197	371169	371169	371169	371169	??
ZZ	2162	45719	  2	 10	  5	  0	371229	371229	371229	371199	371199	371199	371199	371243	371243	371243	371243	371121	371121	371121	371121	371200	371200	371200	371200	371254	??
ZZ	2163	45740	  2	 10	  5	  0	371254	371254	371160	371160	371160	371160	371230	371230	371230	371230	371162	371162	371162	371162	371155	371155	371155	371155	371170	371170	??
ZZ	2164	45761	  2	 10	  5	  0	371170	371092	371092	371092	371092	371161	371161	371161	371161	371219	371219	371219	371219	371140	371140	371140	371140	371105	371105	371105	??
ZZ	2165	45783	  2	 10	  5	  0	371133	371133	371133	371133	371174	371174	371174	371174	371109	371109	371109	371109	371238	371238	371238	371238	371133	371133	371133	371133	??
ZZ	2166	45804	  2	 10	  5	  0	371139	371139	371139	371182	371182	371182	371182	371100	371100	371100	371100	371185	371185	371185	371185	371296	371296	371296	371296	371185	??
ZZ	2167	45825	  2	 10	  5	  0	371185	371185	371216	371216	371216	371216	371133	371133	371133	371133	371183	371183	371183	371183	371099	371099	371099	371099	371149	371149	??
ZZ	2168	45846	  2	 10	  5	  0	371149	371132	371132	371132	371132	371129	371129	371129	371129	371162	371162	371162	371162	371261	371261	371261	371261	371137	371137	371137	??
ZZ	2169	45867	  2	 10	  5	  0	371212	371212	371212	371212	371103	371103	371103	371103	371174	371174	371174	371174	371153	371153	371153	371153	371185	371185	371185	371185	??
ZZ	2170	45888	  4	  8	  3	  0	371218	371218	371218	371152	371152	371152	371152	371288	371288	371288	371288	371177	371177	371177	371177	371110	371110	371110	371110	371212	??
ZZ	2171	45909	  4	  8	  3	  0	371212	371212	371111	371111	371111	371111	371265	371265	371265	371265	371216	371216	371216	371216	371145	371145	371145	371145	371126	371126	??
ZZ	2172	45931	  4	  8	  3	  0	371126	371150	371150	371150	371150	371249	371249	371249	371249	371084	371084	371084	371084	371140	371140	371140	371140	371178	371178	371178	??
ZZ	2173	45952	  4	  8	  3	  0	371232	371232	371232	371232	371204	371204	371204	371204	371110	371110	371110	371110	371144	371144	371144	371144	371132	371132	371132	371132	??
ZZ	2174	45973	  4	  8	  3	  0	371194	371194	371194	371205	371205	371205	371205	371234	371234	371234	371234	371234	371234	371234	371234	371217	371217	371217	371217	371197	??
ZZ	2175	45994	  4	  8	  3	  0	371197	371197	371149	371149	371149	371149	371161	371161	371161	371161	371189	371189	371189	371189	371306	371306	371306	371306	371189	371189	??
ZZ	2176	46015	  4	  8	  3	  0	371189	371149	371149	371149	371149	371235	371235	371235	371235	371145	371145	371145	371145	371163	371163	371163	371163	371130	371130	371130	??
ZZ	2177	46036	  4	  8	  3	  0	371261	371261	371261	371261	371110	371110	371110	371110	371187	371187	371187	371187	371152	371152	371152	371152	371174	371174	371174	371174	??
ZZ	2178	46057	  4	  8	  3	  0	371188	371188	371188	371155	371155	371155	371155	371139	371139	371139	371139	371170	371170	371170	371170	371242	371242	371242	371242	371139	??
ZZ	2179	46079	  4	  8	  3	  0	371139	371139	371125	371125	371125	371125	371118	371118	371118	371118	371136	371136	371136	371136	371190	371190	371190	371190	371187	371187	??
ZZ	2180	46100	  5	 11	  5	  0	371187	371128	371128	371128	371128	371174	371174	371174	371174	371165	371165	371165	371165	371170	371170	371170	371170	371133	371133	371133	??
ZZ	2181	46121	  5	 11	  5	  0	371214	371214	371214	371214	371099	371099	371099	371099	371088	371088	371088	371088	371127	371127	371127	371127	371201	371201	371201	371201	??
ZZ	2182	46142	  5	 11	  5	  0	371163	371163	371163	371242	371242	371242	371242	371148	371148	371148	371148	371214	371214	371214	371214	371216	371216	371216	371216	371163	??
ZZ	2183	46163	  5	 11	  5	  0	371163	371163	371172	371172	371172	371172	371076	371076	371076	371076	371163	371163	371163	371163	371166	371166	371166	371166	371106	371106	??
ZZ	2184	46184	  5	 11	  5	  0	371106	371189	371189	371189	371189	371140	371140	371140	371140	371031	371031	371031	371031	371129	371129	371129	371129	371193	371193	371193	??
ZZ	2185	46206	  5	 11	  5	  0	371197	371197	371197	371197	371199	371199	371199	371199	371076	371076	371076	371076	371253	371253	371253	371253	371211	371211	371211	371211	??
ZZ	2186	46227	  5	 11	  5	  0	371188	371188	371188	371216	371216	371216	371216	371228	371228	371228	371228	371080	371080	371080	371080	371022	371022	371022	371022	371179	??
ZZ	2187	46248	  5	 11	  5	  0	371179	371179	371035	371035	371035	371035	371110	371110	371110	371110	371209	371209	371209	371209	371174	371174	371174	371174	371191	371191	??
ZZ	2188	46269	  5	 11	  5	  0	371191	371287	371287	371287	371287	371215	371215	371215	371215	371141	371141	371141	371141	371163	371163	371163	371163	371184	371184	371184	??
ZZ	2189	46290	  5	 11	  5	  0	371080	371080	371080	371080	371266	371266	371266	371266	371157	371157	371157	371157	371106	371106	371106	371106	371228	371228	371228	371228	??
ZZ	2190	46311	  5	 11	  5	  0	371164	371164	371164	371137	371137	371137	371137	371228	371228	371228	371228	371167	371167	371167	371167	371058	371058	371058	371058	371077	??
ZZ	2191	46332	  5	 11	  5	  0	371077	371077	371216	371216	371216	371216	371224	371224	371224	371224	371201	371201	371201	371201	371212	371212	371212	371212	371227	371227	??
ZZ	2192	46354	  5	 11	  5	  0	371227	371271	371271	371271	371271	371065	371065	371065	371065	371171	371171	371171	371171	371254	371254	371254	371254	371261	371261	371261	??
ZZ	2193	46375	  5	 11	  3	  0	371235	371235	371235	371235	371249	371249	371249	371249	371178	371178	371178	371178	371208	371208	371208	371208	371084	371084	371084	371084	??
ZZ	2194	46396	  5	 11	  3	  0	371144	371144	371144	371174	371174	371174	371174	371054	371054	371054	371054	371099	371099	371099	371099	371159	371159	371159	371159	371209	??
ZZ	2195	46417	  5	 11	  3	  0	371209	371209	371105	371105	371105	371105	371167	371167	371167	371167	371163	371163	371163	371163	371101	371101	371101	371101	371178	371178	??
ZZ	2196	46438	  5	 11	  3	  0	371178	371065	371065	371065	371065	371069	371069	371069	371069	371114	371114	371114	371114	371058	371058	371058	371058	371216	371216	371216	??
ZZ	2197	46459	  5	 11	  3	  0	371114	371114	371114	371114	371163	371163	371163	371163	371106	371106	371106	371106	371224	371224	371224	371224	371174	371174	371174	371174	??
ZZ	2198	46480	  5	 11	  3	  0	371204	371204	371204	371211	371211	371211	371211	371209	371209	371209	371209	371189	371189	371189	371189	371197	371197	371197	371197	371042	??
ZZ	2199	46501	  5	 11	  3	  0	371042	371042	371196	371196	371196	371196	371145	371145	371145	371145	371140	371140	371140	371140	371249	371249	371249	371249	371196	371196	??
ZZ	2200	46523	  0	  0	  0	  0	371196	371191	371191	371191	371191	371179	371179	371179	371179	371159	371159	371159	371159	371118	371118	371118	371118	371126	371126	371126	??
ZZ	2201	46544	  0	  0	  0	  0	371027	371027	371027	371027	371201	371201	371201	371201	371087	371087	371087	371087	371247	371247	371247	371247	371103	371103	371103	371103	??
ZZ	2202	46565	  0	  0	  0	  0	371176	371176	371176	371122	371122	371122	371122	371116	371116	371116	371116	371295	371295	371295	371295	371257	371257	371257	371257	371236	??
ZZ	2203	46586	  0	  0	  0	  0	371236	371236	371144	371144	371144	371144	371141	371141	371141	371141	371151	371151	371151	371151	371035	371035	371035	371035	371204	371204	??
ZZ	2204	46607	  0	  0	  0	  0	371204	371130	371130	371130	371130	371249	371249	371249	371249	371198	371198	371198	371198	371178	371178	371178	371178	371174	371174	371174	??
ZZ	2205	46629	  0	  0	  0	  0	371232	371232	371232	371232	371005	371005	371005	371005	371201	371201	371201	371201	371105	371105	371105	371105	371106	371106	371106	371106	??
ZZ	2206	46650	  0	  0	  0	  0	371109	371109	371109	371204	371204	371204	371204	371231	371231	371231	371231	371193	371193	371193	371193	371223	371223	371223	371223	371159	??
ZZ	2207	46671	  0	  0	  0	  0	371159	371159	371199	371199	371199	371199	371207	371207	371207	371207	371178	371178	371178	371178	371197	371197	371197	371197	371190	371190	??
ZZ	2208	46692	  0	  0	  0	  0	371190	371227	371227	371227	371227	371167	371167	371167	371167	371110	371110	371110	371110	371181	371181	371181	371181	371152	371152	371152	??
ZZ	2209	46713	  0	  0	  0	  0	371095	371095	371095	371095	371153	371153	371153	371153	371137	371137	371137	371137	371213	371213	371213	371213	371218	371218	371218	371218	??
ZZ	2210	46734	  0	  0	  0	  0	371227	371227	371227	371283	371283	371283	371283	371234	371234	371234	371234	371095	371095	371095	371095	371107	371107	371107	371107	371193	??
ZZ	2211	46755	  0	  0	  0	  0	371193	371193	371272	371272	371272	371272	371201	371201	371201	371201	371179	371179	371179	371179	371121	371121	371121	371121	371152	371152	??
ZZ	2212	46776	  0	  0	  0	  0	371152	371080	371080	371080	371080	371113	371113	371113	371113	371224	371224	371224	371224	371046	371046	371046	371046	371108	371108	371108	??
ZZ	2213	46798	  0	  0	  0	  0	371178	371178	371178	371178	371159	371159	371159	371159	371171	371171	371171	371171	371095	371095	371095	371095	371148	371148	371148	371148	??
ZZ	2214	46819	  0	  0	  0	  0	371138	371138	371138	371208	371208	371208	371208	371178	371178	371178	371178	371141	371141	371141	371141	371106	371106	371106	371106	371156	??
ZZ	2215	46840	  0	  0	  0	  0	371156	371156	371168	371168	371168	371168	371171	371171	371171	371171	371177	371177	371177	371177	371103	371103	371103	371103	371186	371186	??
ZZ	2216	46861	  0	  0	  0	  0	371186	371148	371148	371148	371148	371174	371174	371174	371174	371061	371061	371061	371061	371212	371212	371212	371212	371084	371084	371084	??
ZZ	2217	46882	  0	  0	  0	  0	371126	371126	371126	371126	371152	371152	371152	371152	371122	371122	371122	371122	371152	371152	371152	371152	371295	371295	371295	371295	??
ZZ	2218	46903	  0	  0	  0	  0	371188	371188	371188	371110	371110	371110	371110	371099	371099	371099	371099	371137	371137	371137	371137	371232	371232	371232	371232	371174	??
ZZ	2219	46925	  0	  0	  0	  0	371174	371174	371215	371215	371215	371215	371065	371065	371065	371065	371088	371088	371088	371088	371136	371136	371136	371136	371016	371016	??
ZZ	2220	46946	  3	  1	 12	  0	371016	371164	371164	371164	371164	371058	371058	371058	371058	371213	371213	371213	371213	371092	371092	371092	371092	371212	371212	371212	??
ZZ	2221	46967	  3	  1	 12	  0	371212	371212	371212	371212	371132	371132	371132	371132	371194	371194	371194	371194	371208	371208	371208	371208	371146	371146	371146	371146	??
ZZ	2222	46988	  3	  1	 12	  0	371174	371174	371174	371092	371092	371092	371092	371189	371189	371189	371189	371268	371268	371268	371268	371157	371157	371157	371157	371253	??
ZZ	2223	47009	  3	  1	 12	  0	371253	371253	371167	371167	371167	371167	371181	371181	371181	371181	371092	371092	371092	371092	371227	371227	371227	371227	371116	371116	??
ZZ	2224	47030	  3	  1	 12	  0	371116	371088	371088	371088	371088	371125	371125	371125	371125	371219	371219	371219	371219	371257	371257	371257	371257	371259	371259	371259	??
ZZ	2225	47051	  3	  1	 12	  0	371103	371103	371103	371103	371253	371253	371253	371253	371194	371194	371194	371194	371182	371182	371182	371182	371076	371076	371076	371076	??
ZZ	2226	47073	  3	  1	 12	  0	371169	371169	371169	371222	371222	371222	371222	371202	371202	371202	371202	371118	371118	371118	371118	371253	371253	371253	371253	371162	??
ZZ	2227	47094	  3	  1	 12	  0	371162	371162	371155	371155	371155	371155	371042	371042	371042	371042	371127	371127	371127	371127	371121	371121	371121	371121	371088	371088	??
ZZ	2228	47115	  3	  1	 12	  0	371088	371137	371137	371137	371137	371174	371174	371174	371174	371191	371191	371191	371191	371144	371144	371144	371144	371114	371114	371114	??
ZZ	2229	47136	  3	  1	 12	  0	371143	371143	371143	371143	371114	371114	371114	371114	371197	371197	371197	371197	371188	371188	371188	371188	371152	371152	371152	371152	??
ZZ	2230	47157	  2	  2	  9	  0	371173	371173	371173	371203	371203	371203	371203	371185	371185	371185	371185	371168	371168	371168	371168	371159	371159	371159	371159	371183	??
ZZ	2231	47178	  2	  2	  9	  0	371183	371183	371157	371157	371157	371157	371160	371160	371160	371160	371189	371189	371189	371189	371113	371113	371113	371113	371281	371281	??
ZZ	2232	47200	  2	  2	  9	  0	371281	371228	371228	371228	371228	371114	371114	371114	371114	371129	371129	371129	371129	371175	371175	371175	371175	371336	371336	371336	??
ZZ	2233	47221	  2	  2	  9	  0	371129	371129	371129	371129	371167	371167	371167	371167	371058	371058	371058	371058	371125	371125	371125	371125	371102	371102	371102	371102	??
ZZ	2234	47242	  2	  2	  9	  0	371285	371285	371285	371179	371179	371179	371179	371110	371110	371110	371110	371223	371223	371223	371223	371188	371188	371188	371188	371110	??
ZZ	2235	47263	  2	  2	  9	  0	371110	371110	371178	371178	371178	371178	371136	371136	371136	371136	371235	371235	371235	371235	371001	371001	371001	371001	371067	371067	??
ZZ	2236	47284	  2	  2	  9	  0	371067	371117	371117	371117	371117	371160	371160	371160	371160	371231	371231	371231	371231	371231	371231	371231	371231	371188	371188	371188	??
ZZ	2237	47305	  2	  2	  9	  0	371207	371207	371207	371207	371129	371129	371129	371129	371151	371151	371151	371151	371118	371118	371118	371118	371042	371042	371042	371042	??
ZZ	2238	47326	  2	  2	  9	  0	371102	371102	371102	371170	371170	371170	371170	371150	371150	371150	371150	371152	371152	371152	371152	371121	371121	371121	371121	371165	??
ZZ	2239	47347	  2	  2	  9	  0	371165	371165	371076	371076	371076	371076	371205	371205	371205	371205	371168	371168	371168	371168	371332	371332	371332	371332	371242	371242	??
ZZ	2240	47369	  2	  2	  9	  0	371242	371235	371235	371235	371235	371129	371129	371129	371129	371161	371161	371161	371161	371144	371144	371144	371144	371193	371193	371193	??
ZZ	2241	47390	  2	  2	  9	  0	371108	371108	371108	371108	371216	371216	371216	371216	371148	371148	371148	371148	371097	371097	371097	371097	371121	371121	371121	371121	??
ZZ	2242	47411	  1	  4	 16	  0	371158	371158	371158	371040	371040	371040	371040	371234	371234	371234	371234	371136	371136	371136	371136	371178	371178	371178	371178	371205	??
ZZ	2243	47432	  1	  4	 16	  0	371205	371205	371146	371146	371146	371146	371245	371245	371245	371245	371238	371238	371238	371238	371231	371231	371231	371231	371171	371171	??
ZZ	2244	47453	  1	  4	 16	  0	371171	371164	371164	371164	371164	371242	371242	371242	371242	371144	371144	371144	371144	371173	371173	371173	371173	371103	371103	371103	??
ZZ	2245	47474	  1	  4	 16	  0	371181	371181	371181	371181	371157	371157	371157	371157	371216	371216	371216	371216	371163	371163	371163	371163	371169	371169	371169	371169	??
ZZ	2246	47496	  1	  4	 16	  0	371155	371155	371155	371230	371230	371230	371230	371238	371238	371238	371238	371231	371231	371231	371231	371202	371202	371202	371202	371223	??
ZZ	2247	47517	  1	  4	 16	  0	371223	371223	371249	371249	371249	371249	371178	371178	371178	371178	371204	371204	371204	371204	371201	371201	371201	371201	371178	371178	??
ZZ	2248	47538	  1	  4	 16	  0	371178	371263	371263	371263	371263	371203	371203	371203	371203	371175	371175	371175	371175	371091	371091	371091	371091	371191	371191	371191	??
ZZ	2249	47559	  1	  4	 16	  0	371208	371208	371208	371208	371016	371016	371016	371016	371144	371144	371144	371144	371238	371238	371238	371238	371133	371133	371133	371133	??
ZZ	2250	47580	  1	  5	 18	  0	371163	371163	371163	371186	371186	371186	371186	371212	371212	371212	371212	371144	371144	371144	371144	371167	371167	371167	371167	371149	??
ZZ	2251	47601	  1	  5	 18	  0	371149	371149	371198	371198	371198	371198	371208	371208	371208	371208	371155	371155	371155	371155	371265	371265	371265	371265	371340	371340	??
ZZ	2252	47623	  1	  5	 18	  0	371340	371255	371255	371255	371255	371084	371084	371084	371084	371165	371165	371165	371165	371174	371174	371174	371174	371137	371137	371137	??
ZZ	2253	47644	  1	  5	 18	  0	371216	371216	371216	371216	371145	371145	371145	371145	371201	371201	371201	371201	371179	371179	371179	371179	371140	371140	371140	371140	??
ZZ	2254	47665	  1	  5	 18	  0	371179	371179	371179	371174	371174	371174	371174	371232	371232	371232	371232	371217	371217	371217	371217	371197	371197	371197	371197	371167	??
ZZ	2255	47686	  1	  5	 18	  0	371167	371167	371164	371164	371164	371164	371110	371110	371110	371110	371182	371182	371182	371182	371178	371178	371178	371178	371141	371141	??
ZZ	2256	47707	  1	  5	 18	  0	371141	371158	371158	371158	371158	371242	371242	371242	371242	371197	371197	371197	371197	371162	371162	371162	371162	371208	371208	371208	??
ZZ	2257	47728	  1	  5	 18	  0	371242	371242	371242	371242	371133	371133	371133	371133	371201	371201	371201	371201	371185	371185	371185	371185	371211	371211	371211	371211	??
ZZ	2258	47749	  1	  5	 18	  0	371156	371156	371156	371141	371141	371141	371141	371276	371276	371276	371276	371170	371170	371170	371170	371177	371177	371177	371177	371178	??
ZZ	2259	47771	  1	  5	 18	  0	371178	371178	371145	371145	371145	371145	371166	371166	371166	371166	371125	371125	371125	371125	371174	371174	371174	371174	371167	371167	??
ZZ	2260	47792	  3	  5	 18	  0	371167	371118	371118	371118	371118	371174	371174	371174	371174	371227	371227	371227	371227	371257	371257	371257	371257	371173	371173	371173	??
ZZ	2261	47813	  3	  5	 18	  0	371058	371058	371058	371058	371148	371148	371148	371148	371105	371105	371105	371105	371280	371280	371280	371280	371253	371253	371253	371253	??
ZZ	2262	47834	  3	  5	 18	  0	371200	371200	371200	371182	371182	371182	371182	371224	371224	371224	371224	371182	371182	371182	371182	371133	371133	371133	371133	371159	??
ZZ	2263	47855	  3	  5	 18	  0	371159	371159	371121	371121	371121	371121	371197	371197	371197	371197	371186	371186	371186	371186	371197	371197	371197	371197	371133	371133	??
ZZ	2264	47876	  3	  5	 18	  0	371133	371181	371181	371181	371181	371253	371253	371253	371253	371251	371251	371251	371251	371201	371201	371201	371201	370989	370989	370989	??
ZZ	2265	47898	  3	  5	 18	  0	371149	371149	371149	371149	371156	371156	371156	371156	371167	371167	371167	371167	371147	371147	371147	371147	371163	371163	371163	371163	??
ZZ	2266	47919	  3	  5	 18	  0	371237	371237	371237	371132	371132	371132	371132	371148	371148	371148	371148	371134	371134	371134	371134	371182	371182	371182	371182	371076	??
ZZ	2267	47940	  3	  5	 18	  0	371076	371076	371172	371172	371172	371172	371095	371095	371095	371095	371208	371208	371208	371208	371136	371136	371136	371136	371321	371321	??
ZZ	2268	47961	  3	  5	 18	  0	371321	371159	371159	371159	371159	371204	371204	371204	371204	370974	370974	370974	370974	371191	371191	371191	371191	371175	371175	371175	??
ZZ	2269	47982	  3	  5	 18	  0	371162	371162	371162	371162	371202	371202	371202	371202	371046	371046	371046	371046	371163	371163	371163	371163	371154	371154	371154	371154	??
ZZ	2270	48003	  4	  4	 20	  0	371065	371065	371065	371115	371115	371115	371115	371133	371133	371133	371133	371247	371247	371247	371247	371220	371220	371220	371220	371159	??
ZZ	2271	48024	  4	  4	 20	  0	371159	371159	371020	371020	371020	371020	371091	371091	371091	371091	371190	371190	371190	371190	371231	371231	371231	371231	371139	371139	??
ZZ	2272	48045	  4	  4	 20	  0	371139	371201	371201	371201	371201	371163	371163	371163	371163	371088	371088	371088	371088	371280	371280	371280	371280	371133	371133	371133	??
ZZ	2273	48067	  4	  4	 20	  0	371182	371182	371182	371182	371099	371099	371099	371099	371151	371151	371151	371151	371216	371216	371216	371216	371042	371042	371042	371042	??
ZZ	2274	48088	  4	  4	 20	  0	371186	371186	371186	371133	371133	371133	371133	371165	371165	371165	371165	371182	371182	371182	371182	371193	371193	371193	371193	371154	??
ZZ	2275	48109	  4	  4	 20	  0	371154	371154	371140	371140	371140	371140	371159	371159	371159	371159	371188	371188	371188	371188	371140	371140	371140	371140	371189	371189	??
ZZ	2276	48130	  4	  4	 20	  0	371189	371160	371160	371160	371160	371262	371262	371262	371262	371246	371246	371246	371246	371178	371178	371178	371178	371163	371163	371163	??
ZZ	2277	48151	  4	  4	 20	  0	371143	371143	371143	371143	371258	371258	371258	371258	371204	371204	371204	371204	371214	371214	371214	371214	371246	371246	371246	371246	??
ZZ	2278	48172	  4	  4	 20	  0	371198	371198	371198	371167	371167	371167	371167	371144	371144	371144	371144	371181	371181	371181	371181	371174	371174	371174	371174	371137	??
ZZ	2279	48194	  4	  4	 20	  0	371137	371137	371211	371211	371211	371211	371201	371201	371201	371201	371216	371216	371216	371216	371169	371169	371169	371169	371163	371163	??
ZZ	2280	48215	  4	  4	 20	  0	371163	371154	371154	371154	371154	371141	371141	371141	371141	371174	371174	371174	371174	371158	371158	371158	371158	371054	371054	371054	??
ZZ	2281	48236	  4	  4	 20	  0	371148	371148	371148	371148	371142	371142	371142	371142	371107	371107	371107	371107	371110	371110	371110	371110	371124	371124	371124	371124	??
ZZ	2282	48257	  4	  4	 20	  0	371155	371155	371155	371158	371158	371158	371158	371125	371125	371125	371125	371125	371125	371125	371125	371054	371054	371054	371054	371231	??
ZZ	2283	48278	  4	  6	 24	  0	371231	371231	371073	371073	371073	371073	371154	371154	371154	371154	371181	371181	371181	371181	371336	371336	371336	371336	371221	371221	??
ZZ	2284	48299	  4	  6	 24	  0	371221	371170	371170	371170	371170	371153	371153	371153	371153	371178	371178	371178	371178	371204	371204	371204	371204	371170	371170	371170	??
ZZ	2285	48320	  4	  6	 24	  0	371106	371106	371106	371106	371201	371201	371201	371201	371167	371167	371167	371167	371163	371163	371163	371163	371201	371201	371201	371201	??
ZZ	2286	48341	  4	  6	 24	  0	371188	371188	371188	371276	371276	371276	371276	371188	371188	371188	371188	371140	371140	371140	371140	371227	371227	371227	371227	371154	??
ZZ	2287	48363	  4	  6	 24	  0	371154	371154	371166	371166	371166	371166	371152	371152	371152	371152	371158	371158	371158	371158	371281	371281	371281	371281	371253	371253	??
ZZ	2288	48384	  4	  6	 24	  0	371253	371276	371276	371276	371276	371178	371178	371178	371178	371201	371201	371201	371201	371223	371223	371223	371223	371152	371152	371152	??
ZZ	2289	48405	  4	  6	 24	  0	371158	371158	371158	371158	371194	371194	371194	371194	371125	371125	371125	371125	371126	371126	371126	371126	371069	371069	371069	371069	??
ZZ	2290	48426	  3	  9	 35	  0	371211	371211	371211	371153	371153	371153	371153	371159	371159	371159	371159	371128	371128	371128	371128	371159	371159	371159	371159	371257	??
ZZ	2291	48447	  3	  9	 35	  0	371257	371257	371158	371158	371158	371158	371193	371193	371193	371193	371160	371160	371160	371160	371088	371088	371088	371088	371216	371216	??
ZZ	2292	48468	  3	  9	 35	  0	371216	371123	371123	371123	371123	371141	371141	371141	371141	371174	371174	371174	371174	371113	371113	371113	371113	371193	371193	371193	??
ZZ	2293	48490	  3	  9	 35	  0	371155	371155	371155	371155	371171	371171	371171	371171	371179	371179	371179	371179	371283	371283	371283	371283	371225	371225	371225	371225	??
ZZ	2294	48511	  3	  9	 35	  0	371277	371277	371277	371242	371242	371242	371242	371141	371141	371141	371141	371298	371298	371298	371298	371208	371208	371208	371208	371023	??
ZZ	2295	48532	  3	  9	 35	  0	371023	371023	371227	371227	371227	371227	371157	371157	371157	371157	371110	371110	371110	371110	371178	371178	371178	371178	371115	371115	??
ZZ	2296	48553	  3	  9	 35	  0	371115	371336	371336	371336	371336	371187	371187	371187	371187	371141	371141	371141	371141	371204	371204	371204	371204	371203	371203	371203	??
ZZ	2297	48574	  3	  9	 35	  0	371042	371042	371042	371042	371234	371234	371234	371234	371150	371150	371150	371150	371216	371216	371216	371216	371065	371065	371065	371065	??
ZZ	2298	48595	  3	  9	 35	  0	371134	371134	371134	371205	371205	371205	371205	371169	371169	371169	371169	371272	371272	371272	371272	371265	371265	371265	371265	371167	??
ZZ	2299	48616	  3	  9	 35	  0	371167	371167	371160	371160	371160	371160	371152	371152	371152	371152	371178	371178	371178	371178	371155	371155	371155	371155	371197	371197	??
ZZ	2300	48638	  3	  8	 21	  0	371197	371184	371184	371184	371184	371141	371141	371141	371141	371166	371166	371166	371166	371219	371219	371219	371219	371238	371238	371238	??
ZZ	2301	48659	  3	  8	 21	  0	371195	371195	371195	371195	371118	371118	371118	371118	371216	371216	371216	371216	371196	371196	371196	371196	371223	371223	371223	371223	??
ZZ	2302	48680	  3	  8	 21	  0	371251	371251	371251	371174	371174	371174	371174	371249	371249	371249	371249	371224	371224	371224	371224	371281	371281	371281	371281	371204	??
ZZ	2303	48701	  3	  8	 21	  0	371204	371204	371214	371214	371214	371214	371160	371160	371160	371160	371174	371174	371174	371174	371155	371155	371155	371155	371194	371194	??
ZZ	2304	48722	  3	  8	 21	  0	371194	371139	371139	371139	371139	371099	371099	371099	371099	371167	371167	371167	371167	371157	371157	371157	371157	371232	371232	371232	??
ZZ	2305	48743	  3	  8	 21	  0	371203	371203	371203	371203	371204	371204	371204	371204	371099	371099	371099	371099	371362	371362	371362	371362	371207	371207	371207	371207	??
ZZ	2306	48765	  3	  8	 21	  0	371170	371170	371170	371161	371161	371161	371161	371193	371193	371193	371193	371189	371189	371189	371189	371193	371193	371193	371193	371227	??
ZZ	2307	48786	  3	  8	 21	  0	371227	371227	371167	371167	371167	371167	371186	371186	371186	371186	371005	371005	371005	371005	371208	371208	371208	371208	371101	371101	??
ZZ	2308	48807	  3	  8	 21	  0	371101	371149	371149	371149	371149	371065	371065	371065	371065	371144	371144	371144	371144	371238	371238	371238	371238	371140	371140	371140	??
ZZ	2309	48828	  3	  8	 21	  0	371249	371249	371249	371249	371140	371140	371140	371140	371169	371169	371169	371169	371272	371272	371272	371272	371204	371204	371204	371204	??
ZZ	2310	48849	  2	  5	 15	  0	371213	371213	371213	371177	371177	371177	371177	371178	371178	371178	371178	371125	371125	371125	371125	371291	371291	371291	371291	371179	??
ZZ	2311	48870	  2	  5	 15	  0	371179	371179	371133	371133	371133	371133	371268	371268	371268	371268	371161	371161	371161	371161	370990	370990	370990	370990	371190	371190	??
ZZ	2312	48891	  2	  5	 15	  0	371190	371063	371063	371063	371063	371213	371213	371213	371213	371149	371149	371149	371149	371114	371114	371114	371114	371227	371227	371227	??
ZZ	2313	48913	  2	  5	 15	  0	371148	371148	371148	371148	371261	371261	371261	371261	371185	371185	371185	371185	371127	371127	371127	371127	371185	371185	371185	371185	??
ZZ	2314	48934	  2	  5	 15	  0	371118	371118	371118	371176	371176	371176	371176	371239	371239	371239	371239	371259	371259	371259	371259	371152	371152	371152	371152	371160	??
ZZ	2315	48955	  2	  5	 15	  0	371160	371160	371166	371166	371166	371166	371171	371171	371171	371171	371140	371140	371140	371140	371134	371134	371134	371134	371178	371178	??
ZZ	2316	48976	  2	  5	 15	  0	371178	371183	371183	371183	371183	371103	371103	371103	371103	371224	371224	371224	371224	371175	371175	371175	371175	371163	371163	371163	??
ZZ	2317	48997	  2	  5	 15	  0	371227	371227	371227	371227	371205	371205	371205	371205	371167	371167	371167	371167	371272	371272	371272	371272	371173	371173	371173	371173	??
ZZ	2318	49018	  2	  5	 15	  0	371129	371129	371129	371178	371178	371178	371178	371201	371201	371201	371201	371261	371261	371261	371261	371168	371168	371168	371168	371209	??
ZZ	2319	49040	  2	  5	 15	  0	371209	371209	371174	371174	371174	371174	371138	371138	371138	371138	371016	371016	371016	371016	371201	371201	371201	371201	371153	371153	??
ZZ	2320	49061	  2	  5	 15	  0	371153	371223	371223	371223	371223	371144	371144	371144	371144	371129	371129	371129	371129	371249	371249	371249	371249	371213	371213	371213	??
ZZ	2321	49082	  2	  5	 15	  0	371133	371133	371133	371133	371295	371295	371295	371295	371180	371180	371180	371180	371152	371152	371152	371152	371201	371201	371201	371201	??
ZZ	2322	49103	  2	  5	 15	  0	371170	371170	371170	371144	371144	371144	371144	371143	371143	371143	371143	371163	371163	371163	371163	371140	371140	371140	371140	371145	??
ZZ	2323	49124	  2	  5	 15	  0	371145	371145	371110	371110	371110	371110	371084	371084	371084	371084	371132	371132	371132	371132	371246	371246	371246	371246	371160	371160	??
ZZ	2324	49145	  0	  5	 21	  0	371160	371191	371191	371191	371191	371129	371129	371129	371129	371182	371182	371182	371182	371140	371140	371140	371140	371061	371061	371061	??
ZZ	2325	49166	  0	  5	 21	  0	371122	371122	371122	371122	371099	371099	371099	371099	371076	371076	371076	371076	371136	371136	371136	371136	371258	371258	371258	371258	??
ZZ	2326	49188	  0	  5	 21	  0	371204	371204	371204	371199	371199	371199	371199	371231	371231	371231	371231	371201	371201	371201	371201	371201	371201	371201	371201	371246	??
ZZ	2327	49209	  0	  5	 21	  0	371246	371246	371203	371203	371203	371203	371243	371243	371243	371243	371174	371174	371174	371174	371183	371183	371183	371183	371099	371099	??
ZZ	2328	49230	  0	  5	 21	  0	371099	371158	371158	371158	371158	371099	371099	371099	371099	371103	371103	371103	371103	371124	371124	371124	371124	371253	371253	371253	??
ZZ	2329	49251	  0	  5	 21	  0	371170	371170	371170	371170	371200	371200	371200	371200	371050	371050	371050	371050	371163	371163	371163	371163	371139	371139	371139	371139	??
ZZ	2330	49272	  0	  5	 21	  0	371188	371188	371188	371143	371143	371143	371143	371148	371148	371148	371148	371129	371129	371129	371129	371151	371151	371151	371151	371205	??
ZZ	2331	49293	  0	  5	 21	  0	371205	371205	371035	371035	371035	371035	371182	371182	371182	371182	370997	370997	370997	370997	371170	371170	371170	371170	371093	371093	??
ZZ	2332	49314	  0	  7	 14	  0	371093	371261	371261	371261	371261	371167	371167	371167	371167	371310	371310	371310	371310	371155	371155	371155	371155	371236	371236	371236	??
ZZ	2333	49336	  0	  7	 14	  0	371170	371170	371170	371170	371231	371231	371231	371231	371138	371138	371138	371138	371167	371167	371167	371167	371121	371121	371121	371121	??
ZZ	2334	49357	  0	  7	 14	  0	371143	371143	371143	371207	371207	371207	371207	371148	371148	371148	371148	371242	371242	371242	371242	371009	371009	371009	371009	371120	??
ZZ	2335	49378	  0	  7	 14	  0	371120	371120	371088	371088	371088	371088	371088	371088	371088	371088	371166	371166	371166	371166	371223	371223	371223	371223	371276	371276	??
ZZ	2336	49399	  0	  7	 14	  0	371276	371215	371215	371215	371215	371065	371065	371065	371065	371114	371114	371114	371114	371125	371125	371125	371125	371232	371232	371232	??
ZZ	2337	49420	  0	  7	 14	  0	371166	371166	371166	371166	371140	371140	371140	371140	371238	371238	371238	371238	371171	371171	371171	371171	371050	371050	371050	371050	??
ZZ	2338	49441	  0	  7	 14	  0	371155	371155	371155	371158	371158	371158	371158	371158	371158	371158	371158	371164	371164	371164	371164	371125	371125	371125	371125	371212	??
ZZ	2339	49463	  0	  7	 14	  0	371212	371212	371183	371183	371183	371183	371155	371155	371155	371155	371133	371133	371133	371133	371166	371166	371166	371166	371219	371219	??
ZZ	2340	49484	  0	  6	 20	  0	371219	371187	371187	371187	371187	371325	371325	371325	371325	371163	371163	371163	371163	371255	371255	371255	371255	371106	371106	371106	??
ZZ	2341	49505	  0	  6	 20	  0	371148	371148	371148	371148	371136	371136	371136	371136	371182	371182	371182	371182	371163	371163	371163	371163	371166	371166	371166	371166	??
ZZ	2342	49526	  0	  6	 20	  0	371273	371273	371273	371204	371204	371204	371204	371073	371073	371073	371073	371178	371178	371178	371178	371132	371132	371132	371132	371114	??
ZZ	2343	49547	  0	  6	 20	  0	371114	371114	371189	371189	371189	371189	371103	371103	371103	371103	371201	371201	371201	371201	371185	371185	371185	371185	371121	371121	??
ZZ	2344	49568	  0	  6	 20	  0	371121	371103	371103	371103	371103	371181	371181	371181	371181	371167	371167	371167	371167	371178	371178	371178	371178	371175	371175	371175	??
ZZ	2345	49589	  0	  6	 20	  0	371253	371253	371253	371253	371110	371110	371110	371110	371173	371173	371173	371173	371035	371035	371035	371035	371084	371084	371084	371084	??
ZZ	2346	49611	  0	  6	 20	  0	371121	371121	371121	371106	371106	371106	371106	371158	371158	371158	371158	371178	371178	371178	371178	371249	371249	371249	371249	371237	??
ZZ	2347	49632	  0	  6	 20	  0	371237	371237	371216	371216	371216	371216	371170	371170	371170	371170	371180	371180	371180	371180	371219	371219	371219	371219	371050	371050	??
ZZ	2348	49653	  0	  6	 20	  0	371050	371136	371136	371136	371136	371276	371276	371276	371276	371178	371178	371178	371178	371189	371189	371189	371189	371133	371133	371133	??
ZZ	2349	49674	  0	  6	 20	  0	371215	371215	371215	371215	371118	371118	371118	371118	371031	371031	371031	371031	371147	371147	371147	371147	371163	371163	371163	371163	??
ZZ	2350	49695	  0	 11	 10	  0	371197	371197	371197	371158	371158	371158	371158	371133	371133	371133	371133	371173	371173	371173	371173	371088	371088	371088	371088	371121	??
ZZ	2351	49716	  0	 11	 10	  0	371121	371121	371134	371134	371134	371134	371099	371099	371099	371099	371201	371201	371201	371201	371148	371148	371148	371148	371133	371133	??
ZZ	2352	49737	  0	 11	 10	  0	371133	371139	371139	371139	371139	371175	371175	371175	371175	371189	371189	371189	371189	371155	371155	371155	371155	371213	371213	371213	??
ZZ	2353	49759	  0	 11	 10	  0	371110	371110	371110	371110	371136	371136	371136	371136	371189	371189	371189	371189	371023	371023	371023	371023	371102	371102	371102	371102	??
ZZ	2354	49780	  0	 11	 10	  0	371174	371174	371174	371152	371152	371152	371152	371122	371122	371122	371122	371189	371189	371189	371189	371146	371146	371146	371146	371148	??
ZZ	2355	49801	  0	 11	 10	  0	371148	371148	371237	371237	371237	371237	371191	371191	371191	371191	371185	371185	371185	371185	371088	371088	371088	371088	371191	371191	??
ZZ	2356	49822	  0	 11	 10	  0	371191	371001	371001	371001	371001	371123	371123	371123	371123	371110	371110	371110	371110	371106	371106	371106	371106	371144	371144	371144	??
ZZ	2357	49843	  0	 11	 10	  0	371159	371159	371159	371159	371208	371208	371208	371208	371204	371204	371204	371204	371076	371076	371076	371076	371209	371209	371209	371209	??
ZZ	2358	49864	  0	 11	 10	  0	371151	371151	371151	371249	371249	371249	371249	371210	371210	371210	371210	371160	371160	371160	371160	371295	371295	371295	371295	371186	??
ZZ	2359	49885	  0	 11	 10	  0	371186	371186	371163	371163	371163	371163	371208	371208	371208	371208	371169	371169	371169	371169	371185	371185	371185	371185	371129	371129	??
ZZ	2360	49907	  0	 13	  8	  0	371129	371154	371154	371154	371154	371220	371220	371220	371220	371188	371188	371188	371188	371234	371234	371234	371234	371125	371125	371125	??
ZZ	2361	49928	  0	 13	  8	  0	371159	371159	371159	371159	371095	371095	371095	371095	371208	371208	371208	371208	371172	371172	371172	371172	371088	371088	371088	371088	??
ZZ	2362	49949	  0	 13	  8	  0	371268	371268	371268	371135	371135	371135	371135	371224	371224	371224	371224	371131	371131	371131	371131	371148	371148	371148	371148	371216	??
ZZ	2363	49970	  0	 13	  8	  0	371216	371216	371100	371100	371100	371100	371193	371193	371193	371193	371110	371110	371110	371110	371101	371101	371101	371101	371152	371152	??
ZZ	2364	49991	  0	 13	  8	  0	371152	371110	371110	371110	371110	371133	371133	371133	371133	371141	371141	371141	371141	371070	371070	371070	371070	371234	371234	371234	??
ZZ	2365	50012	  0	 13	  8	  0	371227	371227	371227	371227	371203	371203	371203	371203	371156	371156	371156	371156	371249	371249	371249	371249	371224	371224	371224	371224	??
ZZ	2366	50034	  0	 13	  8	  0	371133	371133	371133	371204	371204	371204	371204	371141	371141	371141	371141	371121	371121	371121	371121	371075	371075	371075	371075	371084	??
ZZ	2367	50055	  0	 13	  8	  0	371084	371084	371163	371163	371163	371163	371150	371150	371150	371150	371137	371137	371137	371137	371223	371223	371223	371223	371180	371180	??
ZZ	2368	50076	  0	 13	  8	  0	371180	371216	371216	371216	371216	371201	371201	371201	371201	371174	371174	371174	371174	371118	371118	371118	371118	371119	371119	371119	??
ZZ	2369	50097	  0	 13	  8	  0	371182	371182	371182	371182	371242	371242	371242	371242	371265	371265	371265	371265	371061	371061	371061	371061	371163	371163	371163	371163	??
ZZ	2370	50118	  2	  9	 10	  0	371167	371167	371167	371238	371238	371238	371238	371202	371202	371202	371202	371129	371129	371129	371129	371152	371152	371152	371152	371192	??
ZZ	2371	50139	  2	  9	 10	  0	371192	371192	371183	371183	371183	371183	371027	371027	371027	371027	371165	371165	371165	371165	371159	371159	371159	371159	371276	371276	??
ZZ	2372	50160	  2	  9	 10	  0	371276	371203	371203	371203	371203	371193	371193	371193	371193	371169	371169	371169	371169	371103	371103	371103	371103	371280	371280	371280	??
ZZ	2373	50182	  2	  9	 10	  0	371155	371155	371155	371155	371223	371223	371223	371223	371167	371167	371167	371167	371137	371137	371137	371137	371212	371212	371212	371212	??
ZZ	2374	50203	  2	  9	 10	  0	371114	371114	371114	371145	371145	371145	371145	371148	371148	371148	371148	371184	371184	371184	371184	371199	371199	371199	371199	371103	??
ZZ	2375	50224	  2	  9	 10	  0	371103	371103	371107	371107	371107	371107	371224	371224	371224	371224	371121	371121	371121	371121	371167	371167	371167	371167	371159	371159	??
ZZ	2376	50245	  2	  9	 10	  0	371159	371245	371245	371245	371245	371088	371088	371088	371088	371193	371193	371193	371193	371178	371178	371178	371178	371152	371152	371152	??
ZZ	2377	50266	  2	  9	 10	  0	371212	371212	371212	371212	371187	371187	371187	371187	371186	371186	371186	371186	371193	371193	371193	371193	371131	371131	371131	371131	??
ZZ	2378	50287	  2	  9	 10	  0	371190	371190	371190	371139	371139	371139	371139	371201	371201	371201	371201	371272	371272	371272	371272	371242	371242	371242	371242	371182	??
ZZ	2379	50309	  2	  9	 10	  0	371182	371182	371207	371207	371207	371207	371218	371218	371218	371218	371246	371246	371246	371246	371253	371253	371253	371253	371238	371238	??
ZZ	2380	50330	  3	 10	 15	  0	371238	371260	371260	371260	371260	371221	371221	371221	371221	371216	371216	371216	371216	371285	371285	371285	371285	371200	371200	371200	??
ZZ	2381	50351	  3	 10	 15	  0	371132	371132	371132	371132	371092	371092	371092	371092	371092	371092	371092	371092	371156	371156	371156	371156	371272	371272	371272	371272	??
ZZ	2382	50372	  3	 10	 15	  0	371156	371156	371156	371291	371291	371291	371291	371215	371215	371215	371215	371061	371061	371061	371061	371174	371174	371174	371174	371174	??
ZZ	2383	50393	  3	 10	 15	  0	371174	371174	371232	371232	371232	371232	371243	371243	371243	371243	371198	371198	371198	371198	371182	371182	371182	371182	371198	371198	??
ZZ	2384	50414	  3	 10	 15	  0	371198	371182	371182	371182	371182	371167	371167	371167	371167	371195	371195	371195	371195	371167	371167	371167	371167	371121	371121	371121	??
ZZ	2385	50435	  3	 10	 15	  0	371158	371158	371158	371158	371181	371181	371181	371181	371024	371024	371024	371024	371173	371173	371173	371173	371145	371145	371145	371145	??
ZZ	2386	50456	  3	 10	 15	  0	371140	371140	371140	371167	371167	371167	371167	371140	371140	371140	371140	371181	371181	371181	371181	371061	371061	371061	371061	371193	??
ZZ	2387	50478	  3	 10	 15	  0	371193	371193	371178	371178	371178	371178	371058	371058	371058	371058	371122	371122	371122	371122	371131	371131	371131	371131	371140	371140	??
ZZ	2388	50499	  3	 10	 15	  0	371140	371186	371186	371186	371186	371156	371156	371156	371156	371084	371084	371084	371084	371126	371126	371126	371126	371209	371209	371209	??
ZZ	2389	50520	  3	 10	 15	  0	371167	371167	371167	371167	371207	371207	371207	371207	371251	371251	371251	371251	371167	371167	371167	371167	371164	371164	371164	371164	??
ZZ	2390	50541	  3	 10	 15	  0	371204	371204	371204	371125	371125	371125	371125	371213	371213	371213	371213	371212	371212	371212	371212	371217	371217	371217	371217	371313	??
ZZ	2391	50562	  3	 10	 15	  0	371313	371313	371179	371179	371179	371179	371248	371248	371248	371248	371039	371039	371039	371039	371197	371197	371197	371197	371148	371148	??
ZZ	2392	50583	  3	 10	 15	  0	371148	371050	371050	371050	371050	371102	371102	371102	371102	371204	371204	371204	371204	371178	371178	371178	371178	371203	371203	371203	??
ZZ	2393	50605	  4	 10	 10	  0	371133	371133	371133	371133	371129	371129	371129	371129	371101	371101	371101	371101	371265	371265	371265	371265	371234	371234	371234	371234	??
ZZ	2394	50626	  4	 10	 10	  0	371116	371116	371116	371242	371242	371242	371242	371165	371165	371165	371165	371219	371219	371219	371219	371182	371182	371182	371182	371181	??
ZZ	2395	50647	  4	 10	 10	  0	371181	371181	371159	371159	371159	371159	371140	371140	371140	371140	371142	371142	371142	371142	371185	371185	371185	371185	371054	371054	??
ZZ	2396	50668	  4	 10	 10	  0	371054	371149	371149	371149	371149	371054	371054	371054	371054	371153	371153	371153	371153	371213	371213	371213	371213	371227	371227	371227	??
ZZ	2397	50689	  4	 10	 10	  0	371207	371207	371207	371207	371190	371190	371190	371190	371189	371189	371189	371189	371141	371141	371141	371141	371091	371091	371091	371091	??
ZZ	2398	50710	  4	 10	 10	  0	371144	371144	371144	371080	371080	371080	371080	371232	371232	371232	371232	371192	371192	371192	371192	371027	371027	371027	371027	371334	??
ZZ	2399	50731	  4	 10	 10	  0	371334	371334	371140	371140	371140	371140	371167	371167	371167	371167	371227	371227	371227	371227	371190	371190	371190	371190	371300	371300	??
ZZ	2400	50752	  3	  9	  6	  0	371300	370990	370990	370990	370990	371160	371160	371160	371160	371114	371114	371114	371114	371185	371185	371185	371185	371189	371189	371189	??
ZZ	2401	50774	  3	  9	  6	  0	371118	371118	371118	371118	371123	371123	371123	371123	371152	371152	371152	371152	371246	371246	371246	371246	371156	371156	371156	371156	??
ZZ	2402	50795	  3	  9	  6	  0	371159	371159	371159	371082	371082	371082	371082	371177	371177	371177	371177	371137	371137	371137	371137	371163	371163	371163	371163	371065	??
ZZ	2403	50816	  3	  9	  6	  0	371065	371065	371170	371170	371170	371170	371119	371119	371119	371119	371220	371220	371220	371220	371280	371280	371280	371280	371189	371189	??
ZZ	2404	50837	  3	  9	  6	  0	371189	371144	371144	371144	371144	371112	371112	371112	371112	371204	371204	371204	371204	371185	371185	371185	371185	371152	371152	371152	??
ZZ	2405	50858	  3	  9	  6	  0	371261	371261	371261	371261	371167	371167	371167	371167	371176	371176	371176	371176	371167	371167	371167	371167	371242	371242	371242	371242	??
ZZ	2406	50879	  3	  9	  6	  0	371229	371229	371229	371213	371213	371213	371213	371156	371156	371156	371156	371155	371155	371155	371155	371208	371208	371208	371208	371215	??
ZZ	2407	50901	  3	  9	  6	  0	371215	371215	371185	371185	371185	371185	371268	371268	371268	371268	371196	371196	371196	371196	371152	371152	371152	371152	371204	371204	??
ZZ	2408	50922	  3	  9	  6	  0	371204	371165	371165	371165	371165	371118	371118	371118	371118	371134	371134	371134	371134	371276	371276	371276	371276	371268	371268	371268	??
ZZ	2409	50943	  3	  9	  6	  0	371244	371244	371244	371244	371175	371175	371175	371175	371174	371174	371174	371174	371149	371149	371149	371149	371209	371209	371209	371209	??
ZZ	2410	50964	  4	  6	  8	  0	371159	371159	371159	371190	371190	371190	371190	371137	371137	371137	371137	371216	371216	371216	371216	371272	371272	371272	371272	371197	??
ZZ	2411	50985	  4	  6	  8	  0	371197	371197	371178	371178	371178	371178	371313	371313	371313	371313	371152	371152	371152	371152	371210	371210	371210	371210	371145	371145	??
ZZ	2412	51006	  4	  6	  8	  0	371145	371256	371256	371256	371256	371170	371170	371170	371170	371347	371347	371347	371347	371190	371190	371190	371190	370975	370975	370975	??
ZZ	2413	51028	  4	  6	  8	  0	371088	371088	371088	371088	371120	371120	371120	371120	371222	371222	371222	371222	371182	371182	371182	371182	371167	371167	371167	371167	??
ZZ	2414	51049	  4	  6	  8	  0	371216	371216	371216	371146	371146	371146	371146	371144	371144	371144	371144	371148	371148	371148	371148	371091	371091	371091	371091	371280	??
ZZ	2415	51070	  4	  6	  8	  0	371280	371280	371172	371172	371172	371172	371231	371231	371231	371231	371140	371140	371140	371140	371069	371069	371069	371069	371109	371109	??
ZZ	2416	51091	  4	  6	  8	  0	371109	371211	371211	371211	371211	371121	371121	371121	371121	371219	371219	371219	371219	371008	371008	371008	371008	371147	371147	371147	??
ZZ	2417	51112	  4	  6	  8	  0	371103	371103	371103	371103	371012	371012	371012	371012	371121	371121	371121	371121	370948	370948	370948	370948	371091	371091	371091	371091	??
ZZ	2418	51133	  4	  6	  8	  0	371081	371081	371081	371189	371189	371189	371189	371144	371144	371144	371144	371170	371170	371170	371170	371186	371186	371186	371186	371130	??
ZZ	2419	51154	  4	  6	  8	  0	371130	371130	371179	371179	371179	371179	371347	371347	371347	371347	371194	371194	371194	371194	371178	371178	371178	371178	371144	371144	??
ZZ	2420	51175	  2	  4	 14	  0	371144	371200	371200	371200	371200	371073	371073	371073	371073	371209	371209	371209	371209	371167	371167	371167	371167	371212	371212	371212	??
ZZ	2421	51197	  2	  4	 14	  0	371237	371237	371237	371237	371222	371222	371222	371222	371140	371140	371140	371140	371174	371174	371174	371174	371054	371054	371054	371054	??
ZZ	2422	51218	  2	  4	 14	  0	371242	371242	371242	371194	371194	371194	371194	371088	371088	371088	371088	371156	371156	371156	371156	371058	371058	371058	371058	371152	??
ZZ	2423	51239	  2	  4	 14	  0	371152	371152	371190	371190	371190	371190	371194	371194	371194	371194	371167	371167	371167	371167	371179	371179	371179	371179	371234	371234	??
ZZ	2424	51260	  2	  4	 14	  0	371234	371212	371212	371212	371212	371149	371149	371149	371149	371247	371247	371247	371247	371138	371138	371138	371138	371253	371253	371253	??
ZZ	2425	51281	  2	  4	 14	  0	371065	371065	371065	371065	371183	371183	371183	371183	371140	371140	371140	371140	371005	371005	371005	371005	371107	371107	371107	371107	??
ZZ	2426	51302	  2	  4	 14	  0	371065	371065	371065	371246	371246	371246	371246	371120	371120	371120	371120	371140	371140	371140	371140	371207	371207	371207	371207	371313	??
ZZ	2427	51323	  2	  4	 14	  0	371313	371313	371148	371148	371148	371148	371188	371188	371188	371188	371137	371137	371137	371137	371170	371170	371170	371170	371142	371142	??
ZZ	2428	51345	  2	  4	 14	  0	371142	371073	371073	371073	371073	371131	371131	371131	371131	371152	371152	371152	371152	371334	371334	371334	371334	371252	371252	371252	??
ZZ	2429	51366	  2	  4	 14	  0	371155	371155	371155	371155	371231	371231	371231	371231	371158	371158	371158	371158	371182	371182	371182	371182	371058	371058	371058	371058	??
ZZ	2430	51387	  1	  8	 14	  0	371096	371096	371096	371162	371162	371162	371162	371148	371148	371148	371148	371223	371223	371223	371223	371257	371257	371257	371257	371188	??
ZZ	2431	51408	  1	  8	 14	  0	371188	371188	371144	371144	371144	371144	371061	371061	371061	371061	371174	371174	371174	371174	371257	371257	371257	371257	371114	371114	??
ZZ	2432	51429	  1	  8	 14	  0	371114	371216	371216	371216	371216	371080	371080	371080	371080	371149	371149	371149	371149	371050	371050	371050	371050	371140	371140	371140	??
ZZ	2433	51450	  1	  8	 14	  0	371127	371127	371127	371127	371088	371088	371088	371088	371228	371228	371228	371228	371171	371171	371171	371171	371163	371163	371163	371163	??
ZZ	2434	51471	  1	  8	 14	  0	371088	371088	371088	371085	371085	371085	371085	371065	371065	371065	371065	371142	371142	371142	371142	371223	371223	371223	371223	371170	??
ZZ	2435	51493	  1	  8	 14	  0	371170	371170	371152	371152	371152	371152	371213	371213	371213	371213	371054	371054	371054	371054	371140	371140	371140	371140	371095	371095	??
ZZ	2436	51514	  1	  8	 14	  0	371095	371205	371205	371205	371205	371165	371165	371165	371165	371197	371197	371197	371197	371191	371191	371191	371191	371182	371182	371182	??
ZZ	2437	51535	  1	  8	 14	  0	371178	371178	371178	371178	371192	371192	371192	371192	371092	371092	371092	371092	371095	371095	371095	371095	371075	371075	371075	371075	??
ZZ	2438	51556	  1	  8	 14	  0	371103	371103	371103	371291	371291	371291	371291	371139	371139	371139	371139	371227	371227	371227	371227	371137	371137	371137	371137	371095	??
ZZ	2439	51577	  1	  8	 14	  0	371095	371095	371167	371167	371167	371167	371116	371116	371116	371116	371247	371247	371247	371247	371088	371088	371088	371088	371185	371185	??
ZZ	2440	51598	  1	  8	 14	  0	371185	371214	371214	371214	371214	371248	371248	371248	371248	371042	371042	371042	371042	371280	371280	371280	371280	371137	371137	371137	??
ZZ	2441	51620	  1	  8	 14	  0	371276	371276	371276	371276	371088	371088	371088	371088	371172	371172	371172	371172	371103	371103	371103	371103	371170	371170	371170	371170	??
ZZ	2442	51641	  2	 16	 20	  0	371186	371186	371186	371236	371236	371236	371236	371196	371196	371196	371196	371185	371185	371185	371185	371219	371219	371219	371219	371238	??
ZZ	2443	51662	  2	 16	 20	  0	371238	371238	371106	371106	371106	371106	371235	371235	371235	371235	371133	371133	371133	371133	371269	371269	371269	371269	371129	371129	??
ZZ	2444	51683	  2	 16	 20	  0	371129	371159	371159	371159	371159	371144	371144	371144	371144	371168	371168	371168	371168	371114	371114	371114	371114	371144	371144	371144	??
ZZ	2445	51704	  2	 16	 20	  0	371113	371113	371113	371113	371046	371046	371046	371046	371133	371133	371133	371133	371096	371096	371096	371096	371228	371228	371228	371228	??
ZZ	2446	51725	  2	 16	 20	  0	371182	371182	371182	371193	371193	371193	371193	371133	371133	371133	371133	371187	371187	371187	371187	371257	371257	371257	371257	371058	??
ZZ	2447	51746	  2	 16	 20	  0	371058	371058	371232	371232	371232	371232	370963	370963	370963	370963	371129	371129	371129	371129	371112	371112	371112	371112	371197	371197	??
ZZ	2448	51768	  2	 16	 20	  0	371197	371236	371236	371236	371236	371171	371171	371171	371171	371262	371262	371262	371262	371244	371244	371244	371244	371268	371268	371268	??
ZZ	2449	51789	  2	 16	 20	  0	371223	371223	371223	371223	371208	371208	371208	371208	371247	371247	371247	371247	371201	371201	371201	371201	371246	371246	371246	371246	??
ZZ	2450	51810	  1	 23	 13	  0	371125	371125	371125	371163	371163	371163	371163	371182	371182	371182	371182	371167	371167	371167	371167	371150	371150	371150	371150	371133	??
ZZ	2451	51831	  1	 23	 13	  0	371133	371133	371117	371117	371117	371117	371108	371108	371108	371108	371193	371193	371193	371193	371182	371182	371182	371182	371169	371169	??
ZZ	2452	51852	  1	 23	 13	  0	371169	371073	371073	371073	371073	371206	371206	371206	371206	371257	371257	371257	371257	371253	371253	371253	371253	371238	371238	371238	??
ZZ	2453	51874	  1	 23	 13	  0	371219	371219	371219	371219	371359	371359	371359	371359	371297	371297	371297	371297	371246	371246	371246	371246	371137	371137	371137	371137	??
ZZ	2454	51895	  1	 23	 13	  0	371180	371180	371180	371211	371211	371211	371211	371138	371138	371138	371138	371174	371174	371174	371174	371223	371223	371223	371223	371129	??
ZZ	2455	51916	  1	 23	 13	  0	371129	371129	371280	371280	371280	371280	371227	371227	371227	371227	371234	371234	371234	371234	371204	371204	371204	371204	371140	371140	??
ZZ	2456	51937	  1	 23	 13	  0	371140	371148	371148	371148	371148	371232	371232	371232	371232	371167	371167	371167	371167	371204	371204	371204	371204	371163	371163	371163	??
ZZ	2457	51958	  1	 23	 13	  0	371213	371213	371213	371213	371201	371201	371201	371201	371276	371276	371276	371276	371195	371195	371195	371195	371118	371118	371118	371118	??
ZZ	2458	51979	  1	 23	 13	  0	371182	371182	371182	371147	371147	371147	371147	371208	371208	371208	371208	371146	371146	371146	371146	371152	371152	371152	371152	371171	??
ZZ	2459	52000	  1	 23	 13	  0	371171	371171	371147	371147	371147	371147	371207	371207	371207	371207	371182	371182	371182	371182	371200	371200	371200	371200	371219	371219	??
ZZ	2460	52021	  2	 19	 13	  0	371219	371152	371152	371152	371152	371199	371199	371199	371199	371110	371110	371110	371110	371148	371148	371148	371148	371163	371163	371163	??
ZZ	2461	52043	  2	 19	 13	  0	371200	371200	371200	371200	371192	371192	371192	371192	371198	371198	371198	371198	371140	371140	371140	371140	371161	371161	371161	371161	??
ZZ	2462	52064	  2	 19	 13	  0	371148	371148	371148	371223	371223	371223	371223	371192	371192	371192	371192	371234	371234	371234	371234	371178	371178	371178	371178	371247	??
ZZ	2463	52085	  2	 19	 13	  0	371247	371247	371147	371147	371147	371147	371169	371169	371169	371169	371160	371160	371160	371160	371182	371182	371182	371182	371201	371201	??
ZZ	2464	52106	  2	 19	 13	  0	371201	371103	371103	371103	371103	371120	371120	371120	371120	371178	371178	371178	371178	371246	371246	371246	371246	371173	371173	371173	??
ZZ	2465	52127	  2	 19	 13	  0	371114	371114	371114	371114	371129	371129	371129	371129	371116	371116	371116	371116	371258	371258	371258	371258	371039	371039	371039	371039	??
ZZ	2466	52148	  2	 19	 13	  0	371169	371169	371169	371148	371148	371148	371148	371201	371201	371201	371201	371257	371257	371257	371257	371155	371155	371155	371155	371186	??
ZZ	2467	52169	  2	 19	 13	  0	371186	371186	371204	371204	371204	371204	371201	371201	371201	371201	371169	371169	371169	371169	371091	371091	371091	371091	371266	371266	??
ZZ	2468	52191	  2	 19	 13	  0	371266	371168	371168	371168	371168	371272	371272	371272	371272	371163	371163	371163	371163	371152	371152	371152	371152	371201	371201	371201	??
ZZ	2469	52212	  2	 19	 13	  0	371131	371131	371131	371131	371118	371118	371118	371118	371201	371201	371201	371201	371171	371171	371171	371171	371185	371185	371185	371185	??
ZZ	2470	52233	  3	 14	 23	  0	371171	371171	371171	371119	371119	371119	371119	371099	371099	371099	371099	371128	371128	371128	371128	371232	371232	371232	371232	371167	??
ZZ	2471	52254	  3	 14	 23	  0	371167	371167	371164	371164	371164	371164	371224	371224	371224	371224	371076	371076	371076	371076	371149	371149	371149	371149	371261	371261	??
ZZ	2472	52275	  3	 14	 23	  0	371261	371261	371261	371261	371261	371195	371195	371195	371195	371095	371095	371095	371095	371136	371136	371136	371136	371182	371182	371182	??
ZZ	2473	52296	  3	 14	 23	  0	371197	371197	371197	371197	371200	371200	371200	371200	371065	371065	371065	371065	371208	371208	371208	371208	371140	371140	371140	371140	??
ZZ	2474	52317	  3	 14	 23	  0	371186	371186	371186	371147	371147	371147	371147	371139	371139	371139	371139	371208	371208	371208	371208	371167	371167	371167	371167	371118	??
ZZ	2475	52339	  3	 14	 23	  0	371118	371118	371200	371200	371200	371200	371169	371169	371169	371169	371133	371133	371133	371133	371198	371198	371198	371198	371165	371165	??
ZZ	2476	52360	  3	 14	 23	  0	371165	371265	371265	371265	371265	371136	371136	371136	371136	371124	371124	371124	371124	371114	371114	371114	371114	371106	371106	371106	??
ZZ	2477	52381	  3	 14	 23	  0	371245	371245	371245	371245	371076	371076	371076	371076	371133	371133	371133	371133	371042	371042	371042	371042	371144	371144	371144	371144	??
ZZ	2478	52402	  3	 14	 23	  0	371103	371103	371103	371226	371226	371226	371226	371216	371216	371216	371216	371167	371167	371167	371167	371189	371189	371189	371189	371191	??
ZZ	2479	52423	  3	 14	 23	  0	371191	371191	371058	371058	371058	371058	371069	371069	371069	371069	371121	371121	371121	371121	371334	371334	371334	371334	371178	371178	??
ZZ	2480	52444	  3	 14	 23	  0	371178	371182	371182	371182	371182	371170	371170	371170	371170	371092	371092	371092	371092	371170	371170	371170	371170	371219	371219	371219	??
ZZ	2481	52466	  3	 14	 23	  0	371128	371128	371128	371128	371185	371185	371185	371185	371118	371118	371118	371118	371134	371134	371134	371134	371137	371137	371137	371137	??
ZZ	2482	52487	  3	 14	 23	  0	371156	371156	371156	371170	371170	371170	371170	371204	371204	371204	371204	371167	371167	371167	371167	371251	371251	371251	371251	371118	??
ZZ	2483	52508	  5	 12	 31	  0	371118	371118	371212	371212	371212	371212	371080	371080	371080	371080	371152	371152	371152	371152	371175	371175	371175	371175	371258	371258	??
ZZ	2484	52529	  5	 12	 31	  0	371258	371159	371159	371159	371159	371162	371162	371162	371162	371227	371227	371227	371227	371220	371220	371220	371220	371016	371016	371016	??
ZZ	2485	52550	  5	 12	 31	  0	371201	371201	371201	371201	371139	371139	371139	371139	371205	371205	371205	371205	371121	371121	371121	371121	371155	371155	371155	371155	??
ZZ	2486	52571	  5	 12	 31	  0	371129	371129	371129	371201	371201	371201	371201	371146	371146	371146	371146	371145	371145	371145	371145	371135	371135	371135	371135	371162	??
ZZ	2487	52593	  5	 12	 31	  0	371162	371162	371080	371080	371080	371080	371149	371149	371149	371149	371306	371306	371306	371306	371106	371106	371106	371106	371211	371211	??
ZZ	2488	52614	  5	 12	 31	  0	371211	371140	371140	371140	371140	371204	371204	371204	371204	371170	371170	371170	371170	371220	371220	371220	371220	371201	371201	371201	??
ZZ	2489	52635	  5	 12	 31	  0	371110	371110	371110	371110	371185	371185	371185	371185	371128	371128	371128	371128	371137	371137	371137	371137	371058	371058	371058	371058	??
ZZ	2490	52656	  4	  9	 30	  0	371097	371097	371097	371193	371193	371193	371193	371103	371103	371103	371103	371201	371201	371201	371201	371076	371076	371076	371076	371107	??
ZZ	2491	52677	  4	  9	 30	  0	371107	371107	371182	371182	371182	371182	371145	371145	371145	371145	371184	371184	371184	371184	371189	371189	371189	371189	371201	371201	??
ZZ	2492	52698	  4	  9	 30	  0	371201	371185	371185	371185	371185	371148	371148	371148	371148	371154	371154	371154	371154	371114	371114	371114	371114	371103	371103	371103	??
ZZ	2493	52719	  4	  9	 30	  0	371186	371186	371186	371186	371061	371061	371061	371061	371118	371118	371118	371118	371114	371114	371114	371114	371121	371121	371121	371121	??
ZZ	2494	52740	  4	  9	 30	  0	371160	371160	371160	371182	371182	371182	371182	371228	371228	371228	371228	371193	371193	371193	371193	371238	371238	371238	371238	371317	??
ZZ	2495	52762	  4	  9	 30	  0	371317	371317	371171	371171	371171	371171	371133	371133	371133	371133	371234	371234	371234	371234	371196	371196	371196	371196	371235	371235	??
ZZ	2496	52783	  4	  9	 30	  0	371235	371224	371224	371224	371224	371232	371232	371232	371232	371204	371204	371204	371204	371203	371203	371203	371203	371246	371246	371246	??
ZZ	2497	52804	  4	  9	 30	  0	371208	371208	371208	371208	371205	371205	371205	371205	371099	371099	371099	371099	371212	371212	371212	371212	371214	371214	371214	371214	??
ZZ	2498	52825	  4	  9	 30	  0	371198	371198	371198	371280	371280	371280	371280	371187	371187	371187	371187	371201	371201	371201	371201	371146	371146	371146	371146	371182	??
ZZ	2499	52846	  4	  9	 30	  0	371182	371182	371182	371182	371182	371182	371180	371180	371180	371180	371144	371144	371144	371144	371121	371121	371121	371121	371151	371151	??
ZZ	2500	52867	  4	  5	 34	  0	371151	371312	371312	371312	371312	371213	371213	371213	371213	371197	371197	371197	371197	371088	371088	371088	371088	371145	371145	371145	??
ZZ	2501	52889	  4	  5	 34	  0	371144	371144	371144	371144	371008	371008	371008	371008	371137	371137	371137	371137	371163	371163	371163	371163	371182	371182	371182	371182	??
ZZ	2502	52910	  4	  5	 34	  0	371169	371169	371169	371172	371172	371172	371172	371183	371183	371183	371183	371182	371182	371182	371182	371185	371185	371185	371185	371131	??
ZZ	2503	52931	  4	  5	 34	  0	371131	371131	371215	371215	371215	371215	371239	371239	371239	371239	371221	371221	371221	371221	371208	371208	371208	371208	371194	371194	??
ZZ	2504	52952	  4	  5	 34	  0	371194	371168	371168	371168	371168	371219	371219	371219	371219	371184	371184	371184	371184	371179	371179	371179	371179	371144	371144	371144	??
ZZ	2505	52973	  4	  5	 34	  0	371161	371161	371161	371161	371231	371231	371231	371231	371182	371182	371182	371182	371095	371095	371095	371095	371144	371144	371144	371144	??
ZZ	2506	52994	  4	  5	 34	  0	371201	371201	371201	371196	371196	371196	371196	371226	371226	371226	371226	371212	371212	371212	371212	371095	371095	371095	371095	371216	??
ZZ	2507	53015	  4	  5	 34	  0	371216	371216	371126	371126	371126	371126	371178	371178	371178	371178	371039	371039	371039	371039	371151	371151	371151	371151	371193	371193	??
ZZ	2508	53037	  4	  5	 34	  0	371193	371321	371321	371321	371321	371214	371214	371214	371214	371065	371065	371065	371065	371119	371119	371119	371119	371182	371182	371182	??
ZZ	2509	53058	  4	  5	 34	  0	371204	371204	371204	371204	371208	371208	371208	371208	371194	371194	371194	371194	371185	371185	371185	371185	371178	371178	371178	371178	??
ZZ	2510	53079	  3	  1	 11	  0	371227	371227	371227	371178	371178	371178	371178	371121	371121	371121	371121	371129	371129	371129	371129	371055	371055	371055	371055	371201	??
ZZ	2511	53100	  3	  1	 11	  0	371201	371201	371141	371141	371141	371141	371139	371139	371139	371139	371155	371155	371155	371155	371174	371174	371174	371174	371192	371192	??
ZZ	2512	53121	  3	  1	 11	  0	371192	371174	371174	371174	371174	371146	371146	371146	371146	371269	371269	371269	371269	371249	371249	371249	371249	371207	371207	371207	??
ZZ	2513	53142	  3	  1	 11	  0	371252	371252	371252	371252	371133	371133	371133	371133	371175	371175	371175	371175	371061	371061	371061	371061	371159	371159	371159	371159	??
ZZ	2514	53164	  3	  1	 11	  0	371162	371162	371162	371125	371125	371125	371125	371177	371177	371177	371177	371227	371227	371227	371227	371148	371148	371148	371148	371169	??
ZZ	2515	53185	  3	  1	 11	  0	371169	371169	371263	371263	371263	371263	371285	371285	371285	371285	371234	371234	371234	371234	371319	371319	371319	371319	371193	371193	??
ZZ	2516	53206	  3	  1	 11	  0	371193	371234	371234	371234	371234	371265	371265	371265	371265	371206	371206	371206	371206	371170	371170	371170	371170	371163	371163	371163	??
ZZ	2517	53227	  3	  1	 11	  0	371145	371145	371145	371145	371163	371163	371163	371163	371269	371269	371269	371269	371230	371230	371230	371230	371189	371189	371189	371189	??
ZZ	2518	53248	  3	  1	 11	  0	371182	371182	371182	371195	371195	371195	371195	371126	371126	371126	371126	371151	371151	371151	371151	371076	371076	371076	371076	371224	??
ZZ	2519	53269	  3	  1	 11	  0	371224	371224	371194	371194	371194	371194	371208	371208	371208	371208	371231	371231	371231	371231	371175	371175	371175	371175	371159	371159	??
ZZ	2520	53290	  3	  1	 11	  0	371159	371148	371148	371148	371148	371111	371111	371111	371111	371247	371247	371247	371247	371083	371083	371083	371083	371122	371122	371122	??
ZZ	2521	53312	  3	  1	 11	  0	371020	371020	371020	371020	371082	371082	371082	371082	371204	371204	371204	371204	371257	371257	371257	371257	371199	371199	371199	371199	??
ZZ	2522	53333	  3	  1	 11	  0	371219	371219	371219	371137	371137	371137	371137	371186	371186	371186	371186	371088	371088	371088	371088	371235	371235	371235	371235	371069	??
ZZ	2523	53354	  3	  1	 11	  0	371069	371069	371031	371031	371031	371031	371145	371145	371145	371145	371088	371088	371088	371088	371216	371216	371216	371216	371164	371164	??
ZZ	2524	53375	  4	  1	 12	  0	371164	371197	371197	371197	371197	371168	371168	371168	371168	371139	371139	371139	371139	371286	371286	371286	371286	371159	371159	371159	??
ZZ	2525	53396	  4	  1	 12	  0	371170	371170	371170	371170	371163	371163	371163	371163	371173	371173	371173	371173	371106	371106	371106	371106	371223	371223	371223	371223	??
ZZ	2526	53417	  4	  1	 12	  0	371155	371155	371155	371182	371182	371182	371182	371158	371158	371158	371158	371084	371084	371084	371084	371201	371201	371201	371201	371129	??
ZZ	2527	53438	  4	  1	 12	  0	371129	371129	371140	371140	371140	371140	371091	371091	371091	371091	371089	371089	371089	371089	371121	371121	371121	371121	371249	371249	??
ZZ	2528	53460	  4	  1	 12	  0	371249	371168	371168	371168	371168	371148	371148	371148	371148	371212	371212	371212	371212	371302	371302	371302	371302	371249	371249	371249	??
ZZ	2529	53481	  4	  1	 12	  0	371247	371247	371247	371247	371114	371114	371114	371114	371114	371114	371114	371114	371166	371166	371166	371166	371156	371156	371156	371156	??
ZZ	2530	53502	  4	  1	 12	  0	371189	371189	371189	371170	371170	371170	371170	371148	371148	371148	371148	371090	371090	371090	371090	371182	371182	371182	371182	371159	??
ZZ	2531	53523	  4	  1	 12	  0	371159	371159	371113	371113	371113	371113	371214	371214	371214	371214	371152	371152	371152	371152	371161	371161	371161	371161	371148	371148	??
ZZ	2532	53544	  4	  2	  6	  0	371148	371031	371031	371031	371031	371156	371156	371156	371156	371248	371248	371248	371248	371174	371174	371174	371174	371103	371103	371103	??
ZZ	2533	53565	  4	  2	  6	  0	371061	371061	371061	371061	371151	371151	371151	371151	371114	371114	371114	371114	371249	371249	371249	371249	371220	371220	371220	371220	??
ZZ	2534	53586	  4	  2	  6	  0	371061	371061	371061	371159	371159	371159	371159	371160	371160	371160	371160	371159	371159	371159	371159	371165	371165	371165	371165	371197	??
ZZ	2535	53608	  4	  2	  6	  0	371197	371197	371247	371247	371247	371247	371179	371179	371179	371179	371192	371192	371192	371192	371179	371179	371179	371179	371146	371146	??
ZZ	2536	53629	  4	  2	  6	  0	371146	371125	371125	371125	371125	371169	371169	371169	371169	371136	371136	371136	371136	371144	371144	371144	371144	371147	371147	371147	??
ZZ	2537	53650	  4	  2	  6	  0	371133	371133	371133	371133	371182	371182	371182	371182	371187	371187	371187	371187	371276	371276	371276	371276	371073	371073	371073	371073	??
ZZ	2538	53671	  4	  2	  6	  0	371223	371223	371223	371054	371054	371054	371054	371179	371179	371179	371179	371216	371216	371216	371216	371160	371160	371160	371160	371150	??
ZZ	2539	53692	  4	  2	  6	  0	371150	371150	371141	371141	371141	371141	371272	371272	371272	371272	371168	371168	371168	371168	371197	371197	371197	371197	371170	371170	??
ZZ	2540	53713	  2	  4	  6	  0	371170	371148	371148	371148	371148	371197	371197	371197	371197	371170	371170	371170	371170	371073	371073	371073	371073	371129	371129	371129	??
ZZ	2541	53735	  2	  4	  6	  0	371070	371070	371070	371070	371054	371054	371054	371054	371171	371171	371171	371171	371098	371098	371098	371098	371152	371152	371152	371152	??
ZZ	2542	53756	  2	  4	  6	  0	371065	371065	371065	371160	371160	371160	371160	371201	371201	371201	371201	371189	371189	371189	371189	371133	371133	371133	371133	371099	??
ZZ	2543	53777	  2	  4	  6	  0	371099	371099	371188	371188	371188	371188	371310	371310	371310	371310	371118	371118	371118	371118	371154	371154	371154	371154	371099	371099	??
ZZ	2544	53798	  2	  4	  6	  0	371099	371151	371151	371151	371151	371125	371125	371125	371125	371208	371208	371208	371208	371181	371181	371181	371181	371208	371208	371208	??
ZZ	2545	53819	  2	  4	  6	  0	371258	371258	371258	371258	371243	371243	371243	371243	371118	371118	371118	371118	371163	371163	371163	371163	371151	371151	371151	371151	??
ZZ	2546	53840	  2	  4	  6	  0	371268	371268	371268	371155	371155	371155	371155	371161	371161	371161	371161	371163	371163	371163	371163	371184	371184	371184	371184	371329	??
ZZ	2547	53861	  2	  4	  6	  0	371329	371329	371183	371183	371183	371183	371188	371188	371188	371188	371184	371184	371184	371184	371125	371125	371125	371125	371204	371204	??
ZZ	2548	53882	  2	  4	  6	  0	371204	371102	371102	371102	371102	371307	371307	371307	371307	371227	371227	371227	371227	371148	371148	371148	371148	371181	371181	371181	??
ZZ	2549	53904	  2	  4	  6	  0	371114	371114	371114	371114	371174	371174	371174	371174	371163	371163	371163	371163	371061	371061	371061	371061	371227	371227	371227	371227	??
ZZ	2550	53925	  2	  7	  9	  0	371162	371162	371162	371167	371167	371167	371167	371207	371207	371207	371207	371221	371221	371221	371221	371276	371276	371276	371276	371204	??
ZZ	2551	53946	  2	  7	  9	  0	371204	371204	371287	371287	371287	371287	371194	371194	371194	371194	371239	371239	371239	371239	371223	371223	371223	371223	371257	371257	??
ZZ	2552	53967	  2	  7	  9	  0	371257	371227	371227	371227	371227	371118	371118	371118	371118	371167	371167	371167	371167	371291	371291	371291	371291	371114	371114	371114	??
ZZ	2553	53988	  2	  7	  9	  0	371187	371187	371187	371187	371137	371137	371137	371137	371133	371133	371133	371133	371173	371173	371173	371173	371148	371148	371148	371148	??
ZZ	2554	54009	  2	  7	  9	  0	371042	371042	371042	371148	371148	371148	371148	371283	371283	371283	371283	371228	371228	371228	371228	371216	371216	371216	371216	371080	??
ZZ	2555	54031	  2	  7	  9	  0	371080	371080	371160	371160	371160	371160	371121	371121	371121	371121	371232	371232	371232	371232	371123	371123	371123	371123	371232	371232	??
ZZ	2556	54052	  2	  7	  9	  0	371232	371151	371151	371151	371151	371106	371106	371106	371106	371216	371216	371216	371216	371158	371158	371158	371158	371152	371152	371152	??
ZZ	2557	54073	  2	  7	  9	  0	371170	371170	371170	371170	371167	371167	371167	371167	371156	371156	371156	371156	371261	371261	371261	371261	371207	371207	371207	371207	??
ZZ	2558	54094	  2	  7	  9	  0	371167	371167	371167	371065	371065	371065	371065	371172	371172	371172	371172	371178	371178	371178	371178	371167	371167	371167	371167	371088	??
ZZ	2559	54115	  2	  7	  9	  0	371088	371088	371218	371218	371218	371218	371183	371183	371183	371183	371005	371005	371005	371005	371171	371171	371171	371171	371113	371113	??
ZZ	2560	54136	  1	  8	 12	  0	371113	371133	371133	371133	371133	371185	371185	371185	371185	371158	371158	371158	371158	371148	371148	371148	371148	371095	371095	371095	??
ZZ	2561	54157	  1	  8	 12	  0	371246	371246	371246	371246	371234	371234	371234	371234	371219	371219	371219	371219	371201	371201	371201	371201	371114	371114	371114	371114	??
ZZ	2562	54179	  1	  8	 12	  0	371193	371193	371193	371193	371193	371193	371193	371226	371226	371226	371226	371258	371258	371258	371258	371077	371077	371077	371077	371178	??
ZZ	2563	54200	  1	  8	 12	  0	371178	371178	371219	371219	371219	371219	371050	371050	371050	371050	371187	371187	371187	371187	371106	371106	371106	371106	371262	371262	??
ZZ	2564	54221	  1	  8	 12	  0	371262	371218	371218	371218	371218	371198	371198	371198	371198	371196	371196	371196	371196	371249	371249	371249	371249	371140	371140	371140	??
ZZ	2565	54242	  1	  8	 12	  0	371199	371199	371199	371199	371238	371238	371238	371238	371224	371224	371224	371224	371191	371191	371191	371191	371140	371140	371140	371140	??
ZZ	2566	54263	  1	  8	 12	  0	371171	371171	371171	371135	371135	371135	371135	371197	371197	371197	371197	371180	371180	371180	371180	371213	371213	371213	371213	371234	??
ZZ	2567	54284	  1	  8	 12	  0	371234	371234	371091	371091	371091	371091	371163	371163	371163	371163	371042	371042	371042	371042	371118	371118	371118	371118	371272	371272	??
ZZ	2568	54305	  1	  8	 12	  0	371272	371061	371061	371061	371061	371180	371180	371180	371180	371013	371013	371013	371013	371131	371131	371131	371131	371212	371212	371212	??
ZZ	2569	54327	  1	  8	 12	  0	371177	371177	371177	371177	371215	371215	371215	371215	371118	371118	371118	371118	371272	371272	371272	371272	371188	371188	371188	371188	??
ZZ	2570	54348	  1	  7	  9	  0	371159	371159	371159	371144	371144	371144	371144	371183	371183	371183	371183	371212	371212	371212	371212	371229	371229	371229	371229	371144	??
ZZ	2571	54369	  1	  7	  9	  0	371144	371144	371178	371178	371178	371178	371156	371156	371156	371156	371171	371171	371171	371171	371163	371163	371163	371163	371229	371229	??
ZZ	2572	54390	  1	  7	  9	  0	371229	371227	371227	371227	371227	371133	371133	371133	371133	371223	371223	371223	371223	371193	371193	371193	371193	371249	371249	371249	??
ZZ	2573	54411	  1	  7	  9	  0	371203	371203	371203	371203	370891	370891	370891	370891	371106	371106	371106	371106	371227	371227	371227	371227	371023	371023	371023	371023	??
ZZ	2574	54432	  1	  7	  9	  0	371149	371149	371149	371155	371155	371155	371155	371167	371167	371167	371167	371157	371157	371157	371157	371216	371216	371216	371216	371167	??
ZZ	2575	54454	  1	  7	  9	  0	371167	371167	371227	371227	371227	371227	371133	371133	371133	371133	371179	371179	371179	371179	371197	371197	371197	371197	371223	371223	??
ZZ	2576	54475	  1	  7	  9	  0	371223	371203	371203	371203	371203	371198	371198	371198	371198	371130	371130	371130	371130	371137	371137	371137	371137	371253	371253	371253	??
ZZ	2577	54496	  1	  7	  9	  0	371106	371106	371106	371106	371227	371227	371227	371227	371281	371281	371281	371281	371161	371161	371161	371161	371126	371126	371126	371126	??
ZZ	2578	54517	  1	  7	  9	  0	371201	371201	371201	371141	371141	371141	371141	371129	371129	371129	371129	371157	371157	371157	371157	371058	371058	371058	371058	371144	??
ZZ	2579	54538	  1	  7	  9	  0	371144	371144	371128	371128	371128	371128	371129	371129	371129	371129	371257	371257	371257	371257	371191	371191	371191	371191	371239	371239	??
ZZ	2580	54559	  1	  8	  7	  0	371239	371258	371258	371258	371258	371247	371247	371247	371247	371268	371268	371268	371268	371262	371262	371262	371262	371189	371189	371189	??
ZZ	2581	54580	  1	  8	  7	  0	371177	371177	371177	371177	371187	371187	371187	371187	371103	371103	371103	371103	371208	371208	371208	371208	371186	371186	371186	371186	??
ZZ	2582	54601	  1	  8	  7	  0	371238	371238	371238	371091	371091	371091	371091	371173	371173	371173	371173	371023	371023	371023	371023	371150	371150	371150	371150	371238	??
ZZ	2583	54623	  1	  8	  7	  0	371238	371238	371219	371219	371219	371219	371211	371211	371211	371211	371322	371322	371322	371322	371182	371182	371182	371182	371238	371238	??
ZZ	2584	54644	  1	  8	  7	  0	371238	371031	371031	371031	371031	371141	371141	371141	371141	371160	371160	371160	371160	371186	371186	371186	371186	371238	371238	371238	??
ZZ	2585	54665	  1	  8	  7	  0	371118	371118	371118	371118	371231	371231	371231	371231	371147	371147	371147	371147	371219	371219	371219	371219	371321	371321	371321	371321	??
ZZ	2586	54686	  1	  8	  7	  0	371231	371231	371231	371193	371193	371193	371193	371133	371133	371133	371133	371167	371167	371167	371167	371265	371265	371265	371265	371311	??
ZZ	2587	54707	  1	  8	  7	  0	371311	371311	371163	371163	371163	371163	371140	371140	371140	371140	371161	371161	371161	371161	371211	371211	371211	371211	371175	371175	??
ZZ	2588	54728	  1	  8	  7	  0	371175	371198	371198	371198	371198	371167	371167	371167	371167	371268	371268	371268	371268	371133	371133	371133	371133	371121	371121	371121	??
ZZ	2589	54750	  1	  8	  7	  0	371110	371110	371110	371110	371204	371204	371204	371204	371107	371107	371107	371107	371187	371187	371187	371187	371231	371231	371231	371231	??
ZZ	2590	54771	  1	  8	  7	  0	371148	371148	371148	371168	371168	371168	371168	371186	371186	371186	371186	371176	371176	371176	371176	371209	371209	371209	371209	371118	??
ZZ	2591	54792	  1	  8	  7	  0	371118	371118	371192	371192	371192	371192	371133	371133	371133	371133	371212	371212	371212	371212	371161	371161	371161	371161	371261	371261	??
ZZ	2592	54813	  1	  8	  7	  0	371261	371248	371248	371248	371248	371219	371219	371219	371219	371145	371145	371145	371145	371129	371129	371129	371129	371178	371178	371178	??
ZZ	2593	54834	  2	 10	 10	  0	371261	371261	371261	371261	371191	371191	371191	371191	371272	371272	371272	371272	371304	371304	371304	371304	371217	371217	371217	371217	??
ZZ	2594	54855	  2	 10	 10	  0	371218	371218	371218	371148	371148	371148	371148	371186	371186	371186	371186	371185	371185	371185	371185	371225	371225	371225	371225	371160	??
ZZ	2595	54876	  2	 10	 10	  0	371160	371160	371252	371252	371252	371252	371180	371180	371180	371180	371219	371219	371219	371219	371125	371125	371125	371125	371149	371149	??
ZZ	2596	54898	  2	 10	 10	  0	371149	371245	371245	371245	371245	371201	371201	371201	371201	371180	371180	371180	371180	371189	371189	371189	371189	371147	371147	371147	??
ZZ	2597	54919	  2	 10	 10	  0	371140	371140	371140	371140	371212	371212	371212	371212	371116	371116	371116	371116	371243	371243	371243	371243	371140	371140	371140	371140	??
ZZ	2598	54940	  2	 10	 10	  0	371153	371153	371153	371275	371275	371275	371275	371156	371156	371156	371156	371176	371176	371176	371176	371159	371159	371159	371159	371132	??
ZZ	2599	54961	  2	 10	 10	  0	371132	371132	371208	371208	371208	371208	371249	371249	371249	371249	371199	371199	371199	371199	371178	371178	371178	371178	371185	371185	??
ZZ	2600	54982	  1	 13	 16	  0	371185	371160	371160	371160	371160	371158	371158	371158	371158	371124	371124	371124	371124	371035	371035	371035	371035	371221	371221	371221	??
ZZ	2601	55003	  1	 13	 16	  0	371160	371160	371160	371160	371148	371148	371148	371148	371170	371170	371170	371170	371205	371205	371205	371205	371148	371148	371148	371148	??
ZZ	2602	55025	  1	 13	 16	  0	371163	371163	371163	371136	371136	371136	371136	371129	371129	371129	371129	371162	371162	371162	371162	371159	371159	371159	371159	371204	??
ZZ	2603	55046	  1	 13	 16	  0	371204	371204	371186	371186	371186	371186	371148	371148	371148	371148	371110	371110	371110	371110	371177	371177	371177	371177	371182	371182	??
ZZ	2604	55067	  1	 13	 16	  0	371182	371185	371185	371185	371185	371177	371177	371177	371177	371140	371140	371140	371140	371156	371156	371156	371156	371223	371223	371223	??
ZZ	2605	55088	  1	 13	 16	  0	371242	371242	371242	371242	371210	371210	371210	371210	371005	371005	371005	371005	371155	371155	371155	371155	371135	371135	371135	371135	??
ZZ	2606	55109	  1	 13	 16	  0	371194	371194	371194	371185	371185	371185	371185	371187	371187	371187	371187	371208	371208	371208	371208	371183	371183	371183	371183	371137	??
ZZ	2607	55130	  1	 13	 16	  0	371137	371137	371201	371201	371201	371201	371118	371118	371118	371118	371145	371145	371145	371145	371219	371219	371219	371219	371171	371171	??
ZZ	2608	55151	  1	 13	 16	  0	371171	371144	371144	371144	371144	371050	371050	371050	371050	371105	371105	371105	371105	371261	371261	371261	371261	371166	371166	371166	??
ZZ	2609	55173	  1	 13	 16	  0	371182	371182	371182	371182	371238	371238	371238	371238	371199	371199	371199	371199	371182	371182	371182	371182	371208	371208	371208	371208	??
ZZ	2610	55194	  3	 12	 17	  0	371228	371228	371228	371201	371201	371201	371201	371197	371197	371197	371197	371167	371167	371167	371167	371144	371144	371144	371144	371094	??
ZZ	2611	55215	  3	 12	 17	  0	371094	371094	371185	371185	371185	371185	371208	371208	371208	371208	371149	371149	371149	371149	371242	371242	371242	371242	371261	371261	??
ZZ	2612	55236	  3	 12	 17	  0	371261	371149	371149	371149	371149	371050	371050	371050	371050	371108	371108	371108	371108	371142	371142	371142	371142	371110	371110	371110	??
ZZ	2613	55257	  3	 12	 17	  0	371130	371130	371130	371130	371265	371265	371265	371265	371129	371129	371129	371129	371176	371176	371176	371176	371212	371212	371212	371212	??
ZZ	2614	55278	  3	 12	 17	  0	371220	371220	371220	371194	371194	371194	371194	371122	371122	371122	371122	371164	371164	371164	371164	371179	371179	371179	371179	371249	??
ZZ	2615	55299	  3	 12	 17	  0	371249	371249	371251	371251	371251	371251	371027	371027	371027	371027	371182	371182	371182	371182	371108	371108	371108	371108	371174	371174	??
ZZ	2616	55321	  3	 12	 17	  0	371174	371261	371261	371261	371261	371166	371166	371166	371166	371182	371182	371182	371182	371205	371205	371205	371205	371283	371283	371283	??
ZZ	2617	55342	  3	 12	 17	  0	371246	371246	371246	371246	371277	371277	371277	371277	371140	371140	371140	371140	371242	371242	371242	371242	371211	371211	371211	371211	??
ZZ	2618	55363	  3	 12	 17	  0	371234	371234	371234	371234	371234	371234	371234	371230	371230	371230	371230	371095	371095	371095	371095	371136	371136	371136	371136	371285	??
ZZ	2619	55384	  3	 12	 17	  0	371285	371285	371207	371207	371207	371207	371197	371197	371197	371197	371159	371159	371159	371159	371155	371155	371155	371155	371214	371214	??
ZZ	2620	55405	  4	 13	 16	  0	371214	371102	371102	371102	371102	371216	371216	371216	371216	371131	371131	371131	371131	371262	371262	371262	371262	371182	371182	371182	??
ZZ	2621	55426	  4	 13	 16	  0	371215	371215	371215	371215	371118	371118	371118	371118	371110	371110	371110	371110	371212	371212	371212	371212	371155	371155	371155	371155	??
ZZ	2622	55447	  4	 13	 16	  0	371148	371148	371148	371246	371246	371246	371246	371118	371118	371118	371118	371163	371163	371163	371163	371144	371144	371144	371144	371224	??
ZZ	2623	55469	  4	 13	 16	  0	371224	371224	371193	371193	371193	371193	371178	371178	371178	371178	371215	371215	371215	371215	371092	371092	371092	371092	371295	371295	??
ZZ	2624	55490	  4	 13	 16	  0	371295	371211	371211	371211	371211	371054	371054	371054	371054	371171	371171	371171	371171	371212	371212	371212	371212	371227	371227	371227	??
ZZ	2625	55511	  4	 13	 16	  0	371235	371235	371235	371235	371107	371107	371107	371107	371212	371212	371212	371212	371218	371218	371218	371218	371247	371247	371247	371247	??
ZZ	2626	55532	  4	 13	 16	  0	371234	371234	371234	371244	371244	371244	371244	371133	371133	371133	371133	371150	371150	371150	371150	371292	371292	371292	371292	371189	??
ZZ	2627	55553	  4	 13	 16	  0	371189	371189	371163	371163	371163	371163	371249	371249	371249	371249	371332	371332	371332	371332	371216	371216	371216	371216	371204	371204	??
ZZ	2628	55574	  4	 13	 16	  0	371204	371072	371072	371072	371072	371182	371182	371182	371182	371163	371163	371163	371163	371196	371196	371196	371196	371170	371170	371170	??
ZZ	2629	55596	  4	 13	 16	  0	370983	370983	370983	370983	371119	371119	371119	371119	371174	371174	371174	371174	371300	371300	371300	371300	371186	371186	371186	371186	??
ZZ	2630	55617	  5	 12	 13	  0	371144	371144	371144	371272	371272	371272	371272	371158	371158	371158	371158	371197	371197	371197	371197	371199	371199	371199	371199	371242	??
ZZ	2631	55638	  5	 12	 13	  0	371242	371242	371201	371201	371201	371201	371157	371157	371157	371157	371099	371099	371099	371099	371227	371227	371227	371227	371123	371123	??
ZZ	2632	55659	  5	 12	 13	  0	371123	371312	371312	371312	371312	371224	371224	371224	371224	371232	371232	371232	371232	371285	371285	371285	371285	371204	371204	371204	??
ZZ	2633	55680	  5	 12	 13	  0	371204	371204	371204	371204	371144	371144	371144	371144	371177	371177	371177	371177	371182	371182	371182	371182	371152	371152	371152	371152	??
ZZ	2634	55701	  5	 12	 13	  0	371152	371152	371152	371152	371152	371152	371152	371182	371182	371182	371182	371134	371134	371134	371134	371148	371148	371148	371148	371168	??
ZZ	2635	55722	  5	 12	 13	  0	371168	371168	371198	371198	371198	371198	371174	371174	371174	371174	371157	371157	371157	371157	371170	371170	371170	371170	371231	371231	??
ZZ	2636	55744	  5	 12	 13	  0	371231	371208	371208	371208	371208	371137	371137	371137	371137	371134	371134	371134	371134	371101	371101	371101	371101	371189	371189	371189	??
ZZ	2637	55765	  5	 12	 13	  0	371173	371173	371173	371173	371228	371228	371228	371228	371118	371118	371118	371118	371155	371155	371155	371155	371174	371174	371174	371174	??
ZZ	2638	55786	  5	 12	 13	  0	371144	371144	371144	371167	371167	371167	371167	371148	371148	371148	371148	371192	371192	371192	371192	371272	371272	371272	371272	371122	??
ZZ	2639	55807	  5	 12	 13	  0	371122	371122	371219	371219	371219	371219	371228	371228	371228	371228	371069	371069	371069	371069	371204	371204	371204	371204	371156	371156	??
ZZ	2640	55828	  5	 12	 13	  0	371156	371211	371211	371211	371211	371173	371173	371173	371173	371091	371091	371091	371091	371189	371189	371189	371189	371118	371118	371118	??
ZZ	2641	55849	  5	 12	 13	  0	371159	371159	371159	371159	371144	371144	371144	371144	371133	371133	371133	371133	371159	371159	371159	371159	371109	371109	371109	371109	??
ZZ	2642	55870	  4	  7	  8	  0	371171	371171	371171	371196	371196	371196	371196	371143	371143	371143	371143	371118	371118	371118	371118	371087	371087	371087	371087	371129	??
ZZ	2643	55892	  4	  7	  8	  0	371129	371129	371215	371215	371215	371215	371191	371191	371191	371191	371246	371246	371246	371246	371164	371164	371164	371164	371191	371191	??
ZZ	2644	55913	  4	  7	  8	  0	371191	371140	371140	371140	371140	371246	371246	371246	371246	371176	371176	371176	371176	371144	371144	371144	371144	371159	371159	371159	??
ZZ	2645	55934	  4	  7	  8	  0	371203	371203	371203	371203	371224	371224	371224	371224	371217	371217	371217	371217	371027	371027	371027	371027	371201	371201	371201	371201	??
ZZ	2646	55955	  4	  7	  8	  0	371130	371130	371130	371207	371207	371207	371207	371258	371258	371258	371258	371179	371179	371179	371179	371197	371197	371197	371197	371193	??
ZZ	2647	55976	  4	  7	  8	  0	371193	371193	371102	371102	371102	371102	371190	371190	371190	371190	371186	371186	371186	371186	371268	371268	371268	371268	371171	371171	??
ZZ	2648	55997	  4	  7	  8	  0	371171	371187	371187	371187	371187	371175	371175	371175	371175	371167	371167	371167	371167	371184	371184	371184	371184	371129	371129	371129	??
ZZ	2649	56019	  4	  7	  8	  0	371203	371203	371203	371203	371265	371265	371265	371265	371201	371201	371201	371201	371203	371203	371203	371203	371185	371185	371185	371185	??
ZZ	2650	56040	  5	  3	  6	  0	371253	371253	371253	371197	371197	371197	371197	371175	371175	371175	371175	371157	371157	371157	371157	371088	371088	371088	371088	371122	??
ZZ	2651	56061	  5	  3	  6	  0	371122	371122	371168	371168	371168	371168	371054	371054	371054	371054	371152	371152	371152	371152	371108	371108	371108	371108	371283	371283	??
ZZ	2652	56082	  5	  3	  6	  0	371283	371272	371272	371272	371272	371257	371257	371257	371257	371247	371247	371247	371247	371191	371191	371191	371191	371238	371238	371238	??
ZZ	2653	56103	  5	  3	  6	  0	371201	371201	371201	371201	371172	371172	371172	371172	371243	371243	371243	371243	371302	371302	371302	371302	371220	371220	371220	371220	??
ZZ	2654	56124	  5	  3	  6	  0	371258	371258	371258	371177	371177	371177	371177	371194	371194	371194	371194	371137	371137	371137	371137	371187	371187	371187	371187	371182	??
ZZ	2655	56145	  5	  3	  6	  0	371182	371182	371073	371073	371073	371073	371131	371131	371131	371131	371170	371170	371170	371170	371144	371144	371144	371144	371145	371145	??
ZZ	2656	56166	  5	  3	  6	  0	371145	371076	371076	371076	371076	371258	371258	371258	371258	371142	371142	371142	371142	371228	371228	371228	371228	371176	371176	371176	??
ZZ	2657	56188	  5	  3	  6	  0	371167	371167	371167	371167	371114	371114	371114	371114	371117	371117	371117	371117	371175	371175	371175	371175	371148	371148	371148	371148	??
ZZ	2658	56209	  5	  3	  6	  0	371170	371170	371170	371306	371306	371306	371306	371091	371091	371091	371091	371188	371188	371188	371188	371234	371234	371234	371234	371190	??
ZZ	2659	56230	  5	  3	  6	  0	371190	371190	371260	371260	371260	371260	371118	371118	371118	371118	371227	371227	371227	371227	371223	371223	371223	371223	371198	371198	??
ZZ	2660	56251	  3	  6	  9	  0	371198	371209	371209	371209	371209	371224	371224	371224	371224	371238	371238	371238	371238	371237	371237	371237	371237	371262	371262	371262	??
ZZ	2661	56272	  3	  6	  9	  0	371190	371190	371190	371190	371155	371155	371155	371155	371118	371118	371118	371118	371164	371164	371164	371164	371148	371148	371148	371148	??
ZZ	2662	56293	  3	  6	  9	  0	371193	371193	371193	371167	371167	371167	371167	371091	371091	371091	371091	371201	371201	371201	371201	371159	371159	371159	371159	371201	??
ZZ	2663	56315	  3	  6	  9	  0	371201	371201	371210	371210	371210	371210	371216	371216	371216	371216	371152	371152	371152	371152	371174	371174	371174	371174	371189	371189	??
ZZ	2664	56336	  3	  6	  9	  0	371189	371080	371080	371080	371080	371194	371194	371194	371194	371268	371268	371268	371268	371198	371198	371198	371198	371194	371194	371194	??
ZZ	2665	56357	  3	  6	  9	  0	371102	371102	371102	371102	371144	371144	371144	371144	371129	371129	371129	371129	371076	371076	371076	371076	371154	371154	371154	371154	??
ZZ	2666	56378	  3	  6	  9	  0	371167	371167	371167	371268	371268	371268	371268	371183	371183	371183	371183	371159	371159	371159	371159	371172	371172	371172	371172	371099	??
ZZ	2667	56399	  3	  6	  9	  0	371099	371099	371215	371215	371215	371215	371137	371137	371137	371137	371193	371193	371193	371193	371185	371185	371185	371185	371170	371170	??
ZZ	2668	56420	  3	  6	  9	  0	371170	371212	371212	371212	371212	371231	371231	371231	371231	371218	371218	371218	371218	371118	371118	371118	371118	371139	371139	371139	??
ZZ	2669	56441	  3	  6	  9	  0	371302	371302	371302	371302	371076	371076	371076	371076	371210	371210	371210	371210	371178	371178	371178	371178	371198	371198	371198	371198	??
ZZ	2670	56462	  0	  7	 14	  0	371200	371200	371200	371027	371027	371027	371027	371110	371110	371110	371110	371134	371134	371134	371134	371148	371148	371148	371148	371174	??
ZZ	2671	56484	  0	  7	 14	  0	371174	371174	371249	371249	371249	371249	371253	371253	371253	371253	371241	371241	371241	371241	371039	371039	371039	371039	371204	371204	??
ZZ	2672	56505	  0	  7	 14	  0	371204	371137	371137	371137	371137	371175	371175	371175	371175	371125	371125	371125	371125	371164	371164	371164	371164	371296	371296	371296	??
ZZ	2673	56526	  0	  7	 14	  0	371158	371158	371158	371158	371114	371114	371114	371114	371076	371076	371076	371076	371094	371094	371094	371094	371114	371114	371114	371114	??
ZZ	2674	56547	  0	  7	 14	  0	371198	371198	371198	371114	371114	371114	371114	371287	371287	371287	371287	371224	371224	371224	371224	371223	371223	371223	371223	371178	??
ZZ	2675	56568	  0	  7	 14	  0	371178	371178	371189	371189	371189	371189	371103	371103	371103	371103	371137	371137	371137	371137	371168	371168	371168	371168	370994	370994	??
ZZ	2676	56589	  0	  7	 14	  0	370994	371248	371248	371248	371248	371152	371152	371152	371152	371208	371208	371208	371208	371201	371201	371201	371201	371118	371118	371118	??
ZZ	2677	56611	  0	  7	 14	  0	371196	371196	371196	371196	371228	371228	371228	371228	371351	371351	371351	371351	371190	371190	371190	371190	371258	371258	371258	371258	??
ZZ	2678	56632	  0	  7	 14	  0	371185	371185	371185	371163	371163	371163	371163	371149	371149	371149	371149	371287	371287	371287	371287	371196	371196	371196	371196	371137	??
ZZ	2679	56653	  0	  7	 14	  0	371137	371137	371061	371061	371061	371061	371165	371165	371165	371165	371204	371204	371204	371204	371212	371212	371212	371212	371171	371171	??
ZZ	2680	56674	  0	  7	 14	  0	371171	371039	371039	371039	371039	371185	371185	371185	371185	371119	371119	371119	371119	371220	371220	371220	371220	371182	371182	371182	??
ZZ	2681	56695	  0	  7	 14	  0	371170	371170	371170	371170	371227	371227	371227	371227	371175	371175	371175	371175	371118	371118	371118	371118	371249	371249	371249	371249	??
ZZ	2682	56716	  0	  7	 14	  0	371150	371150	371150	371268	371268	371268	371268	371084	371084	371084	371084	371169	371169	371169	371169	371114	371114	371114	371114	371159	??
ZZ	2683	56737	  0	  9	 16	  0	371159	371159	371203	371203	371203	371203	371061	371061	371061	371061	371159	371159	371159	371159	371144	371144	371144	371144	371140	371140	??
ZZ	2684	56759	  0	  9	 16	  0	371140	371158	371158	371158	371158	371257	371257	371257	371257	371220	371220	371220	371220	371197	371197	371197	371197	371140	371140	371140	??
ZZ	2685	56780	  0	  9	 16	  0	371122	371122	371122	371122	371114	371114	371114	371114	371137	371137	371137	371137	371174	371174	371174	371174	371159	371159	371159	371159	??
ZZ	2686	56801	  0	  9	 16	  0	371152	371152	371152	371181	371181	371181	371181	371136	371136	371136	371136	371139	371139	371139	371139	371103	371103	371103	371103	371110	??
ZZ	2687	56822	  0	  9	 16	  0	371110	371110	371123	371123	371123	371123	371126	371126	371126	371126	371148	371148	371148	371148	371140	371140	371140	371140	371298	371298	??
ZZ	2688	56843	  0	  9	 16	  0	371298	371209	371209	371209	371209	371234	371234	371234	371234	371137	371137	371137	371137	371164	371164	371164	371164	371261	371261	371261	??
ZZ	2689	56864	  0	  9	 16	  0	371248	371248	371248	371248	371238	371238	371238	371238	371193	371193	371193	371193	371174	371174	371174	371174	371228	371228	371228	371228	??
ZZ	2690	56886	  0	  5	 17	  0	371291	371291	371291	371152	371152	371152	371152	371221	371221	371221	371221	371106	371106	371106	371106	371185	371185	371185	371185	371152	??
ZZ	2691	56907	  0	  5	 17	  0	371152	371152	371137	371137	371137	371137	371156	371156	371156	371156	371203	371203	371203	371203	371238	371238	371238	371238	371137	371137	??
ZZ	2692	56928	  0	  5	 17	  0	371137	371242	371242	371242	371242	371027	371027	371027	371027	371115	371115	371115	371115	371298	371298	371298	371298	371215	371215	371215	??
ZZ	2693	56949	  0	  5	 17	  0	371227	371227	371227	371227	371148	371148	371148	371148	371201	371201	371201	371201	371194	371194	371194	371194	371061	371061	371061	371061	??
ZZ	2694	56970	  0	  5	 17	  0	371141	371141	371141	371133	371133	371133	371133	371095	371095	371095	371095	371114	371114	371114	371114	371095	371095	371095	371095	371160	??
ZZ	2695	56991	  0	  5	 17	  0	371160	371160	371162	371162	371162	371162	371141	371141	371141	371141	371169	371169	371169	371169	371257	371257	371257	371257	371163	371163	??
ZZ	2696	57013	  0	  5	 17	  0	371163	371157	371157	371157	371157	371102	371102	371102	371102	371144	371144	371144	371144	371140	371140	371140	371140	371198	371198	371198	??
ZZ	2697	57034	  0	  5	 17	  0	371092	371092	371092	371092	371058	371058	371058	371058	371163	371163	371163	371163	371120	371120	371120	371120	371257	371257	371257	371257	??
ZZ	2698	57055	  0	  5	 17	  0	371107	371107	371107	371172	371172	371172	371172	371246	371246	371246	371246	371139	371139	371139	371139	371088	371088	371088	371088	371265	??
ZZ	2699	57076	  0	  5	 17	  0	371265	371265	371220	371220	371220	371220	371242	371242	371242	371242	371126	371126	371126	371126	371195	371195	371195	371195	371204	371204	??
ZZ	2700	57097	  0	  2	 20	  0	371204	371092	371092	371092	371092	371188	371188	371188	371188	371266	371266	371266	371266	371245	371245	371245	371245	371259	371259	371259	??
ZZ	2701	57118	  0	  2	 20	  0	371208	371208	371208	371208	371284	371284	371284	371284	371211	371211	371211	371211	371174	371174	371174	371174	371242	371242	371242	371242	??
ZZ	2702	57139	  0	  2	 20	  0	371156	371156	371156	371069	371069	371069	371069	371168	371168	371168	371168	371235	371235	371235	371235	371191	371191	371191	371191	371234	??
ZZ	2703	57161	  0	  2	 20	  0	371234	371234	371219	371219	371219	371219	371153	371153	371153	371153	371194	371194	371194	371194	371133	371133	371133	371133	371167	371167	??
ZZ	2704	57182	  0	  2	 20	  0	371167	371234	371234	371234	371234	371302	371302	371302	371302	371225	371225	371225	371225	371020	371020	371020	371020	371157	371157	371157	??
ZZ	2705	57203	  0	  2	 20	  0	371140	371140	371140	371140	371148	371148	371148	371148	371167	371167	371167	371167	371247	371247	371247	371247	371227	371227	371227	371227	??
ZZ	2706	57224	  0	  2	 20	  0	371175	371175	371175	371223	371223	371223	371223	371167	371167	371167	371167	371147	371147	371147	371147	371125	371125	371125	371125	371090	??
ZZ	2707	57245	  0	  2	 20	  0	371090	371090	371061	371061	371061	371061	371212	371212	371212	371212	371095	371095	371095	371095	371141	371141	371141	371141	371201	371201	??
ZZ	2708	57266	  0	  2	 20	  0	371201	371161	371161	371161	371161	371287	371287	371287	371287	371234	371234	371234	371234	371212	371212	371212	371212	371217	371217	371217	??
ZZ	2709	57288	  0	  2	 20	  0	371145	371145	371145	371145	371128	371128	371128	371128	371110	371110	371110	371110	371135	371135	371135	371135	371088	371088	371088	371088	??
ZZ	2710	57309	  1	  4	 27	  0	371319	371319	371319	371201	371201	371201	371201	370986	370986	370986	370986	371130	371130	371130	371130	371167	371167	371167	371167	371227	??
ZZ	2711	57330	  1	  4	 27	  0	371227	371227	371214	371214	371214	371214	371017	371017	371017	371017	371126	371126	371126	371126	371146	371146	371146	371146	371268	371268	??
ZZ	2712	57351	  1	  4	 27	  0	371268	371076	371076	371076	371076	371156	371156	371156	371156	371268	371268	371268	371268	371157	371157	371157	371157	371137	371137	371137	??
ZZ	2713	57372	  1	  4	 27	  0	371248	371248	371248	371248	371123	371123	371123	371123	371167	371167	371167	371167	371326	371326	371326	371326	371234	371234	371234	371234	??
ZZ	2714	57393	  1	  4	 27	  0	371272	371272	371272	371246	371246	371246	371246	371230	371230	371230	371230	371126	371126	371126	371126	371197	371197	371197	371197	371170	??
ZZ	2715	57414	  1	  4	 27	  0	371170	371170	371065	371065	371065	371065	371173	371173	371173	371173	371179	371179	371179	371179	371163	371163	371163	371163	371213	371213	??
ZZ	2716	57436	  1	  4	 27	  0	371213	371061	371061	371061	371061	371228	371228	371228	371228	371121	371121	371121	371121	371185	371185	371185	371185	371111	371111	371111	??
ZZ	2717	57457	  1	  4	 27	  0	371170	371170	371170	371170	371302	371302	371302	371302	371202	371202	371202	371202	371160	371160	371160	371160	371189	371189	371189	371189	??
ZZ	2718	57478	  1	  4	 27	  0	371152	371152	371152	371189	371189	371189	371189	371095	371095	371095	371095	371178	371178	371178	371178	371212	371212	371212	371212	371225	??
ZZ	2719	57499	  1	  4	 27	  0	371225	371225	371198	371198	371198	371198	371118	371118	371118	371118	371154	371154	371154	371154	371140	371140	371140	371140	371182	371182	??
ZZ	2720	57520	  1	 11	 40	  0	371182	371212	371212	371212	371212	371103	371103	371103	371103	371208	371208	371208	371208	371165	371165	371165	371165	371192	371192	371192	??
ZZ	2721	57541	  1	 11	 40	  0	371177	371177	371177	371177	371160	371160	371160	371160	371249	371249	371249	371249	371196	371196	371196	371196	371122	371122	371122	371122	??
ZZ	2722	57563	  1	 11	 40	  0	371216	371216	371216	371171	371171	371171	371171	371189	371189	371189	371189	371170	371170	371170	371170	371046	371046	371046	371046	371298	??
ZZ	2723	57584	  1	 11	 40	  0	371298	371298	371120	371120	371120	371120	371192	371192	371192	371192	371212	371212	371212	371212	371134	371134	371134	371134	371216	371216	??
ZZ	2724	57605	  1	 11	 40	  0	371216	371204	371204	371204	371204	371192	371192	371192	371192	371020	371020	371020	371020	371173	371173	371173	371173	371204	371204	371204	??
ZZ	2725	57626	  1	 11	 40	  0	371167	371167	371167	371167	371213	371213	371213	371213	371228	371228	371228	371228	371121	371121	371121	371121	371169	371169	371169	371169	??
ZZ	2726	57647	  1	 11	 40	  0	371178	371178	371178	371152	371152	371152	371152	371167	371167	371167	371167	371107	371107	371107	371107	371154	371154	371154	371154	371054	??
ZZ	2727	57668	  1	 11	 40	  0	371054	371054	371308	371308	371308	371308	371143	371143	371143	371143	371219	371219	371219	371219	371231	371231	371231	371231	371150	371150	??
ZZ	2728	57689	  1	 11	 40	  0	371150	371088	371088	371088	371088	371185	371185	371185	371185	371150	371150	371150	371150	371182	371182	371182	371182	371151	371151	371151	??
ZZ	2729	57711	  1	 11	 40	  0	371238	371238	371238	371238	371174	371174	371174	371174	371204	371204	371204	371204	371227	371227	371227	371227	371219	371219	371219	371219	??
ZZ	2730	57732	  1	 11	 40	  0	371196	371196	371196	371163	371163	371163	371163	371137	371137	371137	371137	371148	371148	371148	371148	371235	371235	371235	371235	371150	??
ZZ	2731	57753	  1	 11	 40	  0	371150	371150	371099	371099	371099	371099	371213	371213	371213	371213	371164	371164	371164	371164	371155	371155	371155	371155	371219	371219	??
ZZ	2732	57774	  1	 12	 37	  0	371219	371174	371174	371174	371174	371212	371212	371212	371212	371152	371152	371152	371152	371135	371135	371135	371135	371189	371189	371189	??
ZZ	2733	57795	  1	 12	 37	  0	371146	371146	371146	371146	371182	371182	371182	371182	371174	371174	371174	371174	371183	371183	371183	371183	371190	371190	371190	371190	??
ZZ	2734	57816	  1	 12	 37	  0	371216	371216	371216	371239	371239	371239	371239	371080	371080	371080	371080	371137	371137	371137	371137	371148	371148	371148	371148	371129	??
ZZ	2735	57837	  1	 12	 37	  0	371129	371129	371176	371176	371176	371176	371257	371257	371257	371257	371073	371073	371073	371073	371173	371173	371173	371173	371228	371228	??
ZZ	2736	57859	  1	 12	 37	  0	371228	371275	371275	371275	371275	371193	371193	371193	371193	371091	371091	371091	371091	371097	371097	371097	371097	371069	371069	371069	??
ZZ	2737	57880	  1	 12	 37	  0	371189	371189	371189	371189	371158	371158	371158	371158	371058	371058	371058	371058	371163	371163	371163	371163	371154	371154	371154	371154	??
ZZ	2738	57901	  1	 12	 37	  0	371190	371190	371190	371106	371106	371106	371106	371129	371129	371129	371129	371178	371178	371178	371178	371227	371227	371227	371227	371148	??
ZZ	2739	57922	  1	 12	 37	  0	371148	371148	371167	371167	371167	371167	371161	371161	371161	371161	371281	371281	371281	371281	370975	370975	370975	370975	371119	371119	??
ZZ	2740	57943	  1	 15	 39	  0	371119	371076	371076	371076	371076	371265	371265	371265	371265	371158	371158	371158	371158	371065	371065	371065	371065	371129	371129	371129	??
ZZ	2741	57964	  1	 15	 39	  0	371095	371095	371095	371095	371238	371238	371238	371238	371172	371172	371172	371172	371133	371133	371133	371133	371261	371261	371261	371261	??
ZZ	2742	57985	  1	 15	 39	  0	371144	371144	371144	371088	371088	371088	371088	371106	371106	371106	371106	371107	371107	371107	371107	371254	371254	371254	371254	371188	??
ZZ	2743	58006	  1	 15	 39	  0	371188	371188	371193	371193	371193	371193	371178	371178	371178	371178	371141	371141	371141	371141	371216	371216	371216	371216	371178	371178	??
ZZ	2744	58028	  1	 15	 39	  0	371178	371179	371179	371179	371179	371163	371163	371163	371163	371133	371133	371133	371133	371124	371124	371124	371124	371076	371076	371076	??
ZZ	2745	58049	  1	 15	 39	  0	371138	371138	371138	371138	371193	371193	371193	371193	371258	371258	371258	371258	371234	371234	371234	371234	371197	371197	371197	371197	??
ZZ	2746	58070	  1	 15	 39	  0	371257	371257	371257	371160	371160	371160	371160	371243	371243	371243	371243	371181	371181	371181	371181	371231	371231	371231	371231	371152	??
ZZ	2747	58091	  1	 15	 39	  0	371152	371152	371167	371167	371167	371167	371148	371148	371148	371148	371204	371204	371204	371204	371163	371163	371163	371163	371084	371084	??
ZZ	2748	58112	  1	 15	 39	  0	371084	371107	371107	371107	371107	371168	371168	371168	371168	371141	371141	371141	371141	371245	371245	371245	371245	371178	371178	371178	??
ZZ	2749	58134	  1	 15	 39	  0	371159	371159	371159	371159	371162	371162	371162	371162	371288	371288	371288	371288	371291	371291	371291	371291	371233	371233	371233	371233	??
ZZ	2750	58155	  2	 15	 28	  0	371209	371209	371209	371177	371177	371177	371177	371191	371191	371191	371191	371129	371129	371129	371129	371192	371192	371192	371192	371192	??
ZZ	2751	58176	  2	 15	 28	  0	371192	371192	371243	371243	371243	371243	371225	371225	371225	371225	371206	371206	371206	371206	371178	371178	371178	371178	371187	371187	??
ZZ	2752	58197	  2	 15	 28	  0	371187	371278	371278	371278	371278	371258	371258	371258	371258	371246	371246	371246	371246	371219	371219	371219	371219	371235	371235	371235	??
ZZ	2753	58218	  2	 15	 28	  0	371106	371106	371106	371106	371159	371159	371159	371159	371136	371136	371136	371136	371304	371304	371304	371304	371189	371189	371189	371189	??
ZZ	2754	58239	  2	 15	 28	  0	371246	371246	371246	371182	371182	371182	371182	371190	371190	371190	371190	371198	371198	371198	371198	371143	371143	371143	371143	371213	??
ZZ	2755	58260	  2	 15	 28	  0	371213	371213	371330	371330	371330	371330	371099	371099	371099	371099	371212	371212	371212	371212	371193	371193	371193	371193	371167	371167	??
ZZ	2756	58281	  2	 15	 28	  0	371167	371155	371155	371155	371155	371103	371103	371103	371103	371178	371178	371178	371178	371158	371158	371158	371158	371235	371235	371235	??
ZZ	2757	58303	  2	 15	 28	  0	371196	371196	371196	371196	371121	371121	371121	371121	371088	371088	371088	371088	371126	371126	371126	371126	371249	371249	371249	371249	??
ZZ	2758	58324	  2	 15	 28	  0	371234	371234	371234	371153	371153	371153	371153	371190	371190	371190	371190	371164	371164	371164	371164	371193	371193	371193	371193	371322	??
ZZ	2759	58345	  2	 15	 28	  0	371322	371322	371199	371199	371199	371199	371143	371143	371143	371143	371144	371144	371144	371144	371156	371156	371156	371156	371148	371148	??
ZZ	2760	58366	  1	 17	 24	  0	371148	371170	371170	371170	371170	371170	371170	371170	371170	371020	371020	371020	371020	371108	371108	371108	371108	371174	371174	371174	??
ZZ	2761	58387	  1	 17	 24	  0	371275	371275	371275	371275	371218	371218	371218	371218	371189	371189	371189	371189	371254	371254	371254	371254	371216	371216	371216	371216	??
ZZ	2762	58408	  1	 17	 24	  0	371280	371280	371280	371265	371265	371265	371265	371211	371211	371211	371211	371227	371227	371227	371227	371198	371198	371198	371198	371141	??
ZZ	2763	58430	  1	 17	 24	  0	371141	371141	371177	371177	371177	371177	371189	371189	371189	371189	371197	371197	371197	371197	371178	371178	371178	371178	371177	371177	??
ZZ	2764	58451	  1	 17	 24	  0	371177	371208	371208	371208	371208	371178	371178	371178	371178	371210	371210	371210	371210	371186	371186	371186	371186	371182	371182	371182	??
ZZ	2765	58472	  1	 17	 24	  0	371268	371268	371268	371268	371076	371076	371076	371076	371199	371199	371199	371199	371054	371054	371054	371054	371174	371174	371174	371174	??
ZZ	2766	58493	  1	 17	 24	  0	371163	371163	371163	371170	371170	371170	371170	371170	371170	371170	371170	371135	371135	371135	371135	371281	371281	371281	371281	371222	??
ZZ	2767	58514	  1	 17	 24	  0	371222	371222	371058	371058	371058	371058	371106	371106	371106	371106	371144	371144	371144	371144	371238	371238	371238	371238	371197	371197	??
ZZ	2768	58535	  1	 17	 24	  0	371197	371153	371153	371153	371153	371257	371257	371257	371257	371023	371023	371023	371023	371115	371115	371115	371115	371247	371247	371247	??
ZZ	2769	58557	  1	 17	 24	  0	371151	371151	371151	371151	371257	371257	371257	371257	371050	371050	371050	371050	371183	371183	371183	371183	371234	371234	371234	371234	??
ZZ	2770	58578	  3	 19	 10	  0	371121	371121	371121	371191	371191	371191	371191	371220	371220	371220	371220	371182	371182	371182	371182	371192	371192	371192	371192	371084	??
ZZ	2771	58599	  3	 19	 10	  0	371084	371084	371176	371176	371176	371176	371126	371126	371126	371126	371283	371283	371283	371283	371169	371169	371169	371169	371069	371069	??
ZZ	2772	58620	  3	 19	 10	  0	371069	371182	371182	371182	371182	371126	371126	371126	371126	371216	371216	371216	371216	371146	371146	371146	371146	371223	371223	371223	??
ZZ	2773	58641	  3	 19	 10	  0	371274	371274	371274	371274	371224	371224	371224	371224	371282	371282	371282	371282	371185	371185	371185	371185	371216	371216	371216	371216	??
ZZ	2774	58662	  3	 19	 10	  0	371133	371133	371133	371159	371159	371159	371159	371170	371170	371170	371170	371084	371084	371084	371084	371121	371121	371121	371121	371246	??
ZZ	2775	58683	  3	 19	 10	  0	371246	371246	371212	371212	371212	371212	371206	371206	371206	371206	371148	371148	371148	371148	371016	371016	371016	371016	371131	371131	??
ZZ	2776	58705	  3	 19	 10	  0	371131	371001	371001	371001	371001	371141	371141	371141	371141	371148	371148	371148	371148	371223	371223	371223	371223	371220	371220	371220	??
ZZ	2777	58726	  3	 19	 10	  0	371155	371155	371155	371155	371257	371257	371257	371257	371157	371157	371157	371157	371258	371258	371258	371258	371212	371212	371212	371212	??
ZZ	2778	58747	  3	 19	 10	  0	371201	371201	371201	371148	371148	371148	371148	371163	371163	371163	371163	371181	371181	371181	371181	371182	371182	371182	371182	371180	??
ZZ	2779	58768	  3	 19	 10	  0	371180	371180	371189	371189	371189	371189	371144	371144	371144	371144	371144	371144	371144	371144	371239	371239	371239	371239	371219	371219	??
ZZ	2780	58789	  3	 14	 15	  0	371219	371225	371225	371225	371225	371329	371329	371329	371329	371208	371208	371208	371208	371247	371247	371247	371247	371096	371096	371096	??
ZZ	2781	58810	  3	 14	 15	  0	371177	371177	371177	371177	371152	371152	371152	371152	371216	371216	371216	371216	371221	371221	371221	371221	371148	371148	371148	371148	??
ZZ	2782	58832	  3	 14	 15	  0	371189	371189	371189	371173	371173	371173	371173	371246	371246	371246	371246	371218	371218	371218	371218	371182	371182	371182	371182	371178	??
ZZ	2783	58853	  3	 14	 15	  0	371178	371178	371121	371121	371121	371121	371132	371132	371132	371132	371091	371091	371091	371091	371155	371155	371155	371155	371148	371148	??
ZZ	2784	58874	  3	 14	 15	  0	371148	371144	371144	371144	371144	371141	371141	371141	371141	371080	371080	371080	371080	371119	371119	371119	371119	371095	371095	371095	??
ZZ	2785	58895	  3	 14	 15	  0	371121	371121	371121	371121	371141	371141	371141	371141	371338	371338	371338	371338	371099	371099	371099	371099	371210	371210	371210	371210	??
ZZ	2786	58916	  3	 14	 15	  0	371156	371156	371156	371211	371211	371211	371211	371224	371224	371224	371224	371201	371201	371201	371201	371207	371207	371207	371207	371156	??
ZZ	2787	58937	  3	 14	 15	  0	371156	371156	371162	371162	371162	371162	371135	371135	371135	371135	371193	371193	371193	371193	371110	371110	371110	371110	371185	371185	??
ZZ	2788	58958	  3	 14	 15	  0	371185	371293	371293	371293	371293	371220	371220	371220	371220	371240	371240	371240	371240	371287	371287	371287	371287	371230	371230	371230	??
ZZ	2789	58980	  3	 14	 15	  0	371226	371226	371226	371226	371209	371209	371209	371209	371230	371230	371230	371230	371179	371179	371179	371179	371129	371129	371129	371129	??
ZZ	2790	59001	  3	 14	 15	  0	371156	371156	371156	371238	371238	371238	371238	371155	371155	371155	371155	371186	371186	371186	371186	371114	371114	371114	371114	371194	??
ZZ	2791	59022	  3	 14	 15	  0	371194	371194	371170	371170	371170	371170	371190	371190	371190	371190	371186	371186	371186	371186	371031	371031	371031	371031	371216	371216	??
ZZ	2792	59043	  3	 14	 15	  0	371216	371153	371153	371153	371153	371099	371099	371099	371099	371165	371165	371165	371165	371103	371103	371103	371103	371234	371234	371234	??
ZZ	2793	59064	  2	  9	 16	  0	371182	371182	371182	371182	371257	371257	371257	371257	371152	371152	371152	371152	371164	371164	371164	371164	371190	371190	371190	371190	??
ZZ	2794	59085	  2	  9	 16	  0	371125	371125	371125	371141	371141	371141	371141	371103	371103	371103	371103	371154	371154	371154	371154	371144	371144	371144	371144	371268	??
ZZ	2795	59107	  2	  9	 16	  0	371268	371268	371223	371223	371223	371223	371148	371148	371148	371148	371148	371148	371148	371148	371125	371125	371125	371125	371099	371099	??
ZZ	2796	59128	  2	  9	 16	  0	371099	371225	371225	371225	371225	371222	371222	371222	371222	371179	371179	371179	371179	371239	371239	371239	371239	371114	371114	371114	??
ZZ	2797	59149	  2	  9	 16	  0	371152	371152	371152	371152	371098	371098	371098	371098	371188	371188	371188	371188	371253	371253	371253	371253	371198	371198	371198	371198	??
ZZ	2798	59170	  2	  9	 16	  0	371095	371095	371095	371201	371201	371201	371201	371179	371179	371179	371179	371277	371277	371277	371277	371157	371157	371157	371157	371095	??
ZZ	2799	59191	  2	  9	 16	  0	371095	371095	371181	371181	371181	371181	371139	371139	371139	371139	371159	371159	371159	371159	371287	371287	371287	371287	371187	371187	??
ZZ	2800	59212	  3	  6	 16	  0	371187	371170	371170	371170	371170	371137	371137	371137	371137	371147	371147	371147	371147	371110	371110	371110	371110	371167	371167	371167	??
ZZ	2801	59233	  3	  6	 16	  0	371140	371140	371140	371140	371133	371133	371133	371133	371179	371179	371179	371179	371121	371121	371121	371121	371152	371152	371152	371152	??
ZZ	2802	59255	  3	  6	 16	  0	371189	371189	371189	371144	371144	371144	371144	371306	371306	371306	371306	371167	371167	371167	371167	371163	371163	371163	371163	371112	??
ZZ	2803	59276	  3	  6	 16	  0	371112	371112	371182	371182	371182	371182	371246	371246	371246	371246	371217	371217	371217	371217	371095	371095	371095	371095	371163	371163	??
ZZ	2804	59297	  3	  6	 16	  0	371163	371148	371148	371148	371148	371347	371347	371347	371347	371263	371263	371263	371263	371159	371159	371159	371159	371069	371069	371069	??
ZZ	2805	59318	  3	  6	 16	  0	371181	371181	371181	371181	371272	371272	371272	371272	371186	371186	371186	371186	371219	371219	371219	371219	371137	371137	371137	371137	??
ZZ	2806	59339	  3	  6	 16	  0	371058	371058	371058	371153	371153	371153	371153	371076	371076	371076	371076	371191	371191	371191	371191	371224	371224	371224	371224	371201	??
ZZ	2807	59360	  3	  6	 16	  0	371201	371201	371203	371203	371203	371203	371140	371140	371140	371140	371088	371088	371088	371088	371098	371098	371098	371098	371095	371095	??
ZZ	2808	59382	  3	  6	 16	  0	371095	371181	371181	371181	371181	371093	371093	371093	371093	371223	371223	371223	371223	371146	371146	371146	371146	371088	371088	371088	??
ZZ	2809	59403	  3	  6	 16	  0	371106	371106	371106	371106	371136	371136	371136	371136	371253	371253	371253	371253	371095	371095	371095	371095	371240	371240	371240	371240	??
ZZ	2810	59424	  2	  7	 26	  0	371234	371234	371234	371246	371246	371246	371246	371247	371247	371247	371247	371185	371185	371185	371185	371248	371248	371248	371248	371178	??
ZZ	2811	59445	  2	  7	 26	  0	371178	371178	371229	371229	371229	371229	371191	371191	371191	371191	371286	371286	371286	371286	371231	371231	371231	371231	371225	371225	??
ZZ	2812	59466	  2	  7	 26	  0	371225	371088	371088	371088	371088	371216	371216	371216	371216	371193	371193	371193	371193	371095	371095	371095	371095	371168	371168	371168	??
ZZ	2813	59487	  2	  7	 26	  0	371121	371121	371121	371121	371137	371137	371137	371137	371071	371071	371071	371071	371232	371232	371232	371232	371276	371276	371276	371276	??
ZZ	2814	59508	  2	  7	 26	  0	371139	371139	371139	371110	371110	371110	371110	371125	371125	371125	371125	371128	371128	371128	371128	371159	371159	371159	371159	371168	??
ZZ	2815	59530	  2	  7	 26	  0	371168	371168	371236	371236	371236	371236	371238	371238	371238	371238	371219	371219	371219	371219	371216	371216	371216	371216	371208	371208	??
ZZ	2816	59551	  2	  7	 26	  0	371208	371206	371206	371206	371206	371155	371155	371155	371155	371152	371152	371152	371152	371150	371150	371150	371150	371148	371148	371148	??
ZZ	2817	59572	  2	  7	 26	  0	371161	371161	371161	371161	371106	371106	371106	371106	371243	371243	371243	371243	371179	371179	371179	371179	371163	371163	371163	371163	??
ZZ	2818	59593	  2	  7	 26	  0	371231	371231	371231	371150	371150	371150	371150	371163	371163	371163	371163	371166	371166	371166	371166	371133	371133	371133	371133	371190	??
ZZ	2819	59614	  2	  7	 26	  0	371190	371190	371218	371218	371218	371218	371266	371266	371266	371266	371182	371182	371182	371182	371233	371233	371233	371233	371159	371159	??
ZZ	2820	59635	  1	 13	 38	  0	371159	371372	371372	371372	371372	371242	371242	371242	371242	371238	371238	371238	371238	371153	371153	371153	371153	371174	371174	371174	??
ZZ	2821	59656	  1	 13	 38	  0	371186	371186	371186	371186	371165	371165	371165	371165	371163	371163	371163	371163	371223	371223	371223	371223	371165	371165	371165	371165	??
ZZ	2822	59678	  1	 13	 38	  0	371072	371072	371072	371224	371224	371224	371224	371153	371153	371153	371153	371125	371125	371125	371125	371177	371177	371177	371177	371152	??
ZZ	2823	59699	  1	 13	 38	  0	371152	371152	371302	371302	371302	371302	371163	371163	371163	371163	371239	371239	371239	371239	371159	371159	371159	371159	371135	371135	??
ZZ	2824	59720	  1	 13	 38	  0	371135	371166	371166	371166	371166	371141	371141	371141	371141	371136	371136	371136	371136	371141	371141	371141	371141	371171	371171	371171	??
ZZ	2825	59741	  1	 13	 38	  0	371265	371265	371265	371265	371193	371193	371193	371193	371233	371233	371233	371233	371137	371137	371137	371137	371133	371133	371133	371133	??
ZZ	2826	59762	  1	 13	 38	  0	371203	371203	371203	371197	371197	371197	371197	371171	371171	371171	371171	371199	371199	371199	371199	371170	371170	371170	371170	371255	??
ZZ	2827	59783	  1	 13	 38	  0	371255	371255	371153	371153	371153	371153	371268	371268	371268	371268	371239	371239	371239	371239	371201	371201	371201	371201	371167	371167	??
ZZ	2828	59805	  1	 13	 38	  0	371167	371166	371166	371166	371166	371189	371189	371189	371189	371249	371249	371249	371249	371305	371305	371305	371305	371147	371147	371147	??
ZZ	2829	59826	  1	 13	 38	  0	371188	371188	371188	371188	371122	371122	371122	371122	371170	371170	371170	371170	371118	371118	371118	371118	371227	371227	371227	371227	??
ZZ	2830	59847	  0	 11	 17	  0	371185	371185	371185	371164	371164	371164	371164	371182	371182	371182	371182	371209	371209	371209	371209	371291	371291	371291	371291	371204	??
ZZ	2831	59868	  0	 11	 17	  0	371204	371204	371255	371255	371255	371255	371177	371177	371177	371177	371122	371122	371122	371122	371152	371152	371152	371152	371031	371031	??
ZZ	2832	59889	  0	 11	 17	  0	371031	371230	371230	371230	371230	371145	371145	371145	371145	371155	371155	371155	371155	371153	371153	371153	371153	371268	371268	371268	??
ZZ	2833	59910	  0	 11	 17	  0	371192	371192	371192	371192	371237	371237	371237	371237	371080	371080	371080	371080	371163	371163	371163	371163	371097	371097	371097	371097	??
ZZ	2834	59931	  0	 11	 17	  0	371213	371213	371213	371136	371136	371136	371136	371159	371159	371159	371159	371219	371219	371219	371219	371116	371116	371116	371116	371325	??
ZZ	2835	59952	  0	 11	 17	  0	371325	371325	371233	371233	371233	371233	371173	371173	371173	371173	371261	371261	371261	371261	371126	371126	371126	371126	371147	371147	??
ZZ	2836	59974	  0	 11	 17	  0	371147	371185	371185	371185	371185	371283	371283	371283	371283	371206	371206	371206	371206	371209	371209	371209	371209	371208	371208	371208	??
ZZ	2837	59995	  0	 11	 17	  0	371012	371012	371012	371012	371285	371285	371285	371285	371137	371137	371137	371137	371193	371193	371193	371193	371306	371306	371306	371306	??
ZZ	2838	60016	  0	 11	 17	  0	371179	371179	371179	371253	371253	371253	371253	371253	371253	371253	371253	371191	371191	371191	371191	371213	371213	371213	371213	371156	??
ZZ	2839	60037	  0	 11	 17	  0	371156	371156	371201	371201	371201	371201	371280	371280	371280	371280	371169	371169	371169	371169	371167	371167	371167	371167	371080	371080	??
ZZ	2840	60058	  0	 11	 17	  0	371080	371158	371158	371158	371158	371246	371246	371246	371246	371126	371126	371126	371126	371207	371207	371207	371207	371152	371152	371152	??
ZZ	2841	60079	  0	 11	 17	  0	371228	371228	371228	371228	371238	371238	371238	371238	371095	371095	371095	371095	371177	371177	371177	371177	371069	371069	371069	371069	??
ZZ	2842	60101	  1	  6	 17	  0	371220	371220	371220	371125	371125	371125	371125	371201	371201	371201	371201	371142	371142	371142	371142	371042	371042	371042	371042	371216	??
ZZ	2843	60122	  1	  6	 17	  0	371216	371216	371142	371142	371142	371142	371204	371204	371204	371204	371234	371234	371234	371234	371167	371167	371167	371167	371276	371276	??
ZZ	2844	60143	  1	  6	 17	  0	371276	371137	371137	371137	371137	371169	371169	371169	371169	371201	371201	371201	371201	371195	371195	371195	371195	371185	371185	371185	??
ZZ	2845	60164	  1	  6	 17	  0	371204	371204	371204	371204	371105	371105	371105	371105	371178	371178	371178	371178	371110	371110	371110	371110	371157	371157	371157	371157	??
ZZ	2846	60185	  1	  6	 17	  0	371336	371336	371336	371118	371118	371118	371118	371182	371182	371182	371182	371080	371080	371080	371080	371115	371115	371115	371115	371178	??
ZZ	2847	60206	  1	  6	 17	  0	371178	371178	371265	371265	371265	371265	371238	371238	371238	371238	371254	371254	371254	371254	371084	371084	371084	371084	371160	371160	??
ZZ	2848	60227	  1	  6	 17	  0	371160	371035	371035	371035	371035	371118	371118	371118	371118	371126	371126	371126	371126	371246	371246	371246	371246	371180	371180	371180	??
ZZ	2849	60249	  1	  6	 17	  0	371231	371231	371231	371231	371295	371295	371295	371295	371211	371211	371211	371211	371182	371182	371182	371182	371061	371061	371061	371061	??
ZZ	2850	60270	  1	  6	 27	  0	371114	371114	371114	371196	371196	371196	371196	371054	371054	371054	371054	371176	371176	371176	371176	371197	371197	371197	371197	371219	??
ZZ	2851	60291	  1	  6	 27	  0	371219	371219	371222	371222	371222	371222	371114	371114	371114	371114	371173	371173	371173	371173	371185	371185	371185	371185	371065	371065	??
ZZ	2852	60312	  1	  6	 27	  0	371065	371131	371131	371131	371131	371148	371148	371148	371148	371182	371182	371182	371182	371187	371187	371187	371187	371189	371189	371189	??
ZZ	2853	60333	  1	  6	 27	  0	371197	371197	371197	371197	371144	371144	371144	371144	371159	371159	371159	371159	371160	371160	371160	371160	371242	371242	371242	371242	??
ZZ	2854	60354	  1	  6	 27	  0	371084	371084	371084	371149	371149	371149	371149	371141	371141	371141	371141	371137	371137	371137	371137	371185	371185	371185	371185	371265	??
ZZ	2855	60375	  1	  6	 27	  0	371265	371265	371212	371212	371212	371212	371186	371186	371186	371186	371261	371261	371261	371261	371213	371213	371213	371213	371065	371065	??
ZZ	2856	60397	  1	  6	 27	  0	371065	371147	371147	371147	371147	371189	371189	371189	371189	371235	371235	371235	371235	371169	371169	371169	371169	371110	371110	371110	??
ZZ	2857	60418	  1	  6	 27	  0	371182	371182	371182	371182	371183	371183	371183	371183	371103	371103	371103	371103	371167	371167	371167	371167	371110	371110	371110	371110	??
ZZ	2858	60439	  1	  6	 27	  0	371178	371178	371178	371125	371125	371125	371125	371148	371148	371148	371148	371201	371201	371201	371201	371180	371180	371180	371180	371073	??
ZZ	2859	60460	  1	  6	 27	  0	371073	371073	371260	371260	371260	371260	371173	371173	371173	371173	371170	371170	371170	371170	371268	371268	371268	371268	371159	371159	??
ZZ	2860	60481	  1	  6	 26	  0	371159	371293	371293	371293	371293	371126	371126	371126	371126	371181	371181	371181	371181	371129	371129	371129	371129	371162	371162	371162	??
ZZ	2861	60502	  1	  6	 26	  0	371316	371316	371316	371316	371145	371145	371145	371145	371184	371184	371184	371184	371193	371193	371193	371193	371137	371137	371137	371137	??
ZZ	2862	60523	  1	  6	 26	  0	371194	371194	371194	371080	371080	371080	371080	371170	371170	371170	371170	371156	371156	371156	371156	371031	371031	371031	371031	371118	??
ZZ	2863	60545	  1	  6	 26	  0	371118	371118	371054	371054	371054	371054	371231	371231	371231	371231	371101	371101	371101	371101	371249	371249	371249	371249	371298	371298	??
ZZ	2864	60566	  1	  6	 26	  0	371298	371200	371200	371200	371200	371163	371163	371163	371163	371073	371073	371073	371073	371122	371122	371122	371122	371144	371144	371144	??
ZZ	2865	60587	  1	  6	 26	  0	371231	371231	371231	371231	371208	371208	371208	371208	371095	371095	371095	371095	371136	371136	371136	371136	371155	371155	371155	371155	??
ZZ	2866	60608	  1	  6	 26	  0	371209	371209	371209	371154	371154	371154	371154	371167	371167	371167	371167	371169	371169	371169	371169	371163	371163	371163	371163	371185	??
ZZ	2867	60629	  1	  6	 26	  0	371185	371185	371189	371189	371189	371189	371118	371118	371118	371118	371137	371137	371137	371137	371141	371141	371141	371141	371137	371137	??
ZZ	2868	60650	  1	  6	 26	  0	371137	371182	371182	371182	371182	371189	371189	371189	371189	371190	371190	371190	371190	371204	371204	371204	371204	371159	371159	371159	??
ZZ	2869	60672	  1	  6	 26	  0	371220	371220	371220	371220	371107	371107	371107	371107	371147	371147	371147	371147	371287	371287	371287	371287	371099	371099	371099	371099	??
ZZ	2870	60693	  0	  7	 17	  0	371185	371185	371185	371088	371088	371088	371088	371117	371117	371117	371117	371133	371133	371133	371133	371095	371095	371095	371095	371257	??
ZZ	2871	60714	  0	  7	 17	  0	371257	371257	371152	371152	371152	371152	371172	371172	371172	371172	371182	371182	371182	371182	371073	371073	371073	371073	371148	371148	??
ZZ	2872	60735	  0	  7	 17	  0	371148	371185	371185	371185	371185	371170	371170	371170	371170	371187	371187	371187	371187	371249	371249	371249	371249	371148	371148	371148	??
ZZ	2873	60756	  0	  7	 17	  0	371155	371155	371155	371155	371190	371190	371190	371190	371172	371172	371172	371172	371201	371201	371201	371201	371194	371194	371194	371194	??
ZZ	2874	60777	  0	  7	 17	  0	371126	371126	371126	371336	371336	371336	371336	371261	371261	371261	371261	371196	371196	371196	371196	371185	371185	371185	371185	371160	??
ZZ	2875	60798	  0	  7	 17	  0	371160	371160	371172	371172	371172	371172	371265	371265	371265	371265	371191	371191	371191	371191	371227	371227	371227	371227	371046	371046	??
ZZ	2876	60819	  0	  7	 17	  0	371046	371187	371187	371187	371187	371163	371163	371163	371163	371251	371251	371251	371251	371159	371159	371159	371159	371276	371276	371276	??
ZZ	2877	60841	  0	  7	 17	  0	371182	371182	371182	371182	371209	371209	371209	371209	371253	371253	371253	371253	371220	371220	371220	371220	371198	371198	371198	371198	??
ZZ	2878	60862	  0	  7	 17	  0	371174	371174	371174	371203	371203	371203	371203	371155	371155	371155	371155	371263	371263	371263	371263	371202	371202	371202	371202	371216	??
ZZ	2879	60883	  0	  7	 17	  0	371216	371216	371177	371177	371177	371177	371247	371247	371247	371247	371106	371106	371106	371106	371191	371191	371191	371191	371311	371311	??
ZZ	2880	60904	  0	  7	 17	  0	371311	371102	371102	371102	371102	371190	371190	371190	371190	371118	371118	371118	371118	371136	371136	371136	371136	371193	371193	371193	??
ZZ	2881	60925	  0	  7	 17	  0	371039	371039	371039	371039	371161	371161	371161	371161	371114	371114	371114	371114	371024	371024	371024	371024	371130	371130	371130	371130	??
ZZ	2882	60946	  0	  7	 17	  0	371148	371148	371148	371244	371244	371244	371244	371165	371165	371165	371165	371151	371151	371151	371151	371088	371088	371088	371088	371065	??
ZZ	2883	60968	  1	  9	 19	  0	371065	371065	371167	371167	371167	371167	371083	371083	371083	371083	371166	371166	371166	371166	371208	371208	371208	371208	371141	371141	??
ZZ	2884	60989	  1	  9	 19	  0	371141	371226	371226	371226	371226	371205	371205	371205	371205	371190	371190	371190	371190	371228	371228	371228	371228	371187	371187	371187	??
ZZ	2885	61010	  1	  9	 19	  0	371197	371197	371197	371197	371287	371287	371287	371287	371144	371144	371144	371144	371261	371261	371261	371261	371170	371170	371170	371170	??
ZZ	2886	61031	  1	  9	 19	  0	371212	371212	371212	371265	371265	371265	371265	371179	371179	371179	371179	371228	371228	371228	371228	371189	371189	371189	371189	371226	??
ZZ	2887	61052	  1	  9	 19	  0	371226	371226	371106	371106	371106	371106	371266	371266	371266	371266	371179	371179	371179	371179	371137	371137	371137	371137	371234	371234	??
ZZ	2888	61073	  1	  9	 19	  0	371234	371168	371168	371168	371168	371080	371080	371080	371080	371227	371227	371227	371227	371127	371127	371127	371127	371234	371234	371234	??
ZZ	2889	61094	  1	  9	 19	  0	371170	371170	371170	371170	371201	371201	371201	371201	371121	371121	371121	371121	371165	371165	371165	371165	371276	371276	371276	371276	??
ZZ	2890	61116	  1	  9	 30	  0	371155	371155	371155	371232	371232	371232	371232	371238	371238	371238	371238	371195	371195	371195	371195	371211	371211	371211	371211	371125	??
ZZ	2891	61137	  1	  9	 30	  0	371125	371125	371167	371167	371167	371167	371129	371129	371129	371129	371223	371223	371223	371223	371168	371168	371168	371168	371103	371103	??
ZZ	2892	61158	  1	  9	 30	  0	371103	371140	371140	371140	371140	371134	371134	371134	371134	371228	371228	371228	371228	371240	371240	371240	371240	371205	371205	371205	??
ZZ	2893	61179	  1	  9	 30	  0	371181	371181	371181	371181	371128	371128	371128	371128	371148	371148	371148	371148	371216	371216	371216	371216	371126	371126	371126	371126	??
ZZ	2894	61200	  1	  9	 30	  0	371216	371216	371216	371152	371152	371152	371152	371159	371159	371159	371159	371179	371179	371179	371179	371080	371080	371080	371080	371300	??
ZZ	2895	61221	  1	  9	 30	  0	371300	371300	371241	371241	371241	371241	371275	371275	371275	371275	371283	371283	371283	371283	371246	371246	371246	371246	371265	371265	??
ZZ	2896	61243	  1	  9	 30	  0	371265	371212	371212	371212	371212	370994	370994	370994	370994	371135	371135	371135	371135	371099	371099	371099	371099	371138	371138	371138	??
ZZ	2897	61264	  1	  9	 30	  0	371233	371233	371233	371233	371194	371194	371194	371194	371212	371212	371212	371212	371118	371118	371118	371118	371231	371231	371231	371231	??
ZZ	2898	61285	  1	  9	 30	  0	371164	371164	371164	371216	371216	371216	371216	371103	371103	371103	371103	371184	371184	371184	371184	371234	371234	371234	371234	371177	??
ZZ	2899	61306	  1	  9	 30	  0	371177	371177	371174	371174	371174	371174	371220	371220	371220	371220	371162	371162	371162	371162	371209	371209	371209	371209	371193	371193	??
ZZ	2900	61327	  1	  8	 31	  0	371193	371102	371102	371102	371102	371170	371170	371170	371170	371145	371145	371145	371145	371121	371121	371121	371121	371219	371219	371219	??
ZZ	2901	61348	  1	  8	 31	  0	371141	371141	371141	371141	371280	371280	371280	371280	371201	371201	371201	371201	371168	371168	371168	371168	371234	371234	371234	371234	??
ZZ	2902	61370	  1	  8	 31	  0	371190	371190	371190	371167	371167	371167	371167	371249	371249	371249	371249	371185	371185	371185	371185	371208	371208	371208	371208	371185	??
ZZ	2903	61391	  1	  8	 31	  0	371185	371185	371246	371246	371246	371246	371088	371088	371088	371088	371242	371242	371242	371242	371176	371176	371176	371176	371069	371069	??
ZZ	2904	61412	  1	  8	 31	  0	371069	371200	371200	371200	371200	371135	371135	371135	371135	371148	371148	371148	371148	371105	371105	371105	371105	371265	371265	371265	??
ZZ	2905	61433	  1	  8	 31	  0	371182	371182	371182	371182	371195	371195	371195	371195	371319	371319	371319	371319	371197	371197	371197	371197	371238	371238	371238	371238	??
ZZ	2906	61454	  1	  8	 31	  0	371118	371118	371118	371136	371136	371136	371136	371128	371128	371128	371128	371088	371088	371088	371088	371185	371185	371185	371185	371129	??
ZZ	2907	61475	  1	  8	 31	  0	371129	371129	371110	371110	371110	371110	371145	371145	371145	371145	371151	371151	371151	371151	371201	371201	371201	371201	371158	371158	??
ZZ	2908	61496	  1	  8	 31	  0	371158	371197	371197	371197	371197	371121	371121	371121	371121	371108	371108	371108	371108	371046	371046	371046	371046	371059	371059	371059	??
ZZ	2909	61518	  1	  8	 31	  0	371129	371129	371129	371129	371204	371204	371204	371204	371206	371206	371206	371206	371288	371288	371288	371288	371148	371148	371148	371148	??
ZZ	2910	61539	  1	  6	 26	  0	371206	371206	371206	371197	371197	371197	371197	371155	371155	371155	371155	371191	371191	371191	371191	371114	371114	371114	371114	371156	??
ZZ	2911	61560	  1	  6	 26	  0	371156	371156	371339	371339	371339	371339	371189	371189	371189	371189	371236	371236	371236	371236	371016	371016	371016	371016	371280	371280	??
ZZ	2912	61581	  1	  6	 26	  0	371280	371174	371174	371174	371174	371178	371178	371178	371178	371118	371118	371118	371118	371123	371123	371123	371123	371110	371110	371110	??
ZZ	2913	61602	  1	  6	 26	  0	371162	371162	371162	371162	371285	371285	371285	371285	371106	371106	371106	371106	371211	371211	371211	371211	371311	371311	371311	371311	??
ZZ	2914	61623	  1	  6	 26	  0	371170	371170	371170	371231	371231	371231	371231	371242	371242	371242	371242	371164	371164	371164	371164	371138	371138	371138	371138	371317	??
ZZ	2915	61645	  1	  6	 26	  0	371317	371317	371171	371171	371171	371171	371201	371201	371201	371201	371039	371039	371039	371039	371139	371139	371139	371139	371159	371159	??
ZZ	2916	61666	  1	  6	 26	  0	371159	371114	371114	371114	371114	371182	371182	371182	371182	371201	371201	371201	371201	371240	371240	371240	371240	371129	371129	371129	??
ZZ	2917	61687	  1	  6	 26	  0	371039	371039	371039	371039	371105	371105	371105	371105	371141	371141	371141	371141	371257	371257	371257	371257	371196	371196	371196	371196	??
ZZ	2918	61708	  1	  6	 26	  0	371204	371204	371204	371103	371103	371103	371103	371144	371144	371144	371144	371110	371110	371110	371110	371145	371145	371145	371145	371024	??
ZZ	2919	61729	  1	  6	 26	  0	371024	371024	371130	371130	371130	371130	371095	371095	371095	371095	371092	371092	371092	371092	371125	371125	371125	371125	371103	371103	??
ZZ	2920	61750	  0	  5	 21	  0	371103	371231	371231	371231	371231	371189	371189	371189	371189	371213	371213	371213	371213	371121	371121	371121	371121	371122	371122	371122	??
ZZ	2921	61771	  0	  5	 21	  0	371174	371174	371174	371174	371204	371204	371204	371204	371201	371201	371201	371201	371182	371182	371182	371182	371231	371231	371231	371231	??
ZZ	2922	61792	  0	  5	 21	  0	371211	371211	371211	371144	371144	371144	371144	371114	371114	371114	371114	371169	371169	371169	371169	371156	371156	371156	371156	371193	??
ZZ	2923	61814	  0	  5	 21	  0	371193	371193	371129	371129	371129	371129	371238	371238	371238	371238	371190	371190	371190	371190	371178	371178	371178	371178	371174	371174	??
ZZ	2924	61835	  0	  5	 21	  0	371174	371133	371133	371133	371133	371336	371336	371336	371336	371175	371175	371175	371175	371193	371193	371193	371193	371167	371167	371167	??
ZZ	2925	61856	  0	  5	 21	  0	371137	371137	371137	371137	371167	371167	371167	371167	371219	371219	371219	371219	371207	371207	371207	371207	371197	371197	371197	371197	??
ZZ	2926	61877	  0	  5	 21	  0	371204	371204	371204	371219	371219	371219	371219	371362	371362	371362	371362	371031	371031	371031	371031	371197	371197	371197	371197	371088	??
ZZ	2927	61898	  0	  5	 21	  0	371088	371088	371187	371187	371187	371187	371088	371088	371088	371088	371268	371268	371268	371268	371183	371183	371183	371183	371152	371152	??
ZZ	2928	61919	  0	  5	 21	  0	371152	371194	371194	371194	371194	371205	371205	371205	371205	371054	371054	371054	371054	371209	371209	371209	371209	370982	370982	370982	??
ZZ	2929	61940	  0	  5	 21	  0	371204	371204	371204	371204	371122	371122	371122	371122	371261	371261	371261	371261	371171	371171	371171	371171	371155	371155	371155	371155	??
ZZ	2930	61962	  0	  5	 21	  0	371219	371219	371219	371194	371194	371194	371194	371121	371121	371121	371121	371227	371227	371227	371227	371151	371151	371151	371151	371258	??
ZZ	2931	61983	  0	  5	 21	  0	371258	371258	371230	371230	371230	371230	371243	371243	371243	371243	371170	371170	371170	371170	371155	371155	371155	371155	371199	371199	??
ZZ	2932	62004	  0	  7	 27	  0	371199	371144	371144	371144	371144	371231	371231	371231	371231	371173	371173	371173	371173	371189	371189	371189	371189	371162	371162	371162	??
ZZ	2933	62025	  0	  7	 27	  0	371189	371189	371189	371189	371163	371163	371163	371163	371151	371151	371151	371151	371198	371198	371198	371198	371242	371242	371242	371242	??
ZZ	2934	62046	  0	  7	 27	  0	371182	371182	371182	371137	371137	371137	371137	371144	371144	371144	371144	371145	371145	371145	371145	371174	371174	371174	371174	371149	??
ZZ	2935	62067	  0	  7	 27	  0	371149	371149	371137	371137	371137	371137	371140	371140	371140	371140	371104	371104	371104	371104	371167	371167	371167	371167	371042	371042	??
ZZ	2936	62088	  0	  7	 27	  0	371042	371166	371166	371166	371166	371223	371223	371223	371223	371185	371185	371185	371185	371204	371204	371204	371204	371141	371141	371141	??
ZZ	2937	62110	  0	  7	 27	  0	371167	371167	371167	371167	371212	371212	371212	371212	371140	371140	371140	371140	371173	371173	371173	371173	371050	371050	371050	371050	??
ZZ	2938	62131	  0	  7	 27	  0	371160	371160	371160	371122	371122	371122	371122	371122	371122	371122	371122	371163	371163	371163	371163	371167	371167	371167	371167	371167	??
ZZ	2939	62152	  0	  7	 27	  0	371167	371167	371188	371188	371188	371188	371140	371140	371140	371140	371220	371220	371220	371220	371124	371124	371124	371124	371182	371182	??
ZZ	2940	62173	  0	  5	 10	  0	371182	371134	371134	371134	371134	371116	371116	371116	371116	371247	371247	371247	371247	371203	371203	371203	371203	371239	371239	371239	??
ZZ	2941	62194	  0	  5	 10	  0	371201	371201	371201	371201	371197	371197	371197	371197	371242	371242	371242	371242	371141	371141	371141	371141	371212	371212	371212	371212	??
ZZ	2942	62215	  0	  5	 10	  0	371208	371208	371208	371238	371238	371238	371238	371259	371259	371259	371259	371031	371031	371031	371031	371114	371114	371114	371114	371228	??
ZZ	2943	62237	  0	  5	 10	  0	371228	371228	371140	371140	371140	371140	371219	371219	371219	371219	371121	371121	371121	371121	371291	371291	371291	371291	371192	371192	??
ZZ	2944	62258	  0	  5	 10	  0	371192	371170	371170	371170	371170	371179	371179	371179	371179	371149	371149	371149	371149	371163	371163	371163	371163	371063	371063	371063	??
ZZ	2945	62279	  0	  5	 10	  0	371155	371155	371155	371155	371197	371197	371197	371197	371203	371203	371203	371203	371283	371283	371283	371283	371238	371238	371238	371238	??
ZZ	2946	62300	  0	  5	 10	  0	371273	371273	371273	371162	371162	371162	371162	371194	371194	371194	371194	371187	371187	371187	371187	371231	371231	371231	371231	371172	??
ZZ	2947	62321	  0	  5	 10	  0	371172	371172	371159	371159	371159	371159	371227	371227	371227	371227	371185	371185	371185	371185	371228	371228	371228	371228	371189	371189	??
ZZ	2948	62342	  0	  5	 10	  0	371189	371212	371212	371212	371212	371171	371171	371171	371171	371212	371212	371212	371212	371165	371165	371165	371165	371257	371257	371257	??
ZZ	2949	62363	  0	  5	 10	  0	371228	371228	371228	371228	371106	371106	371106	371106	371193	371193	371193	371193	371155	371155	371155	371155	371174	371174	371174	371174	??
ZZ	2950	62384	  1	  8	 26	  0	371133	371133	371133	371148	371148	371148	371148	371152	371152	371152	371152	370937	370937	370937	370937	371104	371104	371104	371104	371163	??
ZZ	2951	62406	  1	  8	 26	  0	371163	371163	371156	371156	371156	371156	371174	371174	371174	371174	370959	370959	370959	370959	371085	371085	371085	371085	371159	371159	??
ZZ	2952	62427	  1	  8	 26	  0	371159	371042	371042	371042	371042	371129	371129	371129	371129	371288	371288	371288	371288	371246	371246	371246	371246	371210	371210	371210	??
ZZ	2953	62448	  1	  8	 26	  0	371132	371132	371132	371132	371168	371168	371168	371168	371219	371219	371219	371219	371190	371190	371190	371190	371195	371195	371195	371195	??
ZZ	2954	62469	  1	  8	 26	  0	371295	371295	371295	371156	371156	371156	371156	371152	371152	371152	371152	371208	371208	371208	371208	371135	371135	371135	371135	371167	??
ZZ	2955	62490	  1	  8	 26	  0	371167	371167	371189	371189	371189	371189	371148	371148	371148	371148	371235	371235	371235	371235	371103	371103	371103	371103	371186	371186	??
ZZ	2956	62511	  1	  8	 26	  0	371186	371144	371144	371144	371144	370967	370967	370967	370967	371114	371114	371114	371114	371148	371148	371148	371148	371146	371146	371146	??
ZZ	2957	62533	  1	  8	 26	  0	371144	371144	371144	371144	371155	371155	371155	371155	371154	371154	371154	371154	371125	371125	371125	371125	371178	371178	371178	371178	??
ZZ	2958	62554	  1	  8	 26	  0	371142	371142	371142	371118	371118	371118	371118	371230	371230	371230	371230	371150	371150	371150	371150	371178	371178	371178	371178	371164	??
ZZ	2959	62575	  1	  8	 26	  0	371164	371164	371095	371095	371095	371095	371121	371121	371121	371121	371148	371148	371148	371148	371103	371103	371103	371103	371261	371261	??
ZZ	2960	62596	  3	 12	 26	  0	371261	371183	371183	371183	371183	371088	371088	371088	371088	371272	371272	371272	371272	371181	371181	371181	371181	371080	371080	371080	??
ZZ	2961	62617	  3	 12	 26	  0	371142	371142	371142	371142	371182	371182	371182	371182	371046	371046	371046	371046	371158	371158	371158	371158	371182	371182	371182	371182	??
ZZ	2962	62638	  3	 12	 26	  0	371046	371046	371046	371174	371174	371174	371174	371095	371095	371095	371095	371174	371174	371174	371174	371196	371196	371196	371196	371212	??
ZZ	2963	62659	  3	 12	 26	  0	371212	371212	371221	371221	371221	371221	371189	371189	371189	371189	371073	371073	371073	371073	371111	371111	371111	371111	371141	371141	??
ZZ	2964	62680	  3	 12	 26	  0	371141	371145	371145	371145	371145	371119	371119	371119	371119	371272	371272	371272	371272	371140	371140	371140	371140	371173	371173	371173	??
ZZ	2965	62702	  3	 12	 26	  0	371013	371013	371013	371013	371148	371148	371148	371148	371178	371178	371178	371178	371167	371167	371167	371167	371152	371152	371152	371152	??
ZZ	2966	62723	  3	 12	 26	  0	371208	371208	371208	371191	371191	371191	371191	371195	371195	371195	371195	371140	371140	371140	371140	371155	371155	371155	371155	371184	??
ZZ	2967	62744	  3	 12	 26	  0	371184	371184	371181	371181	371181	371181	371139	371139	371139	371139	371189	371189	371189	371189	371076	371076	371076	371076	371169	371169	??
ZZ	2968	62765	  3	 12	 26	  0	371169	371148	371148	371148	371148	371129	371129	371129	371129	371101	371101	371101	371101	371170	371170	371170	371170	371186	371186	371186	??
ZZ	2969	62786	  3	 12	 26	  0	371261	371261	371261	371261	371216	371216	371216	371216	371183	371183	371183	371183	371223	371223	371223	371223	371178	371178	371178	371178	??
ZZ	2970	62807	  3	 16	 16	  0	371146	371146	371146	371211	371211	371211	371211	371110	371110	371110	371110	371104	371104	371104	371104	371257	371257	371257	371257	371099	??
ZZ	2971	62829	  3	 16	 16	  0	371099	371099	371172	371172	371172	371172	371050	371050	371050	371050	371109	371109	371109	371109	371257	371257	371257	371257	371201	371201	??
ZZ	2972	62850	  3	 16	 16	  0	371201	371169	371169	371169	371169	371254	371254	371254	371254	371298	371298	371298	371298	371246	371246	371246	371246	371251	371251	371251	??
ZZ	2973	62871	  3	 16	 16	  0	371215	371215	371215	371215	371239	371239	371239	371239	371223	371223	371223	371223	371228	371228	371228	371228	371009	371009	371009	371009	??
ZZ	2974	62892	  3	 16	 16	  0	371159	371159	371159	371107	371107	371107	371107	371201	371201	371201	371201	371216	371216	371216	371216	371213	371213	371213	371213	371296	??
ZZ	2975	62913	  3	 16	 16	  0	371296	371296	371195	371195	371195	371195	371170	371170	371170	371170	371155	371155	371155	371155	371139	371139	371139	371139	371103	371103	??
ZZ	2976	62934	  3	 16	 16	  0	371103	371230	371230	371230	371230	371172	371172	371172	371172	371137	371137	371137	371137	371163	371163	371163	371163	371156	371156	371156	??
ZZ	2977	62955	  3	 16	 16	  0	371182	371182	371182	371182	371176	371176	371176	371176	371242	371242	371242	371242	371107	371107	371107	371107	371226	371226	371226	371226	??
ZZ	2978	62976	  3	 16	 16	  0	371137	371137	371137	371224	371224	371224	371224	371199	371199	371199	371199	371140	371140	371140	371140	371223	371223	371223	371223	371180	??
ZZ	2979	62998	  3	 16	 16	  0	371180	371180	371190	371190	371190	371190	371147	371147	371147	371147	371204	371204	371204	371204	371257	371257	371257	371257	371223	371223	??
ZZ	2980	63019	  1	 16	  8	  0	371223	371286	371286	371286	371286	371126	371126	371126	371126	371210	371210	371210	371210	371107	371107	371107	371107	371152	371152	371152	??
ZZ	2981	63040	  1	 16	  8	  0	371189	371189	371189	371189	371107	371107	371107	371107	371223	371223	371223	371223	371298	371298	371298	371298	371039	371039	371039	371039	??
ZZ	2982	63061	  1	 16	  8	  0	371210	371210	371210	371193	371193	371193	371193	371152	371152	371152	371152	371186	371186	371186	371186	371061	371061	371061	371061	371143	??
ZZ	2983	63082	  1	 16	  8	  0	371143	371143	371114	371114	371114	371114	371039	371039	371039	371039	371108	371108	371108	371108	371171	371171	371171	371171	371298	371298	??
ZZ	2984	63103	  1	 16	  8	  0	371298	371238	371238	371238	371238	371251	371251	371251	371251	371193	371193	371193	371193	371259	371259	371259	371259	371212	371212	371212	??
ZZ	2985	63125	  1	 16	  8	  0	371154	371154	371154	371154	371194	371194	371194	371194	371106	371106	371106	371106	371123	371123	371123	371123	371141	371141	371141	371141	??
ZZ	2986	63146	  1	 16	  8	  0	371189	371189	371189	371136	371136	371136	371136	371305	371305	371305	371305	371174	371174	371174	371174	371188	371188	371188	371188	371204	??
ZZ	2987	63167	  1	 16	  8	  0	371204	371204	371196	371196	371196	371196	371054	371054	371054	371054	371039	371039	371039	371039	371068	371068	371068	371068	371201	371201	??
ZZ	2988	63188	  1	 16	  8	  0	371201	371148	371148	371148	371148	371178	371178	371178	371178	371165	371165	371165	371165	371216	371216	371216	371216	371174	371174	371174	??
ZZ	2989	63209	  1	 16	  8	  0	371201	371201	371201	371201	371123	371123	371123	371123	371227	371227	371227	371227	371213	371213	371213	371213	371167	371167	371167	371167	??
ZZ	2990	63230	  1	 16	  8	  0	371114	371114	371114	371080	371080	371080	371080	371134	371134	371134	371134	371257	371257	371257	371257	371118	371118	371118	371118	371167	??
ZZ	2991	63251	  1	 16	  8	  0	371167	371167	371262	371262	371262	371262	371178	371178	371178	371178	371234	371234	371234	371234	371257	371257	371257	371257	371252	371252	??
ZZ	2992	63273	  1	 16	  8	  0	371252	371149	371149	371149	371149	371133	371133	371133	371133	371137	371137	371137	371137	371144	371144	371144	371144	371151	371151	371151	??
ZZ	2993	63294	  3	 13	  8	  0	371297	371297	371297	371297	371147	371147	371147	371147	371209	371209	371209	371209	371118	371118	371118	371118	371201	371201	371201	371201	??
ZZ	2994	63315	  3	 13	  8	  0	371166	371166	371166	371231	371231	371231	371231	371189	371189	371189	371189	371211	371211	371211	371211	371167	371167	371167	371167	371168	??
ZZ	2995	63336	  3	 13	  8	  0	371168	371168	371210	371210	371210	371210	371174	371174	371174	371174	371209	371209	371209	371209	371185	371185	371185	371185	371095	371095	??
ZZ	2996	63357	  3	 13	  8	  0	371095	371161	371161	371161	371161	371209	371209	371209	371209	371095	371095	371095	371095	371182	371182	371182	371182	371031	371031	371031	??
ZZ	2997	63378	  3	 13	  8	  0	371125	371125	371125	371125	371302	371302	371302	371302	371227	371227	371227	371227	371193	371193	371193	371193	371095	371095	371095	371095	??
ZZ	2998	63399	  3	 13	  8	  0	371144	371144	371144	371143	371143	371143	371143	371288	371288	371288	371288	371174	371174	371174	371174	371174	371174	371174	371174	371061	??
ZZ	2999	63421	  3	 13	  8	  0	371061	371061	371149	371149	371149	371149	371031	371031	371031	371031	371234	371234	371234	371234	371090	371090	371090	371090	371213	371213	??
ZZ	3000	63442	  3	 14	 16	  0	371213	371145	371145	371145	371145	371191	371191	371191	371191	371225	371225	371225	371225	371076	371076	371076	371076	371169	371169	371169	??
ZZ	3001	63463	  3	 14	 16	  0	371287	371287	371287	371287	371111	371111	371111	371111	371277	371277	371277	371277	371216	371216	371216	371216	371173	371173	371173	371173	??
ZZ	3002	63484	  3	 14	 16	  0	371243	371243	371243	371061	371061	371061	371061	371133	371133	371133	371133	371073	371073	371073	371073	371231	371231	371231	371231	371152	??
ZZ	3003	63505	  3	 14	 16	  0	371152	371152	371122	371122	371122	371122	371181	371181	371181	371181	371118	371118	371118	371118	371306	371306	371306	371306	371213	371213	??
ZZ	3004	63526	  3	 14	 16	  0	371213	371204	371204	371204	371204	371208	371208	371208	371208	371165	371165	371165	371165	371185	371185	371185	371185	371227	371227	371227	??
ZZ	3005	63547	  3	 14	 16	  0	371167	371167	371167	371167	371133	371133	371133	371133	371147	371147	371147	371147	371144	371144	371144	371144	371122	371122	371122	371122	??
ZZ	3006	63569	  3	 14	 16	  0	371120	371120	371120	371118	371118	371118	371118	371246	371246	371246	371246	371168	371168	371168	371168	371253	371253	371253	371253	371201	??
ZZ	3007	63590	  3	 14	 16	  0	371201	371201	371174	371174	371174	371174	371080	371080	371080	371080	371137	371137	371137	371137	371129	371129	371129	371129	371159	371159	??
ZZ	3008	63611	  3	 14	 16	  0	371159	371176	371176	371176	371176	371171	371171	371171	371171	371155	371155	371155	371155	371212	371212	371212	371212	371201	371201	371201	??
ZZ	3009	63632	  3	 14	 16	  0	371187	371187	371187	371187	371114	371114	371114	371114	371155	371155	371155	371155	371191	371191	371191	371191	371167	371167	371167	371167	??
ZZ	3010	63653	  1	 13	 27	  0	371137	371137	371137	371155	371155	371155	371155	371246	371246	371246	371246	371103	371103	371103	371103	371170	371170	371170	371170	371110	??
ZZ	3011	63674	  1	 13	 27	  0	371110	371110	371179	371179	371179	371179	371185	371185	371185	371185	371272	371272	371272	371272	371187	371187	371187	371187	371009	371009	??
ZZ	3012	63695	  1	 13	 27	  0	371009	371156	371156	371156	371156	371178	371178	371178	371178	371084	371084	371084	371084	371073	371073	371073	371073	371145	371145	371145	??
ZZ	3013	63716	  1	 13	 27	  0	371039	371039	371039	371039	371144	371144	371144	371144	371258	371258	371258	371258	370986	370986	370986	370986	371160	371160	371160	371160	??
ZZ	3014	63738	  1	 13	 27	  0	371163	371163	371163	371189	371189	371189	371189	371170	371170	371170	371170	371178	371178	371178	371178	371219	371219	371219	371219	371161	??
ZZ	3015	63759	  1	 13	 27	  0	371161	371161	371130	371130	371130	371130	371205	371205	371205	371205	371228	371228	371228	371228	371155	371155	371155	371155	371256	371256	??
ZZ	3016	63780	  1	 13	 27	  0	371256	371271	371271	371271	371271	371249	371249	371249	371249	371226	371226	371226	371226	371167	371167	371167	371167	371121	371121	371121	??
ZZ	3017	63801	  1	 13	 27	  0	371161	371161	371161	371161	371088	371088	371088	371088	371114	371114	371114	371114	371099	371099	371099	371099	371280	371280	371280	371280	??
ZZ	3018	63822	  1	 13	 27	  0	371226	371226	371226	371241	371241	371241	371241	371141	371141	371141	371141	371159	371159	371159	371159	371189	371189	371189	371189	371296	??
ZZ	3019	63843	  1	 13	 27	  0	371296	371296	371147	371147	371147	371147	371263	371263	371263	371263	371136	371136	371136	371136	371091	371091	371091	371091	371193	371193	??
ZZ	3020	63865	  1	 16	 38	  0	371193	371158	371158	371158	371158	371106	371106	371106	371106	371208	371208	371208	371208	371156	371156	371156	371156	371362	371362	371362	??
ZZ	3021	63886	  1	 16	 38	  0	371240	371240	371240	371240	371167	371167	371167	371167	371148	371148	371148	371148	371114	371114	371114	371114	371295	371295	371295	371295	??
ZZ	3022	63907	  1	 16	 38	  0	371205	371205	371205	371170	371170	371170	371170	371220	371220	371220	371220	371287	371287	371287	371287	371222	371222	371222	371222	371148	??
ZZ	3023	63928	  1	 16	 38	  0	371148	371148	371172	371172	371172	371172	371121	371121	371121	371121	371208	371208	371208	371208	371148	371148	371148	371148	371125	371125	??
ZZ	3024	63949	  1	 16	 38	  0	371125	371168	371168	371168	371168	371127	371127	371127	371127	371206	371206	371206	371206	371219	371219	371219	371219	371150	371150	371150	??
ZZ	3025	63970	  1	 16	 38	  0	371201	371201	371201	371201	371114	371114	371114	371114	371302	371302	371302	371302	371219	371219	371219	371219	371207	371207	371207	371207	??
ZZ	3026	63991	  1	 16	 38	  0	371216	371216	371216	371106	371106	371106	371106	371206	371206	371206	371206	371272	371272	371272	371272	371141	371141	371141	371141	371191	??
ZZ	3027	64013	  1	 16	 38	  0	371191	371191	371191	371191	371191	371191	371185	371185	371185	371185	371216	371216	371216	371216	371155	371155	371155	371155	371180	371180	??
ZZ	3028	64034	  1	 16	 38	  0	371180	371291	371291	371291	371291	371174	371174	371174	371174	371180	371180	371180	371180	371167	371167	371167	371167	371058	371058	371058	??
ZZ	3029	64055	  1	 16	 38	  0	371111	371111	371111	371111	371088	371088	371088	371088	371134	371134	371134	371134	371185	371185	371185	371185	371137	371137	371137	371137	??
ZZ	3030	64076	  1	 12	 27	  0	371198	371198	371198	371200	371200	371200	371200	371235	371235	371235	371235	371240	371240	371240	371240	371170	371170	371170	371170	371219	??
ZZ	3031	64097	  1	 12	 27	  0	371219	371219	371197	371197	371197	371197	371197	371197	371197	371197	371210	371210	371210	371210	371163	371163	371163	371163	371306	371306	??
ZZ	3032	64118	  1	 12	 27	  0	371306	371189	371189	371189	371189	371194	371194	371194	371194	371080	371080	371080	371080	371179	371179	371179	371179	371269	371269	371269	??
ZZ	3033	64140	  1	 12	 27	  0	371185	371185	371185	371185	371155	371155	371155	371155	371080	371080	371080	371080	371137	371137	371137	371137	371298	371298	371298	371298	??
ZZ	3034	64161	  1	 12	 27	  0	371163	371163	371163	371201	371201	371201	371201	371243	371243	371243	371243	371204	371204	371204	371204	371231	371231	371231	371231	371205	??
ZZ	3035	64182	  1	 12	 27	  0	371205	371205	371224	371224	371224	371224	371155	371155	371155	371155	371216	371216	371216	371216	371191	371191	371191	371191	371178	371178	??
ZZ	3036	64203	  1	 12	 27	  0	371178	371155	371155	371155	371155	371171	371171	371171	371171	371145	371145	371145	371145	371234	371234	371234	371234	371189	371189	371189	??
ZZ	3037	64224	  1	 12	 27	  0	371144	371144	371144	371144	371152	371152	371152	371152	371201	371201	371201	371201	371137	371137	371137	371137	371141	371141	371141	371141	??
ZZ	3038	64245	  1	 12	 27	  0	371095	371095	371095	371114	371114	371114	371114	371116	371116	371116	371116	371208	371208	371208	371208	371129	371129	371129	371129	371169	??
ZZ	3039	64266	  1	 12	 27	  0	371169	371169	371159	371159	371159	371159	371187	371187	371187	371187	371069	371069	371069	371069	371167	371167	371167	371167	371132	371132	??
ZZ	3040	64287	  1	 12	 27	  0	371132	371287	371287	371287	371287	371219	371219	371219	371219	371212	371212	371212	371212	371167	371167	371167	371167	371182	371182	371182	??
ZZ	3041	64309	  1	 12	 27	  0	371165	371165	371165	371165	371118	371118	371118	371118	371113	371113	371113	371113	371125	371125	371125	371125	371249	371249	371249	371249	??
ZZ	3042	64330	  1	 13	 25	  0	371106	371106	371106	371141	371141	371141	371141	371110	371110	371110	371110	371181	371181	371181	371181	371203	371203	371203	371203	371061	??
ZZ	3043	64351	  1	 13	 25	  0	371061	371061	371143	371143	371143	371143	371216	371216	371216	371216	371205	371205	371205	371205	371088	371088	371088	371088	371295	371295	??
ZZ	3044	64372	  1	 13	 25	  0	371295	371196	371196	371196	371196	371107	371107	371107	371107	371201	371201	371201	371201	371085	371085	371085	371085	371182	371182	371182	??
ZZ	3045	64393	  1	 13	 25	  0	371125	371125	371125	371125	371068	371068	371068	371068	371201	371201	371201	371201	371114	371114	371114	371114	371197	371197	371197	371197	??
ZZ	3046	64414	  1	 13	 25	  0	371171	371171	371171	371185	371185	371185	371185	371283	371283	371283	371283	371227	371227	371227	371227	371219	371219	371219	371219	371141	??
ZZ	3047	64436	  1	 13	 25	  0	371141	371141	371122	371122	371122	371122	371238	371238	371238	371238	371234	371234	371234	371234	371186	371186	371186	371186	371091	371091	??
ZZ	3048	64457	  1	 13	 25	  0	371091	371174	371174	371174	371174	371164	371164	371164	371164	371145	371145	371145	371145	371170	371170	371170	371170	371173	371173	371173	??
ZZ	3049	64478	  1	 13	 25	  0	371054	371054	371054	371054	371085	371085	371085	371085	371201	371201	371201	371201	371148	371148	371148	371148	371135	371135	371135	371135	??
ZZ	3050	64499	  2	 10	 40	  0	371080	371080	371080	371226	371226	371226	371226	371118	371118	371118	371118	371088	371088	371088	371088	371242	371242	371242	371242	371122	??
ZZ	3051	64520	  2	 10	 40	  0	371122	371122	371111	371111	371111	371111	371099	371099	371099	371099	371163	371163	371163	371163	371080	371080	371080	371080	371144	371144	??
ZZ	3052	64541	  2	 10	 40	  0	371144	371231	371231	371231	371231	371140	371140	371140	371140	371167	371167	371167	371167	371099	371099	371099	371099	371152	371152	371152	??
ZZ	3053	64562	  2	 10	 40	  0	371154	371154	371154	371154	371125	371125	371125	371125	371178	371178	371178	371178	371208	371208	371208	371208	371152	371152	371152	371152	??
ZZ	3054	64583	  2	 10	 40	  0	371184	371184	371184	371216	371216	371216	371216	371204	371204	371204	371204	371205	371205	371205	371205	371325	371325	371325	371325	371276	??
ZZ	3055	64605	  2	 10	 40	  0	371276	371276	371222	371222	371222	371222	371121	371121	371121	371121	371117	371117	371117	371117	371170	371170	371170	371170	371277	371277	??
ZZ	3056	64626	  2	 10	 40	  0	371277	371227	371227	371227	371227	371208	371208	371208	371208	371129	371129	371129	371129	371173	371173	371173	371173	371223	371223	371223	??
ZZ	3057	64647	  2	 10	 40	  0	371206	371206	371206	371206	371211	371211	371211	371211	371207	371207	371207	371207	371146	371146	371146	371146	371076	371076	371076	371076	??
ZZ	3058	64668	  2	 10	 40	  0	371140	371140	371140	371167	371167	371167	371167	371069	371069	371069	371069	371174	371174	371174	371174	371181	371181	371181	371181	371084	??
ZZ	3059	64689	  2	 10	 40	  0	371084	371084	371198	371198	371198	371198	371159	371159	371159	371159	371031	371031	371031	371031	371123	371123	371123	371123	371208	371208	??
ZZ	3060	64710	  1	  9	 28	  0	371208	371240	371240	371240	371240	371132	371132	371132	371132	371282	371282	371282	371282	371031	371031	371031	371031	371143	371143	371143	??
ZZ	3061	64732	  1	  9	 28	  0	371216	371216	371216	371216	371160	371160	371160	371160	371272	371272	371272	371272	371163	371163	371163	371163	371180	371180	371180	371180	??
ZZ	3062	64753	  1	  9	 28	  0	371182	371182	371182	371185	371185	371185	371185	371200	371200	371200	371200	371103	371103	371103	371103	371148	371148	371148	371148	371127	??
ZZ	3063	64774	  1	  9	 28	  0	371127	371127	371178	371178	371178	371178	371175	371175	371175	371175	371204	371204	371204	371204	371084	371084	371084	371084	371175	371175	??
ZZ	3064	64795	  1	  9	 28	  0	371175	370866	370866	370866	370866	371197	371197	371197	371197	371059	371059	371059	371059	371099	371099	371099	371099	371167	371167	371167	??
ZZ	3065	64816	  1	  9	 28	  0	371158	371158	371158	371158	371246	371246	371246	371246	371231	371231	371231	371231	371216	371216	371216	371216	371167	371167	371167	371167	??
ZZ	3066	64837	  1	  9	 28	  0	371179	371179	371179	371298	371298	371298	371298	371179	371179	371179	371179	371200	371200	371200	371200	371216	371216	371216	371216	371140	??
ZZ	3067	64858	  1	  9	 28	  0	371140	371140	371202	371202	371202	371202	371133	371133	371133	371133	371169	371169	371169	371169	371156	371156	371156	371156	371287	371287	??
ZZ	3068	64879	  1	  9	 28	  0	371287	371204	371204	371204	371204	371340	371340	371340	371340	371197	371197	371197	371197	371274	371274	371274	371274	371283	371283	371283	??
ZZ	3069	64901	  1	  9	 28	  0	371211	371211	371211	371211	371246	371246	371246	371246	371065	371065	371065	371065	371139	371139	371139	371139	370945	370945	370945	370945	??
ZZ	3070	64922	  1	  7	 33	  0	371148	371148	371148	371056	371056	371056	371056	371114	371114	371114	371114	371291	371291	371291	371291	371139	371139	371139	371139	371265	??
ZZ	3071	64943	  1	  7	 33	  0	371265	371265	371182	371182	371182	371182	371122	371122	371122	371122	371155	371155	371155	371155	371165	371165	371165	371165	371300	371300	??
ZZ	3072	64964	  1	  7	 33	  0	371300	371023	371023	371023	371023	371175	371175	371175	371175	371212	371212	371212	371212	371140	371140	371140	371140	371214	371214	371214	??
ZZ	3073	64985	  1	  7	 33	  0	371129	371129	371129	371129	371142	371142	371142	371142	371084	371084	371084	371084	371238	371238	371238	371238	371196	371196	371196	371196	??
ZZ	3074	65006	  1	  7	 33	  0	371095	371095	371095	371185	371185	371185	371185	371138	371138	371138	371138	371118	371118	371118	371118	371212	371212	371212	371212	371154	??
ZZ	3075	65028	  1	  7	 33	  0	371154	371154	371156	371156	371156	371156	371192	371192	371192	371192	371171	371171	371171	371171	371234	371234	371234	371234	371186	371186	??
ZZ	3076	65049	  1	  7	 33	  0	371186	371178	371178	371178	371178	371065	371065	371065	371065	371138	371138	371138	371138	371212	371212	371212	371212	371133	371133	371133	??
ZZ	3077	65070	  1	  7	 33	  0	371199	371199	371199	371199	371209	371209	371209	371209	371201	371201	371201	371201	371163	371163	371163	371163	371246	371246	371246	371246	??
ZZ	3078	65091	  1	  7	 33	  0	371162	371162	371162	371155	371155	371155	371155	371302	371302	371302	371302	371224	371224	371224	371224	371114	371114	371114	371114	371095	??
ZZ	3079	65112	  1	  7	 33	  0	371095	371095	371153	371153	371153	371153	371199	371199	371199	371199	371218	371218	371218	371218	371291	371291	371291	371291	371144	371144	??
ZZ	3080	65133	  1	  7	 33	  0	371144	371202	371202	371202	371202	371151	371151	371151	371151	371121	371121	371121	371121	371115	371115	371115	371115	371234	371234	371234	??
ZZ	3081	65155	  1	  7	 33	  0	371144	371144	371144	371144	371192	371192	371192	371192	371216	371216	371216	371216	371243	371243	371243	371243	371198	371198	371198	371198	??
ZZ	3082	65176	  1	  7	 33	  0	371125	371125	371125	371116	371116	371116	371116	371148	371148	371148	371148	371103	371103	371103	371103	371157	371157	371157	371157	371080	??
ZZ	3083	65197	  1	  5	 13	  0	371080	371080	371174	371174	371174	371174	371174	371174	371174	371174	371027	371027	371027	371027	371169	371169	371169	371169	371088	371088	??
ZZ	3084	65218	  1	  5	 13	  0	371088	371194	371194	371194	371194	371152	371152	371152	371152	371181	371181	371181	371181	371076	371076	371076	371076	371114	371114	371114	??
ZZ	3085	65239	  1	  5	 13	  0	371245	371245	371245	371245	371200	371200	371200	371200	371144	371144	371144	371144	371178	371178	371178	371178	371224	371224	371224	371224	??
ZZ	3086	65260	  1	  5	 13	  0	371182	371182	371182	371223	371223	371223	371223	371202	371202	371202	371202	371167	371167	371167	371167	371110	371110	371110	371110	371153	??
ZZ	3087	65281	  1	  5	 13	  0	371153	371153	371261	371261	371261	371261	371229	371229	371229	371229	371148	371148	371148	371148	371155	371155	371155	371155	371156	371156	??
ZZ	3088	65303	  1	  5	 13	  0	371156	371153	371153	371153	371153	371144	371144	371144	371144	371170	371170	371170	371170	371103	371103	371103	371103	371174	371174	371174	??
ZZ	3089	65324	  1	  5	 13	  0	371171	371171	371171	371171	371182	371182	371182	371182	371205	371205	371205	371205	371073	371073	371073	371073	371239	371239	371239	371239	??
ZZ	3090	65345	  1	  3	 10	  0	371108	371108	371108	371189	371189	371189	371189	371231	371231	371231	371231	371107	371107	371107	371107	371230	371230	371230	371230	371141	??
ZZ	3091	65366	  1	  3	 10	  0	371141	371141	371139	371139	371139	371139	371174	371174	371174	371174	371094	371094	371094	371094	371137	371137	371137	371137	371073	371073	??
ZZ	3092	65387	  1	  3	 10	  0	371073	371116	371116	371116	371116	371267	371267	371267	371267	371058	371058	371058	371058	371200	371200	371200	371200	371201	371201	371201	??
ZZ	3093	65408	  1	  3	 10	  0	371091	371091	371091	371091	371163	371163	371163	371163	371152	371152	371152	371152	371230	371230	371230	371230	371219	371219	371219	371219	??
ZZ	3094	65429	  1	  3	 10	  0	371219	371219	371219	371208	371208	371208	371208	371058	371058	371058	371058	371261	371261	371261	371261	371141	371141	371141	371141	371156	??
ZZ	3095	65451	  1	  3	 10	  0	371156	371156	371142	371142	371142	371142	371096	371096	371096	371096	371189	371189	371189	371189	371159	371159	371159	371159	371148	371148	??
ZZ	3096	65472	  1	  3	 10	  0	371148	371065	371065	371065	371065	371164	371164	371164	371164	371177	371177	371177	371177	371261	371261	371261	371261	371203	371203	371203	??
ZZ	3097	65493	  1	  3	 10	  0	371189	371189	371189	371189	371099	371099	371099	371099	371268	371268	371268	371268	371155	371155	371155	371155	371182	371182	371182	371182	??
ZZ	3098	65514	  1	  3	 10	  0	371178	371178	371178	371249	371249	371249	371249	371235	371235	371235	371235	371216	371216	371216	371216	371054	371054	371054	371054	371142	??
ZZ	3099	65535	  1	  3	 10	  0	371142	371142	371095	371095	371095	371095	371147	371147	371147	371147	371065	371065	371065	371065	371291	371291	371291	371291	371193	371193	??
ZZ	3100	65556	  2	  6	 18	  0	371193	371226	371226	371226	371226	371265	371265	371265	371265	371213	371213	371213	371213	371204	371204	371204	371204	371061	371061	371061	??
ZZ	3101	65578	  2	  6	 18	  0	371128	371128	371128	371128	371193	371193	371193	371193	371077	371077	371077	371077	371197	371197	371197	371197	371231	371231	371231	371231	??
ZZ	3102	65599	  2	  6	 18	  0	371204	371204	371204	371196	371196	371196	371196	371182	371182	371182	371182	371183	371183	371183	371183	371103	371103	371103	371103	371304	??
ZZ	3103	65620	  2	  6	 18	  0	371304	371304	371186	371186	371186	371186	371129	371129	371129	371129	371153	371153	371153	371153	371129	371129	371129	371129	371178	371178	??
ZZ	3104	65641	  2	  6	 18	  0	371178	371122	371122	371122	371122	371106	371106	371106	371106	371266	371266	371266	371266	371159	371159	371159	371159	371193	371193	371193	??
ZZ	3105	65662	  2	  6	 18	  0	371174	371174	371174	371174	371165	371165	371165	371165	371285	371285	371285	371285	371211	371211	371211	371211	371155	371155	371155	371155	??
ZZ	3106	65683	  2	  6	 18	  0	371114	371114	371114	371125	371125	371125	371125	371144	371144	371144	371144	371046	371046	371046	371046	371085	371085	371085	371085	371216	??
ZZ	3107	65704	  2	  6	 18	  0	371216	371216	371224	371224	371224	371224	371204	371204	371204	371204	371170	371170	371170	371170	371192	371192	371192	371192	371152	371152	??
ZZ	3108	65726	  2	  6	 18	  0	371152	371170	371170	371170	371170	371200	371200	371200	371200	371238	371238	371238	371238	371095	371095	371095	371095	371146	371146	371146	??
ZZ	3109	65747	  2	  6	 18	  0	371159	371159	371159	371159	371166	371166	371166	371166	371122	371122	371122	371122	371253	371253	371253	371253	371195	371195	371195	371195	??
ZZ	3110	65768	  1	 11	 20	  0	371235	371235	371235	371132	371132	371132	371132	371194	371194	371194	371194	371163	371163	371163	371163	371106	371106	371106	371106	371046	??
ZZ	3111	65789	  1	 11	 20	  0	371046	371046	371242	371242	371242	371242	371156	371156	371156	371156	371216	371216	371216	371216	371170	371170	371170	371170	371164	371164	??
ZZ	3112	65810	  1	 11	 20	  0	371164	371215	371215	371215	371215	371035	371035	371035	371035	371134	371134	371134	371134	371122	371122	371122	371122	371182	371182	371182	??
ZZ	3113	65831	  1	 11	 20	  0	371160	371160	371160	371160	371268	371268	371268	371268	371203	371203	371203	371203	371204	371204	371204	371204	371106	371106	371106	371106	??
ZZ	3114	65852	  1	 11	 20	  0	371152	371152	371152	371178	371178	371178	371178	371227	371227	371227	371227	371170	371170	371170	371170	371219	371219	371219	371219	371281	??
ZZ	3115	65873	  1	 11	 20	  0	371281	371281	371227	371227	371227	371227	371235	371235	371235	371235	371211	371211	371211	371211	371163	371163	371163	371163	371155	371155	??
ZZ	3116	65895	  1	 11	 20	  0	371155	371174	371174	371174	371174	371241	371241	371241	371241	371223	371223	371223	371223	371164	371164	371164	371164	371265	371265	371265	??
ZZ	3117	65916	  1	 11	 20	  0	371167	371167	371167	371167	371196	371196	371196	371196	371232	371232	371232	371232	371203	371203	371203	371203	371204	371204	371204	371204	??
ZZ	3118	65937	  1	 11	 20	  0	371163	371163	371163	371164	371164	371164	371164	371224	371224	371224	371224	371234	371234	371234	371234	371180	371180	371180	371180	371140	??
ZZ	3119	65958	  1	 11	 20	  0	371140	371140	371330	371330	371330	371330	371194	371194	371194	371194	371163	371163	371163	371163	371194	371194	371194	371194	371185	371185	??
ZZ	3120	65979	  1	 10	 28	  0	371185	371278	371278	371278	371278	371199	371199	371199	371199	371208	371208	371208	371208	371129	371129	371129	371129	371164	371164	371164	??
ZZ	3121	66001	  1	 10	 28	  0	371292	371292	371292	371292	371217	371217	371217	371217	371163	371163	371163	371163	371197	371197	371197	371197	371166	371166	371166	371166	??
ZZ	3122	66022	  1	 10	 28	  0	371163	371163	371163	371155	371155	371155	371155	371171	371171	371171	371171	371092	371092	371092	371092	371283	371283	371283	371283	371175	??
ZZ	3123	66043	  1	 10	 28	  0	371175	371175	371039	371039	371039	371039	371112	371112	371112	371112	371106	371106	371106	371106	371208	371208	371208	371208	371165	371165	??
ZZ	3124	66064	  1	 10	 28	  0	371165	371042	371042	371042	371042	371321	371321	371321	371321	371182	371182	371182	371182	371122	371122	371122	371122	371125	371125	371125	??
ZZ	3125	66085	  1	 10	 28	  0	371114	371114	371114	371114	371182	371182	371182	371182	371156	371156	371156	371156	371140	371140	371140	371140	371280	371280	371280	371280	??
ZZ	3126	66106	  1	 10	 28	  0	371159	371159	371159	371192	371192	371192	371192	371228	371228	371228	371228	371166	371166	371166	371166	371170	371170	371170	371170	371069	??
ZZ	3127	66127	  1	 10	 28	  0	371069	371069	371085	371085	371085	371085	371212	371212	371212	371212	371139	371139	371139	371139	371216	371216	371216	371216	371073	371073	??
ZZ	3128	66148	  1	 10	 28	  0	371073	371195	371195	371195	371195	371197	371197	371197	371197	371178	371178	371178	371178	371182	371182	371182	371182	370986	370986	370986	??
ZZ	3129	66170	  1	 10	 28	  0	371178	371178	371178	371178	371145	371145	371145	371145	371076	371076	371076	371076	371141	371141	371141	371141	371174	371174	371174	371174	??
ZZ	3130	66191	  1	 10	 28	  0	371239	371239	371239	371160	371160	371160	371160	371189	371189	371189	371189	371163	371163	371163	371163	371173	371173	371173	371173	371234	??
ZZ	3131	66212	  1	 10	 28	  0	371234	371234	371196	371196	371196	371196	371253	371253	371253	371253	371222	371222	371222	371222	371222	371222	371222	371222	371193	371193	??
ZZ	3132	66233	  1	  8	 28	  0	371193	370978	370978	370978	370978	371172	371172	371172	371172	371223	371223	371223	371223	371155	371155	371155	371155	371204	371204	371204	??
ZZ	3133	66254	  1	  8	 28	  0	371091	371091	371091	371091	371142	371142	371142	371142	371306	371306	371306	371306	371185	371185	371185	371185	371224	371224	371224	371224	??
ZZ	3134	66275	  1	  8	 28	  0	371076	371076	371076	371197	371197	371197	371197	371133	371133	371133	371133	371185	371185	371185	371185	371133	371133	371133	371133	371128	??
ZZ	3135	66297	  1	  8	 28	  0	371128	371128	371144	371144	371144	371144	371121	371121	371121	371121	371148	371148	371148	371148	371121	371121	371121	371121	371036	371036	??
ZZ	3136	66318	  1	  8	 28	  0	371036	371178	371178	371178	371178	371280	371280	371280	371280	371211	371211	371211	371211	371325	371325	371325	371325	371159	371159	371159	??
ZZ	3137	66339	  1	  8	 28	  0	371175	371175	371175	371175	371238	371238	371238	371238	371196	371196	371196	371196	371238	371238	371238	371238	371163	371163	371163	371163	??
ZZ	3138	66360	  1	  8	 28	  0	371213	371213	371213	371107	371107	371107	371107	371137	371137	371137	371137	371123	371123	371123	371123	371061	371061	371061	371061	371155	??
ZZ	3139	66381	  1	  8	 28	  0	371155	371155	371168	371168	371168	371168	371069	371069	371069	371069	371142	371142	371142	371142	371133	371133	371133	371133	371347	371347	??
ZZ	3140	66402	  1	  4	 29	  0	371347	371157	371157	371157	371157	371167	371167	371167	371167	371209	371209	371209	371209	371167	371167	371167	371167	371125	371125	371125	??
ZZ	3141	66423	  1	  4	 29	  0	371185	371185	371185	371185	371156	371156	371156	371156	371223	371223	371223	371223	371096	371096	371096	371096	371103	371103	371103	371103	??
ZZ	3142	66444	  1	  4	 29	  0	371227	371227	371227	371156	371156	371156	371156	371220	371220	371220	371220	371054	371054	371054	371054	371171	371171	371171	371171	371224	??
ZZ	3143	66466	  1	  4	 29	  0	371224	371224	371121	371121	371121	371121	371188	371188	371188	371188	371227	371227	371227	371227	371155	371155	371155	371155	371182	371182	??
ZZ	3144	66487	  1	  4	 29	  0	371182	371061	371061	371061	371061	371119	371119	371119	371119	371092	371092	371092	371092	371246	371246	371246	371246	371140	371140	371140	??
ZZ	3145	66508	  1	  4	 29	  0	371114	371114	371114	371114	371112	371112	371112	371112	371110	371110	371110	371110	371144	371144	371144	371144	371096	371096	371096	371096	??
ZZ	3146	66529	  1	  4	 29	  0	371306	371306	371306	371193	371193	371193	371193	371122	371122	371122	371122	371152	371152	371152	371152	371174	371174	371174	371174	371130	??
ZZ	3147	66550	  1	  4	 29	  0	371130	371130	371191	371191	371191	371191	371175	371175	371175	371175	371235	371235	371235	371235	371058	371058	371058	371058	371149	371149	??
ZZ	3148	66571	  1	  4	 29	  0	371149	371221	371221	371221	371221	371137	371137	371137	371137	371147	371147	371147	371147	371152	371152	371152	371152	371182	371182	371182	??
ZZ	3149	66593	  1	  4	 29	  0	371136	371136	371136	371136	371220	371220	371220	371220	371195	371195	371195	371195	371223	371223	371223	371223	371201	371201	371201	371201	??
ZZ	3150	66614	  1	  7	 17	  0	371180	371180	371180	371140	371140	371140	371140	371205	371205	371205	371205	371179	371179	371179	371179	371035	371035	371035	371035	371246	??
ZZ	3151	66635	  1	  7	 17	  0	371246	371246	371108	371108	371108	371108	371137	371137	371137	371137	371159	371159	371159	371159	371114	371114	371114	371114	371182	371182	??
ZZ	3152	66656	  1	  7	 17	  0	371182	371086	371086	371086	371086	371265	371265	371265	371265	371152	371152	371152	371152	371190	371190	371190	371190	371133	371133	371133	??
ZZ	3153	66677	  1	  7	 17	  0	371193	371193	371193	371193	371168	371168	371168	371168	371092	371092	371092	371092	371151	371151	371151	371151	371121	371121	371121	371121	??
ZZ	3154	66698	  1	  7	 17	  0	371126	371126	371126	371173	371173	371173	371173	371277	371277	371277	371277	371261	371261	371261	371261	371212	371212	371212	371212	371171	??
ZZ	3155	66719	  1	  7	 17	  0	371171	371171	371072	371072	371072	371072	371115	371115	371115	371115	371174	371174	371174	371174	371150	371150	371150	371150	371110	371110	??
ZZ	3156	66740	  1	  7	 17	  0	371110	371099	371099	371099	371099	371133	371133	371133	371133	371129	371129	371129	371129	371201	371201	371201	371201	371166	371166	371166	??
ZZ	3157	66762	  1	  7	 17	  0	371118	371118	371118	371118	371159	371159	371159	371159	371145	371145	371145	371145	371220	371220	371220	371220	371214	371214	371214	371214	??
ZZ	3158	66783	  1	  7	 17	  0	371181	371181	371181	371141	371141	371141	371141	371156	371156	371156	371156	371227	371227	371227	371227	371121	371121	371121	371121	371151	??
ZZ	3159	66804	  1	  7	 17	  0	371151	371151	371076	371076	371076	371076	371144	371144	371144	371144	371197	371197	371197	371197	371189	371189	371189	371189	371200	371200	??
ZZ	3160	66825	  1	 14	 25	  0	371200	371144	371144	371144	371144	371227	371227	371227	371227	371196	371196	371196	371196	371170	371170	371170	371170	371110	371110	371110	??
ZZ	3161	66846	  1	 14	 25	  0	371167	371167	371167	371167	371193	371193	371193	371193	371273	371273	371273	371273	371133	371133	371133	371133	371114	371114	371114	371114	??
ZZ	3162	66867	  1	 14	 25	  0	371153	371153	371153	371272	371272	371272	371272	371088	371088	371088	371088	371160	371160	371160	371160	371234	371234	371234	371234	371129	??
ZZ	3163	66889	  1	 14	 25	  0	371129	371129	371199	371199	371199	371199	371144	371144	371144	371144	371176	371176	371176	371176	371152	371152	371152	371152	371103	371103	??
ZZ	3164	66910	  1	 14	 25	  0	371103	371183	371183	371183	371183	371076	371076	371076	371076	371242	371242	371242	371242	371227	371227	371227	371227	371152	371152	371152	??
ZZ	3165	66931	  1	 14	 25	  0	371200	371200	371200	371200	371133	371133	371133	371133	371133	371133	371133	371133	371068	371068	371068	371068	371170	371170	371170	371170	??
ZZ	3166	66952	  1	 14	 25	  0	371317	371317	371317	371154	371154	371154	371154	371125	371125	371125	371125	371208	371208	371208	371208	371153	371153	371153	371153	371163	??
ZZ	3167	66973	  1	 14	 25	  0	371163	371163	371106	371106	371106	371106	371150	371150	371150	371150	371321	371321	371321	371321	371162	371162	371162	371162	371190	371190	??
ZZ	3168	66994	  1	 14	 25	  0	371190	371031	371031	371031	371031	371188	371188	371188	371188	371265	371265	371265	371265	371174	371174	371174	371174	371268	371268	371268	??
ZZ	3169	67015	  1	 14	 25	  0	371106	371106	371106	371106	371155	371155	371155	371155	371177	371177	371177	371177	371171	371171	371171	371171	371211	371211	371211	371211	??
ZZ	3170	67037	  1	 17	 13	  0	371288	371288	371288	371163	371163	371163	371163	371180	371180	371180	371180	371306	371306	371306	371306	371193	371193	371193	371193	371210	??
ZZ	3171	67058	  1	 17	 13	  0	371210	371210	371255	371255	371255	371255	371240	371240	371240	371240	371125	371125	371125	371125	371182	371182	371182	371182	371112	371112	??
ZZ	3172	67079	  1	 17	 13	  0	371112	371222	371222	371222	371222	371050	371050	371050	371050	371150	371150	371150	371150	371110	371110	371110	371110	371054	371054	371054	??
ZZ	3173	67100	  1	 17	 13	  0	371138	371138	371138	371138	371080	371080	371080	371080	371157	371157	371157	371157	371197	371197	371197	371197	371133	371133	371133	371133	??
ZZ	3174	67121	  1	 17	 13	  0	371200	371200	371200	371282	371282	371282	371282	371080	371080	371080	371080	371187	371187	371187	371187	371204	371204	371204	371204	371080	??
ZZ	3175	67142	  1	 17	 13	  0	371080	371080	371183	371183	371183	371183	371099	371099	371099	371099	371165	371165	371165	371165	371129	371129	371129	371129	371201	371201	??
ZZ	3176	67163	  1	 17	 13	  0	371201	371176	371176	371176	371176	371291	371291	371291	371291	371227	371227	371227	371227	371256	371256	371256	371256	371216	371216	371216	??
ZZ	3177	67185	  1	 17	 13	  0	371058	371058	371058	371058	371145	371145	371145	371145	371237	371237	371237	371237	371188	371188	371188	371188	371253	371253	371253	371253	??
ZZ	3178	67206	  1	 17	 13	  0	371118	371118	371118	371124	371124	371124	371124	371213	371213	371213	371213	371073	371073	371073	371073	371165	371165	371165	371165	371091	??
ZZ	3179	67227	  1	 17	 13	  0	371091	371091	371223	371223	371223	371223	371163	371163	371163	371163	371152	371152	371152	371152	371161	371161	371161	371161	371088	371088	??
ZZ	3180	67248	  1	 16	 14	  0	371088	371193	371193	371193	371193	371106	371106	371106	371106	371268	371268	371268	371268	371242	371242	371242	371242	371184	371184	371184	??
ZZ	3181	67269	  1	 16	 14	  0	371257	371257	371257	371257	371223	371223	371223	371223	371197	371197	371197	371197	371110	371110	371110	371110	371167	371167	371167	371167	??
ZZ	3182	67290	  1	 16	 14	  0	371148	371148	371148	371020	371020	371020	371020	371144	371144	371144	371144	371302	371302	371302	371302	371110	371110	371110	371110	371180	??
ZZ	3183	67311	  1	 16	 14	  0	371180	371180	371148	371148	371148	371148	371178	371178	371178	371178	371173	371173	371173	371173	371238	371238	371238	371238	371212	371212	??
ZZ	3184	67333	  1	 16	 14	  0	371212	371216	371216	371216	371216	371106	371106	371106	371106	371147	371147	371147	371147	371076	371076	371076	371076	371179	371179	371179	??
ZZ	3185	67354	  1	 16	 14	  0	371170	371170	371170	371170	371224	371224	371224	371224	371146	371146	371146	371146	371121	371121	371121	371121	371208	371208	371208	371208	??
ZZ	3186	67375	  1	 16	 14	  0	371123	371123	371123	371189	371189	371189	371189	371194	371194	371194	371194	371166	371166	371166	371166	371099	371099	371099	371099	371167	??
ZZ	3187	67396	  1	 16	 14	  0	371167	371167	371143	371143	371143	371143	371287	371287	371287	371287	371142	371142	371142	371142	371249	371249	371249	371249	371216	371216	??
ZZ	3188	67417	  1	 16	 14	  0	371216	371267	371267	371267	371267	371185	371185	371185	371185	371306	371306	371306	371306	371206	371206	371206	371206	371144	371144	371144	??
ZZ	3189	67438	  1	 16	 14	  0	371223	371223	371223	371223	371198	371198	371198	371198	371137	371137	371137	371137	371159	371159	371159	371159	371170	371170	371170	371170	??
ZZ	3190	67459	  1	 16	 14	  0	371254	371254	371254	371207	371207	371207	371207	371198	371198	371198	371198	371268	371268	371268	371268	371219	371219	371219	371219	371228	??
ZZ	3191	67481	  1	 16	 14	  0	371228	371228	371171	371171	371171	371171	371223	371223	371223	371223	371152	371152	371152	371152	371192	371192	371192	371192	371179	371179	??
ZZ	3192	67502	  1	 16	 14	  0	371179	371145	371145	371145	371145	371150	371150	371150	371150	371204	371204	371204	371204	371209	371209	371209	371209	371166	371166	371166	??
ZZ	3193	67523	  0	 10	 16	  0	371287	371287	371287	371287	371179	371179	371179	371179	371198	371198	371198	371198	370997	370997	370997	370997	371150	371150	371150	371150	??
ZZ	3194	67544	  0	 10	 16	  0	371178	371178	371178	371216	371216	371216	371216	371189	371189	371189	371189	371235	371235	371235	371235	371189	371189	371189	371189	371185	??
ZZ	3195	67565	  0	 10	 16	  0	371185	371185	371061	371061	371061	371061	371114	371114	371114	371114	371101	371101	371101	371101	371182	371182	371182	371182	371150	371150	??
ZZ	3196	67586	  0	 10	 16	  0	371150	371125	371125	371125	371125	371253	371253	371253	371253	371167	371167	371167	371167	371238	371238	371238	371238	371208	371208	371208	??
ZZ	3197	67608	  0	 10	 16	  0	371201	371201	371201	371201	371114	371114	371114	371114	371139	371139	371139	371139	371243	371243	371243	371243	371268	371268	371268	371268	??
ZZ	3198	67629	  0	 10	 16	  0	371219	371219	371219	371084	371084	371084	371084	371110	371110	371110	371110	371124	371124	371124	371124	371121	371121	371121	371121	371137	??
ZZ	3199	67650	  0	 10	 16	  0	371137	371137	371153	371153	371153	371153	371194	371194	371194	371194	371202	371202	371202	371202	371268	371268	371268	371268	371076	371076	??
ZZ	3200	67671	  0	  6	 14	  0	371076	371201	371201	371201	371201	371005	371005	371005	371005	371295	371295	371295	371295	371153	371153	371153	371153	371160	371160	371160	??
ZZ	3201	67692	  0	  6	 14	  0	371099	371099	371099	371099	371093	371093	371093	371093	371253	371253	371253	371253	371153	371153	371153	371153	371287	371287	371287	371287	??
ZZ	3202	67713	  0	  6	 14	  0	371208	371208	371208	371134	371134	371134	371134	371159	371159	371159	371159	371198	371198	371198	371198	371194	371194	371194	371194	371193	??
ZZ	3203	67734	  0	  6	 14	  0	371193	371193	371221	371221	371221	371221	371204	371204	371204	371204	371291	371291	371291	371291	371254	371254	371254	371254	371001	371001	??
ZZ	3204	67755	  0	  6	 14	  0	371001	371141	371141	371141	371141	371159	371159	371159	371159	371218	371218	371218	371218	371281	371281	371281	371281	371204	371204	371204	??
ZZ	3205	67777	  0	  6	 14	  0	371185	371185	371185	371185	371140	371140	371140	371140	371184	371184	371184	371184	371110	371110	371110	371110	371140	371140	371140	371140	??
ZZ	3206	67798	  0	  6	 14	  0	371073	371073	371073	371248	371248	371248	371248	371067	371067	371067	371067	371246	371246	371246	371246	371141	371141	371141	371141	371218	??
ZZ	3207	67819	  0	  6	 14	  0	371218	371218	371148	371148	371148	371148	371129	371129	371129	371129	371141	371141	371141	371141	371159	371159	371159	371159	371158	371158	??
ZZ	3208	67840	  0	  6	 14	  0	371158	371278	371278	371278	371278	371152	371152	371152	371152	371185	371185	371185	371185	371249	371249	371249	371249	371209	371209	371209	??
ZZ	3209	67861	  0	  6	 14	  0	371150	371150	371150	371150	371125	371125	371125	371125	371137	371137	371137	371137	371119	371119	371119	371119	371159	371159	371159	371159	??
ZZ	3210	67882	  0	  5	 20	  0	371177	371177	371177	371087	371087	371087	371087	371266	371266	371266	371266	371110	371110	371110	371110	371155	371155	371155	371155	371159	??
ZZ	3211	67904	  0	  5	 20	  0	371159	371159	371138	371138	371138	371138	371170	371170	371170	371170	371161	371161	371161	371161	371334	371334	371334	371334	371295	371295	??
ZZ	3212	67925	  0	  5	 20	  0	371295	371240	371240	371240	371240	371216	371216	371216	371216	371193	371193	371193	371193	371161	371161	371161	371161	371253	371253	371253	??
ZZ	3213	67946	  0	  5	 20	  0	371106	371106	371106	371106	371124	371124	371124	371124	371073	371073	371073	371073	371147	371147	371147	371147	371213	371213	371213	371213	??
ZZ	3214	67967	  0	  5	 20	  0	371295	371295	371295	371194	371194	371194	371194	371012	371012	371012	371012	371254	371254	371254	371254	371124	371124	371124	371124	371152	??
ZZ	3215	67988	  0	  5	 20	  0	371152	371152	371121	371121	371121	371121	371141	371141	371141	371141	371212	371212	371212	371212	371178	371178	371178	371178	371204	371204	??
ZZ	3216	68009	  0	  5	 20	  0	371204	371249	371249	371249	371249	371186	371186	371186	371186	371235	371235	371235	371235	371167	371167	371167	371167	371134	371134	371134	??
ZZ	3217	68030	  0	  5	 20	  0	371216	371216	371216	371216	371088	371088	371088	371088	371131	371131	371131	371131	371148	371148	371148	371148	371091	371091	371091	371091	??
ZZ	3218	68051	  0	  5	 20	  0	371084	371084	371084	371137	371137	371137	371137	371156	371156	371156	371156	371167	371167	371167	371167	371031	371031	371031	371031	371106	??
ZZ	3219	68073	  0	  5	 20	  0	371106	371106	371091	371091	371091	371091	371194	371194	371194	371194	371146	371146	371146	371146	371163	371163	371163	371163	371170	371170	??
ZZ	3220	68094	  0	 10	 23	  0	371170	371321	371321	371321	371321	371242	371242	371242	371242	371259	371259	371259	371259	371133	371133	371133	371133	371189	371189	371189	??
ZZ	3221	68115	  0	 10	 23	  0	371160	371160	371160	371160	371163	371163	371163	371163	371170	371170	371170	371170	371132	371132	371132	371132	371174	371174	371174	371174	??
ZZ	3222	68136	  0	 10	 23	  0	371181	371181	371181	371196	371196	371196	371196	371118	371118	371118	371118	371098	371098	371098	371098	371234	371234	371234	371234	371137	??
ZZ	3223	68157	  0	 10	 23	  0	371137	371137	371202	371202	371202	371202	371133	371133	371133	371133	371211	371211	371211	371211	371152	371152	371152	371152	371223	371223	??
ZZ	3224	68178	  0	 10	 23	  0	371223	371234	371234	371234	371234	371182	371182	371182	371182	371216	371216	371216	371216	371188	371188	371188	371188	371069	371069	371069	??
ZZ	3225	68200	  0	 10	 23	  0	371261	371261	371261	371261	371138	371138	371138	371138	371076	371076	371076	371076	371162	371162	371162	371162	371118	371118	371118	371118	??
ZZ	3226	68221	  0	 10	 23	  0	371253	371253	371253	371209	371209	371209	371209	371133	371133	371133	371133	371186	371186	371186	371186	371171	371171	371171	371171	371118	??
ZZ	3227	68242	  0	 10	 23	  0	371118	371118	371306	371306	371306	371306	371188	371188	371188	371188	371238	371238	371238	371238	371232	371232	371232	371232	371160	371160	??
ZZ	3228	68263	  0	 10	 23	  0	371160	371061	371061	371061	371061	371129	371129	371129	371129	371277	371277	371277	371277	371084	371084	371084	371084	371177	371177	371177	??
ZZ	3229	68284	  0	 10	 23	  0	371253	371253	371253	371253	371137	371137	371137	371137	371142	371142	371142	371142	371223	371223	371223	371223	371160	371160	371160	371160	??
ZZ	3230	68305	  0	 15	 36	  0	371174	371174	371174	371210	371210	371210	371210	371161	371161	371161	371161	371211	371211	371211	371211	371223	371223	371223	371223	371160	??
ZZ	3231	68326	  0	 15	 36	  0	371160	371160	371121	371121	371121	371121	371185	371185	371185	371185	371156	371156	371156	371156	371125	371125	371125	371125	371217	371217	??
ZZ	3232	68347	  0	 15	 36	  0	371217	371091	371091	371091	371091	371174	371174	371174	371174	371135	371135	371135	371135	371231	371231	371231	371231	371152	371152	371152	??
ZZ	3233	68369	  0	 15	 36	  0	371162	371162	371162	371162	371039	371039	371039	371039	371099	371099	371099	371099	371152	371152	371152	371152	371095	371095	371095	371095	??
ZZ	3234	68390	  0	 15	 36	  0	371212	371212	371212	371099	371099	371099	371099	371084	371084	371084	371084	371144	371144	371144	371144	371182	371182	371182	371182	371219	??
ZZ	3235	68411	  0	 15	 36	  0	371219	371219	371187	371187	371187	371187	371265	371265	371265	371265	371210	371210	371210	371210	371192	371192	371192	371192	371170	371170	??
ZZ	3236	68432	  0	 15	 36	  0	371170	371181	371181	371181	371181	371160	371160	371160	371160	371208	371208	371208	371208	371217	371217	371217	371217	371129	371129	371129	??
ZZ	3237	68453	  0	 15	 36	  0	371000	371000	371000	371000	371079	371079	371079	371079	371160	371160	371160	371160	371153	371153	371153	371153	371204	371204	371204	371204	??
ZZ	3238	68474	  0	 15	 36	  0	371042	371042	371042	371092	371092	371092	371092	371178	371178	371178	371178	371182	371182	371182	371182	371157	371157	371157	371157	371129	??
ZZ	3239	68496	  0	 15	 36	  0	371129	371129	371338	371338	371338	371338	371228	371228	371228	371228	371137	371137	371137	371137	371167	371167	371167	371167	371129	371129	??
ZZ	3240	68517	  0	 15	 36	  0	371129	371149	371149	371149	371149	371181	371181	371181	371181	371114	371114	371114	371114	371182	371182	371182	371182	371118	371118	371118	??
ZZ	3241	68538	  0	 15	 36	  0	371046	371046	371046	371046	371155	371155	371155	371155	371132	371132	371132	371132	371152	371152	371152	371152	371186	371186	371186	371186	??
ZZ	3242	68559	  1	 16	 35	  0	371224	371224	371224	371218	371218	371218	371218	371199	371199	371199	371199	371291	371291	371291	371291	371155	371155	371155	371155	371237	??
ZZ	3243	68580	  1	 16	 35	  0	371237	371237	371088	371088	371088	371088	371272	371272	371272	371272	371202	371202	371202	371202	371069	371069	371069	371069	371148	371148	??
ZZ	3244	68601	  1	 16	 35	  0	371148	371192	371192	371192	371192	371235	371235	371235	371235	371206	371206	371206	371206	371110	371110	371110	371110	371219	371219	371219	??
ZZ	3245	68622	  1	 16	 35	  0	371183	371183	371183	371183	371148	371148	371148	371148	371261	371261	371261	371261	371206	371206	371206	371206	371269	371269	371269	371269	??
ZZ	3246	68643	  1	 16	 35	  0	371243	371243	371243	371265	371265	371265	371265	371091	371091	371091	371091	371204	371204	371204	371204	371175	371175	371175	371175	371159	??
ZZ	3247	68665	  1	 16	 35	  0	371159	371159	371174	371174	371174	371174	371227	371227	371227	371227	371058	371058	371058	371058	371165	371165	371165	371165	371186	371186	??
ZZ	3248	68686	  1	 16	 35	  0	371186	371222	371222	371222	371222	371246	371246	371246	371246	371163	371163	371163	371163	371232	371232	371232	371232	371185	371185	371185	??
ZZ	3249	68707	  1	 16	 35	  0	371321	371321	371321	371321	371187	371187	371187	371187	371031	371031	371031	371031	371096	371096	371096	371096	371194	371194	371194	371194	??
ZZ	3250	68728	  1	 18	 48	  0	371171	371171	371171	371178	371178	371178	371178	371084	371084	371084	371084	371155	371155	371155	371155	371158	371158	371158	371158	371141	??
ZZ	3251	68749	  1	 18	 48	  0	371141	371141	371110	371110	371110	371110	371085	371085	371085	371085	371198	371198	371198	371198	371109	371109	371109	371109	371212	371212	??
ZZ	3252	68770	  1	 18	 48	  0	371212	371189	371189	371189	371189	371209	371209	371209	371209	371238	371238	371238	371238	371114	371114	371114	371114	371207	371207	371207	??
ZZ	3253	68792	  1	 18	 48	  0	371204	371204	371204	371204	371125	371125	371125	371125	371184	371184	371184	371184	371295	371295	371295	371295	371209	371209	371209	371209	??
ZZ	3254	68813	  1	 18	 48	  0	371152	371152	371152	371129	371129	371129	371129	371128	371128	371128	371128	371106	371106	371106	371106	371092	371092	371092	371092	371119	??
ZZ	3255	68834	  1	 18	 48	  0	371119	371119	371152	371152	371152	371152	371148	371148	371148	371148	371182	371182	371182	371182	371212	371212	371212	371212	371204	371204	??
ZZ	3256	68855	  1	 18	 48	  0	371204	371054	371054	371054	371054	371246	371246	371246	371246	371120	371120	371120	371120	371163	371163	371163	371163	371137	371137	371137	??
ZZ	3257	68876	  1	 18	 48	  0	371116	371116	371116	371116	371295	371295	371295	371295	371304	371304	371304	371304	371200	371200	371200	371200	371091	371091	371091	371091	??
ZZ	3258	68897	  1	 18	 48	  0	371140	371140	371140	371207	371207	371207	371207	371160	371160	371160	371160	371162	371162	371162	371162	371159	371159	371159	371159	371073	??
ZZ	3259	68918	  1	 18	 48	  0	371073	371073	371146	371146	371146	371146	371080	371080	371080	371080	371197	371197	371197	371197	371114	371114	371114	371114	371054	371054	??
ZZ	3260	68940	  2	 16	 41	  0	371054	371086	371086	371086	371086	371106	371106	371106	371106	371281	371281	371281	371281	371208	371208	371208	371208	371159	371159	371159	??
ZZ	3261	68961	  2	 16	 41	  0	371174	371174	371174	371174	371113	371113	371113	371113	371259	371259	371259	371259	371131	371131	371131	371131	371099	371099	371099	371099	??
ZZ	3262	68982	  2	 16	 41	  0	371227	371227	371227	371129	371129	371129	371129	371177	371177	371177	371177	371121	371121	371121	371121	371169	371169	371169	371169	371292	??
ZZ	3263	69003	  2	 16	 41	  0	371292	371292	371061	371061	371061	371061	371222	371222	371222	371222	371133	371133	371133	371133	371144	371144	371144	371144	371272	371272	??
ZZ	3264	69024	  2	 16	 41	  0	371272	371212	371212	371212	371212	371248	371248	371248	371248	371209	371209	371209	371209	371095	371095	371095	371095	371195	371195	371195	??
ZZ	3265	69045	  2	 16	 41	  0	371212	371212	371212	371212	371129	371129	371129	371129	371161	371161	371161	371161	371076	371076	371076	371076	371096	371096	371096	371096	??
ZZ	3266	69067	  2	 16	 41	  0	371095	371095	371095	371170	371170	371170	371170	371178	371178	371178	371178	371283	371283	371283	371283	371306	371306	371306	371306	371204	??
ZZ	3267	69088	  2	 16	 41	  0	371204	371204	371125	371125	371125	371125	371246	371246	371246	371246	371153	371153	371153	371153	371197	371197	371197	371197	371121	371121	??
ZZ	3268	69109	  2	 16	 41	  0	371121	371182	371182	371182	371182	371088	371088	371088	371088	371124	371124	371124	371124	371189	371189	371189	371189	371238	371238	371238	??
ZZ	3269	69130	  2	 16	 41	  0	371175	371175	371175	371175	371099	371099	371099	371099	371219	371219	371219	371219	371162	371162	371162	371162	370978	370978	370978	370978	??
ZZ	3270	69151	  1	 13	 28	  0	371179	371179	371179	371140	371140	371140	371140	371163	371163	371163	371163	371180	371180	371180	371180	371061	371061	371061	371061	371197	??
ZZ	3271	69172	  1	 13	 28	  0	371197	371197	371190	371190	371190	371190	371251	371251	371251	371251	371140	371140	371140	371140	371190	371190	371190	371190	371129	371129	??
ZZ	3272	69194	  1	 13	 28	  0	371129	371129	371129	371129	371129	371189	371189	371189	371189	371141	371141	371141	371141	371164	371164	371164	371164	371091	371091	371091	??
ZZ	3273	69215	  1	 13	 28	  0	371185	371185	371185	371185	371133	371133	371133	371133	371156	371156	371156	371156	371168	371168	371168	371168	371042	371042	371042	371042	??
ZZ	3274	69236	  1	 13	 28	  0	370982	370982	370982	371111	371111	371111	371111	371219	371219	371219	371219	371103	371103	371103	371103	371174	371174	371174	371174	371088	??
ZZ	3275	69257	  1	 13	 28	  0	371088	371088	371252	371252	371252	371252	371176	371176	371176	371176	371197	371197	371197	371197	371186	371186	371186	371186	371065	371065	??
ZZ	3276	69278	  1	 13	 28	  0	371065	371222	371222	371222	371222	371165	371165	371165	371165	371091	371091	371091	371091	371160	371160	371160	371160	371179	371179	371179	??
ZZ	3277	69299	  1	 13	 28	  0	371121	371121	371121	371121	371114	371114	371114	371114	371115	371115	371115	371115	371160	371160	371160	371160	371103	371103	371103	371103	??
ZZ	3278	69320	  1	 13	 28	  0	371257	371257	371257	371163	371163	371163	371163	371228	371228	371228	371228	371249	371249	371249	371249	371145	371145	371145	371145	371213	??
ZZ	3279	69341	  1	 13	 28	  0	371213	371213	371012	371012	371012	371012	371080	371080	371080	371080	371071	371071	371071	371071	371012	371012	371012	371012	371102	371102	??
ZZ	3280	69363	  1	 13	 28	  0	371102	371152	371152	371152	371152	371163	371163	371163	371163	371170	371170	371170	371170	371084	371084	371084	371084	371223	371223	371223	??
ZZ	3281	69384	  1	 13	 28	  0	371121	371121	371121	371121	371137	371137	371137	371137	371242	371242	371242	371242	371111	371111	371111	371111	371185	371185	371185	371185	??
ZZ	3282	69405	  1	 13	 28	  0	371104	371104	371104	371238	371238	371238	371238	371216	371216	371216	371216	371161	371161	371161	371161	371277	371277	371277	371277	371234	??
ZZ	3283	69426	  2	 10	 18	  0	371234	371234	371247	371247	371247	371247	371233	371233	371233	371233	371110	371110	371110	371110	371201	371201	371201	371201	371281	371281	??
ZZ	3284	69447	  2	 10	 18	  0	371281	371131	371131	371131	371131	371182	371182	371182	371182	371129	371129	371129	371129	371184	371184	371184	371184	371212	371212	371212	??
ZZ	3285	69468	  2	 10	 18	  0	371272	371272	371272	371272	371226	371226	371226	371226	371121	371121	371121	371121	371142	371142	371142	371142	371107	371107	371107	371107	??
ZZ	3286	69490	  2	 10	 18	  0	371117	371117	371117	371141	371141	371141	371141	371181	371181	371181	371181	371287	371287	371287	371287	371244	371244	371244	371244	371296	??
ZZ	3287	69511	  2	 10	 18	  0	371296	371296	371178	371178	371178	371178	371188	371188	371188	371188	371283	371283	371283	371283	371177	371177	371177	371177	371065	371065	??
ZZ	3288	69532	  2	 10	 18	  0	371065	371182	371182	371182	371182	371192	371192	371192	371192	371095	371095	371095	371095	371099	371099	371099	371099	371084	371084	371084	??
ZZ	3289	69553	  2	 10	 18	  0	371219	371219	371219	371219	371023	371023	371023	371023	371183	371183	371183	371183	371084	371084	371084	371084	371188	371188	371188	371188	??
ZZ	3290	69574	  2	 13	 22	  0	371076	371076	371076	371125	371125	371125	371125	371154	371154	371154	371154	371223	371223	371223	371223	371172	371172	371172	371172	371231	??
ZZ	3291	69595	  2	 13	 22	  0	371231	371231	371167	371167	371167	371167	371174	371174	371174	371174	371146	371146	371146	371146	371212	371212	371212	371212	371179	371179	??
ZZ	3292	69616	  2	 13	 22	  0	371179	371167	371167	371167	371167	371238	371238	371238	371238	371132	371132	371132	371132	371276	371276	371276	371276	371137	371137	371137	??
ZZ	3293	69638	  2	 13	 22	  0	371164	371164	371164	371164	371193	371193	371193	371193	371223	371223	371223	371223	371126	371126	371126	371126	371205	371205	371205	371205	??
ZZ	3294	69659	  2	 13	 22	  0	371126	371126	371126	371197	371197	371197	371197	371276	371276	371276	371276	371240	371240	371240	371240	371171	371171	371171	371171	371159	??
ZZ	3295	69680	  2	 13	 22	  0	371159	371159	371167	371167	371167	371167	371170	371170	371170	371170	371137	371137	371137	371137	371167	371167	371167	371167	371129	371129	??
ZZ	3296	69701	  2	 13	 22	  0	371129	371198	371198	371198	371198	371152	371152	371152	371152	371231	371231	371231	371231	371158	371158	371158	371158	371265	371265	371265	??
ZZ	3297	69722	  2	 13	 22	  0	371159	371159	371159	371159	371180	371180	371180	371180	371159	371159	371159	371159	371155	371155	371155	371155	371167	371167	371167	371167	??
ZZ	3298	69743	  2	 13	 22	  0	371185	371185	371185	371059	371059	371059	371059	371182	371182	371182	371182	371186	371186	371186	371186	371215	371215	371215	371215	371249	??
ZZ	3299	69764	  2	 13	 22	  0	371249	371249	371174	371174	371174	371174	371186	371186	371186	371186	371122	371122	371122	371122	371160	371160	371160	371160	371223	371223	??
ZZ	3300	69786	  1	 10	 34	  0	371223	371092	371092	371092	371092	371135	371135	371135	371135	371106	371106	371106	371106	371213	371213	371213	371213	371163	371163	371163	??
ZZ	3301	69807	  1	 10	 34	  0	371312	371312	371312	371312	371107	371107	371107	371107	371158	371158	371158	371158	371167	371167	371167	371167	371193	371193	371193	371193	??
ZZ	3302	69828	  1	 10	 34	  0	371106	371106	371106	371272	371272	371272	371272	371157	371157	371157	371157	371246	371246	371246	371246	371114	371114	371114	371114	371160	??
ZZ	3303	69849	  1	 10	 34	  0	371160	371160	371117	371117	371117	371117	371027	371027	371027	371027	371121	371121	371121	371121	371133	371133	371133	371133	371182	371182	??
ZZ	3304	69870	  1	 10	 34	  0	371182	371212	371212	371212	371212	371159	371159	371159	371159	371199	371199	371199	371199	371220	371220	371220	371220	371238	371238	371238	??
ZZ	3305	69891	  1	 10	 34	  0	371233	371233	371233	371233	371121	371121	371121	371121	371163	371163	371163	371163	371163	371163	371163	371163	371212	371212	371212	371212	??
ZZ	3306	69912	  1	 10	 34	  0	371194	371194	371194	371204	371204	371204	371204	371272	371272	371272	371272	371138	371138	371138	371138	371198	371198	371198	371198	371133	??
ZZ	3307	69934	  1	 10	 34	  0	371133	371133	371121	371121	371121	371121	371095	371095	371095	371095	371232	371232	371232	371232	371178	371178	371178	371178	371140	371140	??
ZZ	3308	69955	  1	 10	 34	  0	371140	371124	371124	371124	371124	371269	371269	371269	371269	371257	371257	371257	371257	371283	371283	371283	371283	371220	371220	371220	??
ZZ	3309	69976	  1	 10	 34	  0	371162	371162	371162	371162	371185	371185	371185	371185	371114	371114	371114	371114	371152	371152	371152	371152	371191	371191	371191	371191	??
ZZ	3310	69997	  1	 11	 32	  0	371073	371073	371073	371231	371231	371231	371231	371137	371137	371137	371137	371178	371178	371178	371178	371113	371113	371113	371113	371189	??
ZZ	3311	70018	  1	 11	 32	  0	371189	371189	371293	371293	371293	371293	371130	371130	371130	371130	371218	371218	371218	371218	371088	371088	371088	371088	371129	371129	??
ZZ	3312	70039	  1	 11	 32	  0	371129	371313	371313	371313	371313	371197	371197	371197	371197	371171	371171	371171	371171	371246	371246	371246	371246	371163	371163	371163	??
ZZ	3313	70061	  1	 11	 32	  0	371238	371238	371238	371238	371140	371140	371140	371140	371201	371201	371201	371201	371141	371141	371141	371141	371187	371187	371187	371187	??
ZZ	3314	70082	  1	 11	 32	  0	371265	371265	371265	371054	371054	371054	371054	371158	371158	371158	371158	371132	371132	371132	371132	371265	371265	371265	371265	371128	??
ZZ	3315	70103	  1	 11	 32	  0	371128	371128	371192	371192	371192	371192	371228	371228	371228	371228	371168	371168	371168	371168	371197	371197	371197	371197	371134	371134	??
ZZ	3316	70124	  1	 11	 32	  0	371134	371209	371209	371209	371209	371110	371110	371110	371110	371119	371119	371119	371119	371122	371122	371122	371122	371227	371227	371227	??
ZZ	3317	70145	  1	 11	 32	  0	371137	371137	371137	371137	371204	371204	371204	371204	371088	371088	371088	371088	371129	371129	371129	371129	371170	371170	371170	371170	??
ZZ	3318	70166	  1	 11	 32	  0	371149	371149	371149	371255	371255	371255	371255	371088	371088	371088	371088	371206	371206	371206	371206	371247	371247	371247	371247	371103	??
ZZ	3319	70187	  1	 11	 32	  0	371103	371103	371144	371144	371144	371144	371167	371167	371167	371167	371182	371182	371182	371182	371170	371170	371170	371170	371216	371216	??
ZZ	3320	70208	  1	  9	 42	  0	371216	371174	371174	371174	371174	371178	371178	371178	371178	371228	371228	371228	371228	371174	371174	371174	371174	371121	371121	371121	??
ZZ	3321	70230	  1	  9	 42	  0	371276	371276	371276	371276	371159	371159	371159	371159	371175	371175	371175	371175	371197	371197	371197	371197	371138	371138	371138	371138	??
ZZ	3322	70251	  1	  9	 42	  0	371271	371271	371271	371184	371184	371184	371184	371148	371148	371148	371148	371253	371253	371253	371253	371107	371107	371107	371107	371139	??
ZZ	3323	70272	  1	  9	 42	  0	371139	371139	371020	371020	371020	371020	371152	371152	371152	371152	371167	371167	371167	371167	371192	371192	371192	371192	371185	371185	??
ZZ	3324	70293	  1	  9	 42	  0	371185	371239	371239	371239	371239	371189	371189	371189	371189	371193	371193	371193	371193	371163	371163	371163	371163	371151	371151	371151	??
ZZ	3325	70314	  1	  9	 42	  0	371344	371344	371344	371344	371163	371163	371163	371163	371262	371262	371262	371262	371137	371137	371137	371137	371162	371162	371162	371162	??
ZZ	3326	70336	  1	  9	 42	  0	371009	371009	371009	371221	371221	371221	371221	371107	371107	371107	371107	371230	371230	371230	371230	371103	371103	371103	371103	371152	??
ZZ	3327	70357	  1	  9	 42	  0	371152	371152	371298	371298	371298	371298	371219	371219	371219	371219	371191	371191	371191	371191	371204	371204	371204	371204	371207	371207	??
ZZ	3328	70378	  1	  9	 42	  0	371207	371223	371223	371223	371223	371231	371231	371231	371231	371226	371226	371226	371226	371238	371238	371238	371238	371223	371223	371223	??
ZZ	3329	70399	  1	  9	 42	  0	371219	371219	371219	371219	371171	371171	371171	371171	371114	371114	371114	371114	371176	371176	371176	371176	371152	371152	371152	371152	??
ZZ	3330	70420	  1	  9	 42	  0	371116	371116	371116	371295	371295	371295	371295	371268	371268	371268	371268	371206	371206	371206	371206	371080	371080	371080	371080	371212	??
ZZ	3331	70441	  1	  9	 42	  0	371212	371212	371153	371153	371153	371153	371240	371240	371240	371240	371152	371152	371152	371152	371189	371189	371189	371189	371152	371152	??
ZZ	3332	70462	  1	  9	 31	  0	371152	371209	371209	371209	371209	371204	371204	371204	371204	371235	371235	371235	371235	371215	371215	371215	371215	371140	371140	371140	??
ZZ	3333	70483	  1	  9	 31	  0	371099	371099	371099	371099	371159	371159	371159	371159	371118	371118	371118	371118	371167	371167	371167	371167	371143	371143	371143	371143	??
ZZ	3334	70505	  1	  9	 31	  0	371091	371091	371091	371176	371176	371176	371176	371163	371163	371163	371163	371155	371155	371155	371155	371158	371158	371158	371158	371155	??
ZZ	3335	70526	  1	  9	 31	  0	371155	371155	371178	371178	371178	371178	371187	371187	371187	371187	371286	371286	371286	371286	371243	371243	371243	371243	371114	371114	??
ZZ	3336	70547	  1	  9	 31	  0	371114	371248	371248	371248	371248	371169	371169	371169	371169	371125	371125	371125	371125	371246	371246	371246	371246	371190	371190	371190	??
ZZ	3337	70568	  1	  9	 31	  0	371216	371216	371216	371216	371080	371080	371080	371080	371126	371126	371126	371126	371174	371174	371174	371174	371199	371199	371199	371199	??
ZZ	3338	70589	  1	  9	 31	  0	371231	371231	371231	371145	371145	371145	371145	371096	371096	371096	371096	371229	371229	371229	371229	371114	371114	371114	371114	371203	??
ZZ	3339	70610	  1	  9	 31	  0	371203	371203	371189	371189	371189	371189	371103	371103	371103	371103	371214	371214	371214	371214	371137	371137	371137	371137	371237	371237	??
ZZ	3340	70632	  0	  8	 26	  0	371237	371242	371242	371242	371242	371069	371069	371069	371069	371172	371172	371172	371172	371125	371125	371125	371125	371160	371160	371160	??
ZZ	3341	70653	  0	  8	 26	  0	371178	371178	371178	371178	371175	371175	371175	371175	371219	371219	371219	371219	371190	371190	371190	371190	371257	371257	371257	371257	??
ZZ	3342	70674	  0	  8	 26	  0	371157	371157	371157	371204	371204	371204	371204	371042	371042	371042	371042	371109	371109	371109	371109	371121	371121	371121	371121	371126	??
ZZ	3343	70695	  0	  8	 26	  0	371126	371126	371152	371152	371152	371152	371182	371182	371182	371182	371144	371144	371144	371144	371209	371209	371209	371209	371088	371088	??
ZZ	3344	70716	  0	  8	 26	  0	371088	371162	371162	371162	371162	371204	371204	371204	371204	371235	371235	371235	371235	371201	371201	371201	371201	371178	371178	371178	??
ZZ	3345	70737	  0	  8	 26	  0	371126	371126	371126	371126	371179	371179	371179	371179	371080	371080	371080	371080	371170	371170	371170	371170	371157	371157	371157	371157	??
ZZ	3346	70759	  0	  8	 26	  0	371297	371297	371297	371207	371207	371207	371207	371106	371106	371106	371106	371231	371231	371231	371231	371175	371175	371175	371175	371129	??
ZZ	3347	70780	  0	  8	 26	  0	371129	371129	371290	371290	371290	371290	371204	371204	371204	371204	371238	371238	371238	371238	371176	371176	371176	371176	371197	371197	??
ZZ	3348	70801	  0	  8	 26	  0	371197	371144	371144	371144	371144	371162	371162	371162	371162	371228	371228	371228	371228	371009	371009	371009	371009	371144	371144	371144	??
ZZ	3349	70822	  0	  8	 26	  0	371201	371201	371201	371201	371099	371099	371099	371099	371199	371199	371199	371199	371291	371291	371291	371291	371235	371235	371235	371235	??
ZZ	3350	70843	  0	  7	 19	  0	371249	371249	371249	371201	371201	371201	371201	371164	371164	371164	371164	371204	371204	371204	371204	371249	371249	371249	371249	371237	??
ZZ	3351	70864	  0	  7	 19	  0	371237	371237	371182	371182	371182	371182	371204	371204	371204	371204	371190	371190	371190	371190	371174	371174	371174	371174	371170	371170	??
ZZ	3352	70885	  0	  7	 19	  0	371170	371140	371140	371140	371140	371103	371103	371103	371103	371130	371130	371130	371130	371231	371231	371231	371231	371185	371185	371185	??
ZZ	3353	70907	  0	  7	 19	  0	371184	371184	371184	371184	371208	371208	371208	371208	371194	371194	371194	371194	371212	371212	371212	371212	371129	371129	371129	371129	??
ZZ	3354	70928	  0	  7	 19	  0	371139	371139	371139	371320	371320	371320	371320	371182	371182	371182	371182	371260	371260	371260	371260	371159	371159	371159	371159	371114	??
ZZ	3355	70949	  0	  7	 19	  0	371114	371114	371183	371183	371183	371183	371065	371065	371065	371065	371272	371272	371272	371272	371183	371183	371183	371183	371155	371155	??
ZZ	3356	70970	  0	  7	 19	  0	371155	371162	371162	371162	371162	371084	371084	371084	371084	371194	371194	371194	371194	371173	371173	371173	371173	371129	371129	371129	??
ZZ	3357	70991	  0	  7	 19	  0	371141	371141	371141	371141	371121	371121	371121	371121	371159	371159	371159	371159	371131	371131	371131	371131	371098	371098	371098	371098	??
ZZ	3358	71012	  0	  7	 19	  0	371216	371216	371216	371162	371162	371162	371162	371163	371163	371163	371163	371185	371185	371185	371185	371161	371161	371161	371161	371103	??
ZZ	3359	71034	  0	  7	 19	  0	371103	371103	371072	371072	371072	371072	371163	371163	371163	371163	371182	371182	371182	371182	371249	371249	371249	371249	371179	371179	??
ZZ	3360	71055	  0	  5	 25	  0	371179	371201	371201	371201	371201	371178	371178	371178	371178	371174	371174	371174	371174	371125	371125	371125	371125	371110	371110	371110	??
ZZ	3361	71076	  0	  5	 25	  0	371065	371065	371065	371065	371232	371232	371232	371232	371157	371157	371157	371157	371238	371238	371238	371238	371275	371275	371275	371275	??
ZZ	3362	71097	  0	  5	 25	  0	371054	371054	371054	371272	371272	371272	371272	371140	371140	371140	371140	371092	371092	371092	371092	371039	371039	371039	371039	371114	??
ZZ	3363	71118	  0	  5	 25	  0	371114	371114	371252	371252	371252	371252	371035	371035	371035	371035	371139	371139	371139	371139	371031	371031	371031	371031	371072	371072	??
ZZ	3364	71139	  0	  5	 25	  0	371072	371208	371208	371208	371208	371283	371283	371283	371283	371155	371155	371155	371155	371088	371088	371088	371088	371167	371167	371167	??
ZZ	3365	71160	  0	  5	 25	  0	371131	371131	371131	371131	371137	371137	371137	371137	371182	371182	371182	371182	371133	371133	371133	371133	371118	371118	371118	371118	??
ZZ	3366	71181	  0	  5	 25	  0	371167	371167	371167	371162	371162	371162	371162	371254	371254	371254	371254	371209	371209	371209	371209	371272	371272	371272	371272	371095	??
ZZ	3367	71203	  0	  5	 25	  0	371095	371095	371144	371144	371144	371144	371140	371140	371140	371140	371069	371069	371069	371069	371126	371126	371126	371126	371219	371219	??
ZZ	3368	71224	  0	  5	 25	  0	371219	371123	371123	371123	371123	371262	371262	371262	371262	371110	371110	371110	371110	371167	371167	371167	371167	371213	371213	371213	??
ZZ	3369	71245	  0	  5	 25	  0	371226	371226	371226	371226	371179	371179	371179	371179	371170	371170	371170	371170	371114	371114	371114	371114	371157	371157	371157	371157	??
ZZ	3370	71266	  1	  2	 38	  0	371169	371169	371169	371182	371182	371182	371182	371125	371125	371125	371125	371163	371163	371163	371163	371137	371137	371137	371137	371129	??
ZZ	3371	71287	  1	  2	 38	  0	371129	371129	371242	371242	371242	371242	371173	371173	371173	371173	371254	371254	371254	371254	371214	371214	371214	371214	371076	371076	??
ZZ	3372	71308	  1	  2	 38	  0	371076	371255	371255	371255	371255	371203	371203	371203	371203	371151	371151	371151	371151	371125	371125	371125	371125	371135	371135	371135	??
ZZ	3373	71330	  1	  2	 38	  0	371185	371185	371185	371185	371140	371140	371140	371140	371170	371170	371170	371170	371167	371167	371167	371167	371192	371192	371192	371192	??
ZZ	3374	71351	  1	  2	 38	  0	371106	371106	371106	371012	371012	371012	371012	371111	371111	371111	371111	371129	371129	371129	371129	371212	371212	371212	371212	371202	??
ZZ	3375	71372	  1	  2	 38	  0	371202	371202	371076	371076	371076	371076	371224	371224	371224	371224	371141	371141	371141	371141	371197	371197	371197	371197	371132	371132	??
ZZ	3376	71393	  1	  2	 38	  0	371132	371039	371039	371039	371039	371234	371234	371234	371234	371161	371161	371161	371161	371137	371137	371137	371137	371238	371238	371238	??
ZZ	3377	71414	  1	  2	 38	  0	371193	371193	371193	371193	371223	371223	371223	371223	371223	371223	371223	371223	371162	371162	371162	371162	371170	371170	371170	371170	??
ZZ	3378	71435	  1	  2	 38	  0	371191	371191	371191	371103	371103	371103	371103	371257	371257	371257	371257	371171	371171	371171	371171	371137	371137	371137	371137	371103	??
ZZ	3379	71456	  1	  2	 38	  0	371103	371103	371157	371157	371157	371157	371182	371182	371182	371182	371145	371145	371145	371145	371167	371167	371167	371167	371276	371276	??
ZZ	3380	71478	  1	  3	 30	  0	371276	371167	371167	371167	371167	371088	371088	371088	371088	371194	371194	371194	371194	371151	371151	371151	371151	371106	371106	371106	??
ZZ	3381	71499	  1	  3	 30	  0	371208	371208	371208	371208	371158	371158	371158	371158	371152	371152	371152	371152	371295	371295	371295	371295	371209	371209	371209	371209	??
ZZ	3382	71520	  1	  3	 30	  0	371179	371179	371179	371193	371193	371193	371193	371182	371182	371182	371182	371133	371133	371133	371133	371154	371154	371154	371154	371224	??
ZZ	3383	71541	  1	  3	 30	  0	371224	371224	371058	371058	371058	371058	371122	371122	371122	371122	371189	371189	371189	371189	371201	371201	371201	371201	371182	371182	??
ZZ	3384	71562	  1	  3	 30	  0	371182	371174	371174	371174	371174	371186	371186	371186	371186	371208	371208	371208	371208	371201	371201	371201	371201	371225	371225	371225	??
ZZ	3385	71583	  1	  3	 30	  0	371207	371207	371207	371207	371175	371175	371175	371175	371222	371222	371222	371222	371242	371242	371242	371242	371256	371256	371256	371256	??
ZZ	3386	71605	  1	  3	 30	  0	371144	371144	371144	371222	371222	371222	371222	371228	371228	371228	371228	371133	371133	371133	371133	371216	371216	371216	371216	371174	??
ZZ	3387	71626	  1	  3	 30	  0	371174	371174	371167	371167	371167	371167	371148	371148	371148	371148	371182	371182	371182	371182	371159	371159	371159	371159	371174	371174	??
ZZ	3388	71647	  1	  3	 30	  0	371174	371189	371189	371189	371189	371163	371163	371163	371163	371139	371139	371139	371139	371344	371344	371344	371344	371232	371232	371232	??
ZZ	3389	71668	  1	  3	 30	  0	371225	371225	371225	371225	371095	371095	371095	371095	371167	371167	371167	371167	371152	371152	371152	371152	371114	371114	371114	371114	??
ZZ	3390	71689	  1	  3	 30	  0	371171	371171	371171	371080	371080	371080	371080	371084	371084	371084	371084	371173	371173	371173	371173	371189	371189	371189	371189	371163	??
ZZ	3391	71710	  1	  3	 30	  0	371163	371163	371168	371168	371168	371168	371262	371262	371262	371262	371167	371167	371167	371167	371184	371184	371184	371184	371249	371249	??
ZZ	3392	71731	  1	  3	 30	  0	371249	371170	371170	371170	371170	371031	371031	371031	371031	371148	371148	371148	371148	371110	371110	371110	371110	371137	371137	371137	??
ZZ	3393	71753	  1	  4	 21	  0	371211	371211	371211	371211	371160	371160	371160	371160	371133	371133	371133	371133	371159	371159	371159	371159	371179	371179	371179	371179	??
ZZ	3394	71774	  1	  4	 21	  0	371232	371232	371232	371209	371209	371209	371209	371178	371178	371178	371178	371061	371061	371061	371061	371174	371174	371174	371174	371103	??
ZZ	3395	71795	  1	  4	 21	  0	371103	371103	371204	371204	371204	371204	371183	371183	371183	371183	371190	371190	371190	371190	371157	371157	371157	371157	371118	371118	??
ZZ	3396	71816	  1	  4	 21	  0	371118	371282	371282	371282	371282	371209	371209	371209	371209	371170	371170	371170	371170	371114	371114	371114	371114	371095	371095	371095	??
ZZ	3397	71837	  1	  4	 21	  0	371208	371208	371208	371208	371148	371148	371148	371148	371136	371136	371136	371136	371170	371170	371170	371170	371194	371194	371194	371194	??
ZZ	3398	71858	  1	  4	 21	  0	371232	371232	371232	371256	371256	371256	371256	371188	371188	371188	371188	371174	371174	371174	371174	371212	371212	371212	371212	371209	??
ZZ	3399	71880	  1	  4	 21	  0	371209	371209	371218	371218	371218	371218	371137	371137	371137	371137	371145	371145	371145	371145	371107	371107	371107	371107	371212	371212	??
ZZ	3400	71901	  1	  6	 27	  0	371212	371201	371201	371201	371201	371170	371170	371170	371170	371217	371217	371217	371217	371198	371198	371198	371198	371253	371253	371253	??
ZZ	3401	71922	  1	  6	 27	  0	371189	371189	371189	371189	371190	371190	371190	371190	371152	371152	371152	371152	371150	371150	371150	371150	371159	371159	371159	371159	??
ZZ	3402	71943	  1	  6	 27	  0	371191	371191	371191	371231	371231	371231	371231	371141	371141	371141	371141	371173	371173	371173	371173	371238	371238	371238	371238	371268	??
ZZ	3403	71964	  1	  6	 27	  0	371268	371268	371200	371200	371200	371200	371182	371182	371182	371182	371106	371106	371106	371106	371132	371132	371132	371132	371253	371253	??
ZZ	3404	71985	  1	  6	 27	  0	371253	371188	371188	371188	371188	371227	371227	371227	371227	371121	371121	371121	371121	371165	371165	371165	371165	371088	371088	371088	??
ZZ	3405	72006	  1	  6	 27	  0	371167	371167	371167	371167	371122	371122	371122	371122	371114	371114	371114	371114	371219	371219	371219	371219	371132	371132	371132	371132	??
ZZ	3406	72028	  1	  6	 27	  0	371215	371215	371215	371234	371234	371234	371234	371189	371189	371189	371189	371179	371179	371179	371179	371124	371124	371124	371124	371295	??
ZZ	3407	72049	  1	  6	 27	  0	371295	371295	371167	371167	371167	371167	371151	371151	371151	371151	371118	371118	371118	371118	371125	371125	371125	371125	371265	371265	??
ZZ	3408	72070	  1	  6	 27	  0	371265	371162	371162	371162	371162	371167	371167	371167	371167	371238	371238	371238	371238	371205	371205	371205	371205	371191	371191	371191	??
ZZ	3409	72091	  1	  6	 27	  0	371106	371106	371106	371106	371065	371065	371065	371065	371187	371187	371187	371187	371046	371046	371046	371046	371179	371179	371179	371179	??
ZZ	3410	72112	  3	  9	 41	  0	371198	371198	371198	371031	371031	371031	371031	371133	371133	371133	371133	371148	371148	371148	371148	371152	371152	371152	371152	371131	??
ZZ	3411	72133	  3	  9	 41	  0	371131	371131	371203	371203	371203	371203	371266	371266	371266	371266	371174	371174	371174	371174	371179	371179	371179	371179	371173	371173	??
ZZ	3412	72154	  3	  9	 41	  0	371173	371231	371231	371231	371231	371125	371125	371125	371125	371195	371195	371195	371195	371285	371285	371285	371285	371204	371204	371204	??
ZZ	3413	72176	  3	  9	 41	  0	371247	371247	371247	371247	371234	371234	371234	371234	371073	371073	371073	371073	371169	371169	371169	371169	371121	371121	371121	371121	??
ZZ	3414	72197	  3	  9	 41	  0	371186	371186	371186	371185	371185	371185	371185	371159	371159	371159	371159	371188	371188	371188	371188	371145	371145	371145	371145	371185	??
ZZ	3415	72218	  3	  9	 41	  0	371185	371185	371169	371169	371169	371169	371005	371005	371005	371005	371262	371262	371262	371262	371148	371148	371148	371148	371058	371058	??
ZZ	3416	72239	  3	  9	 41	  0	371058	371128	371128	371128	371128	371114	371114	371114	371114	371242	371242	371242	371242	371168	371168	371168	371168	371292	371292	371292	??
ZZ	3417	72260	  3	  9	 41	  0	371175	371175	371175	371175	371203	371203	371203	371203	371259	371259	371259	371259	371140	371140	371140	371140	371187	371187	371187	371187	??
ZZ	3418	72281	  3	  9	 41	  0	371238	371238	371238	371153	371153	371153	371153	371186	371186	371186	371186	371125	371125	371125	371125	371182	371182	371182	371182	371298	??
ZZ	3419	72303	  3	  9	 41	  0	371298	371298	371065	371065	371065	371065	371185	371185	371185	371185	371020	371020	371020	371020	371126	371126	371126	371126	371245	371245	??
ZZ	3420	72324	  0	  0	  0	  0	371245	371080	371080	371080	371080	371149	371149	371149	371149	371158	371158	371158	371158	371216	371216	371216	371216	371178	371178	371178	??
ZZ	3421	72345	  0	  0	  0	  0	371223	371223	371223	371223	371216	371216	371216	371216	371164	371164	371164	371164	371291	371291	371291	371291	371139	371139	371139	371139	??
ZZ	3422	72366	  0	  0	  0	  0	371170	371170	371170	371246	371246	371246	371246	371173	371173	371173	371173	371114	371114	371114	371114	371106	371106	371106	371106	371120	??
ZZ	3423	72387	  0	  0	  0	  0	371120	371120	371223	371223	371223	371223	371110	371110	371110	371110	371171	371171	371171	371171	371268	371268	371268	371268	371193	371193	??
ZZ	3424	72408	  0	  0	  0	  0	371193	371129	371129	371129	371129	371084	371084	371084	371084	371178	371178	371178	371178	371272	371272	371272	371272	371103	371103	371103	??
ZZ	3425	72429	  0	  0	  0	  0	371224	371224	371224	371224	371268	371268	371268	371268	371231	371231	371231	371231	371197	371197	371197	371197	371152	371152	371152	371152	??
ZZ	3426	72450	  0	  0	  0	  0	371115	371115	371115	371196	371196	371196	371196	371194	371194	371194	371194	371193	371193	371193	371193	371012	371012	371012	371012	371175	??
ZZ	3427	72472	  0	  0	  0	  0	371175	371175	371158	371158	371158	371158	371213	371213	371213	371213	371204	371204	371204	371204	371186	371186	371186	371186	371050	371050	??
ZZ	3428	72493	  0	  0	  0	  0	371050	371086	371086	371086	371086	371185	371185	371185	371185	371182	371182	371182	371182	371194	371194	371194	371194	371283	371283	371283	??
ZZ	3429	72514	  0	  0	  0	  0	371234	371234	371234	371234	371216	371216	371216	371216	371118	371118	371118	371118	371118	371118	371118	371118	371142	371142	371142	371142	??
ZZ	3430	72535	  0	  0	  0	  0	371058	371058	371058	371183	371183	371183	371183	371133	371133	371133	371133	371163	371163	371163	371163	371105	371105	371105	371105	371054	??
ZZ	3431	72556	  0	  0	  0	  0	371054	371054	371196	371196	371196	371196	371124	371124	371124	371124	371148	371148	371148	371148	371176	371176	371176	371176	371235	371235	??
ZZ	3432	72577	  0	  0	  0	  0	371235	371162	371162	371162	371162	371149	371149	371149	371149	371167	371167	371167	371167	371061	371061	371061	371061	371153	371153	371153	??
ZZ	3433	72599	  0	  0	  0	  0	371208	371208	371208	371208	371155	371155	371155	371155	371150	371150	371150	371150	371208	371208	371208	371208	371131	371131	371131	371131	??
ZZ	3434	72620	  0	  0	  0	  0	371219	371219	371219	371144	371144	371144	371144	371176	371176	371176	371176	371129	371129	371129	371129	371257	371257	371257	371257	371183	??
ZZ	3435	72641	  0	  0	  0	  0	371183	371183	371246	371246	371246	371246	371219	371219	371219	371219	371169	371169	371169	371169	371144	371144	371144	371144	371162	371162	??
ZZ	3436	72662	  0	  0	  0	  0	371162	371227	371227	371227	371227	371197	371197	371197	371197	371202	371202	371202	371202	371073	371073	371073	371073	371340	371340	371340	??
ZZ	3437	72683	  0	  0	  0	  0	371177	371177	371177	371177	371205	371205	371205	371205	371227	371227	371227	371227	371186	371186	371186	371186	371137	371137	371137	371137	??
ZZ	3438	72704	  0	  0	  0	  0	371118	371118	371118	371226	371226	371226	371226	371110	371110	371110	371110	371140	371140	371140	371140	371190	371190	371190	371190	371091	??
ZZ	3439	72725	  0	  0	  0	  0	371091	371091	371173	371173	371173	371173	371261	371261	371261	371261	371110	371110	371110	371110	371188	371188	371188	371188	371306	371306	??
ZZ	3440	72747	  0	  0	  0	  0	371306	371218	371218	371218	371218	371219	371219	371219	371219	371216	371216	371216	371216	371192	371192	371192	371192	371224	371224	371224	??
ZZ	3441	72768	  0	  0	  0	  0	371218	371218	371218	371218	371193	371193	371193	371193	371219	371219	371219	371219	371145	371145	371145	371145	371161	371161	371161	371161	??
ZZ	3442	72789	  0	  0	  0	  0	371185	371185	371185	371159	371159	371159	371159	371231	371231	371231	371231	371216	371216	371216	371216	371246	371246	371246	371246	371020	??
ZZ	3443	72810	  0	  0	  0	  0	371020	371020	371211	371211	371211	371211	371144	371144	371144	371144	371155	371155	371155	371155	371137	371137	371137	371137	371345	371345	??
ZZ	3444	72831	  0	  0	  0	  0	371345	371260	371260	371260	371260	371275	371275	371275	371275	371118	371118	371118	371118	371118	371118	371118	371118	371125	371125	371125	??
ZZ	3445	72852	  0	  0	  0	  0	371133	371133	371133	371133	371193	371193	371193	371193	371187	371187	371187	371187	371265	371265	371265	371265	371201	371201	371201	371201	??
ZZ	3446	72874	  0	  0	  0	  0	371182	371182	371182	371228	371228	371228	371228	371172	371172	371172	371172	371184	371184	371184	371184	371276	371276	371276	371276	371177	??
ZZ	3447	72895	  0	  0	  0	  0	371177	371177	371216	371216	371216	371216	371178	371178	371178	371178	371140	371140	371140	371140	371163	371163	371163	371163	371132	371132	??
ZZ	3448	72916	  0	  0	  0	  0	371132	371129	371129	371129	371129	371178	371178	371178	371178	371190	371190	371190	371190	371201	371201	371201	371201	371155	371155	371155	??
ZZ	3449	72937	  0	  0	  0	  0	371198	371198	371198	371198	371208	371208	371208	371208	371118	371118	371118	371118	371155	371155	371155	371155	371209	371209	371209	371209	??
ZZ	3450	72958	  2	  3	  7	  0	371163	371163	371163	371185	371185	371185	371185	371159	371159	371159	371159	371119	371119	371119	371119	371252	371252	371252	371252	371194	??
ZZ	3451	72979	  2	  3	  7	  0	371194	371194	371183	371183	371183	371183	371159	371159	371159	371159	371249	371249	371249	371249	371171	371171	371171	371171	371273	371273	??
ZZ	3452	73000	  2	  3	  7	  0	371273	371210	371210	371210	371210	371076	371076	371076	371076	371216	371216	371216	371216	371164	371164	371164	371164	371238	371238	371238	??
ZZ	3453	73021	  2	  3	  7	  0	371129	371129	371129	371129	371131	371131	371131	371131	371137	371137	371137	371137	371110	371110	371110	371110	371180	371180	371180	371180	??
ZZ	3454	73043	  2	  3	  7	  0	371163	371163	371163	371113	371113	371113	371113	371054	371054	371054	371054	371129	371129	371129	371129	371134	371134	371134	371134	371254	??
ZZ	3455	73064	  2	  3	  7	  0	371254	371254	371222	371222	371222	371222	371194	371194	371194	371194	371159	371159	371159	371159	371182	371182	371182	371182	371200	371200	??
ZZ	3456	73085	  2	  3	  7	  0	371200	371193	371193	371193	371193	371174	371174	371174	371174	371163	371163	371163	371163	371247	371247	371247	371247	371133	371133	371133	??
ZZ	3457	73106	  2	  3	  7	  0	371170	371170	371170	371170	371099	371099	371099	371099	371109	371109	371109	371109	371276	371276	371276	371276	371175	371175	371175	371175	??
ZZ	3458	73127	  2	  3	  7	  0	371232	371232	371232	371192	371192	371192	371192	371202	371202	371202	371202	371227	371227	371227	371227	371231	371231	371231	371231	371228	??
ZZ	3459	73148	  2	  3	  7	  0	371228	371228	371170	371170	371170	371170	371065	371065	371065	371065	371139	371139	371139	371139	371234	371234	371234	371234	371129	371129	??
ZZ	3460	73170	  1	  5	 12	  0	371129	371181	371181	371181	371181	371249	371249	371249	371249	371186	371186	371186	371186	371163	371163	371163	371163	371076	371076	371076	??
ZZ	3461	73191	  1	  5	 12	  0	371132	371132	371132	371132	371189	371189	371189	371189	371232	371232	371232	371232	371195	371195	371195	371195	371272	371272	371272	371272	??
ZZ	3462	73212	  1	  5	 12	  0	371214	371214	371214	371114	371114	371114	371114	371201	371201	371201	371201	371138	371138	371138	371138	371058	371058	371058	371058	371242	??
ZZ	3463	73233	  1	  5	 12	  0	371242	371242	371192	371192	371192	371192	371189	371189	371189	371189	371088	371088	371088	371088	371172	371172	371172	371172	371039	371039	??
ZZ	3464	73254	  1	  5	 12	  0	371039	371126	371126	371126	371126	371182	371182	371182	371182	371039	371039	371039	371039	371141	371141	371141	371141	371253	371253	371253	??
ZZ	3465	73275	  1	  5	 12	  0	371248	371248	371248	371248	371221	371221	371221	371221	371194	371194	371194	371194	371238	371238	371238	371238	371206	371206	371206	371206	??
ZZ	3466	73296	  1	  5	 12	  0	371203	371203	371203	371147	371147	371147	371147	371035	371035	371035	371035	371080	371080	371080	371080	371085	371085	371085	371085	371144	??
ZZ	3467	73318	  1	  5	 12	  0	371144	371144	371099	371099	371099	371099	371136	371136	371136	371136	371224	371224	371224	371224	371183	371183	371183	371183	371178	371178	??
ZZ	3468	73339	  1	  5	 12	  0	371178	371217	371217	371217	371217	371139	371139	371139	371139	371099	371099	371099	371099	371118	371118	371118	371118	371141	371141	371141	??
ZZ	3469	73360	  1	  5	 12	  0	371144	371144	371144	371144	371182	371182	371182	371182	371129	371129	371129	371129	371148	371148	371148	371148	371177	371177	371177	371177	??
ZZ	3470	73381	  0	  9	 26	  0	371298	371298	371298	371219	371219	371219	371219	371255	371255	371255	371255	371277	371277	371277	371277	371163	371163	371163	371163	371244	??
ZZ	3471	73402	  0	  9	 26	  0	371244	371244	371220	371220	371220	371220	371152	371152	371152	371152	371195	371195	371195	371195	371257	371257	371257	371257	371250	371250	??
ZZ	3472	73423	  0	  9	 26	  0	371250	371013	371013	371013	371013	371220	371220	371220	371220	371156	371156	371156	371156	371175	371175	371175	371175	371212	371212	371212	??
ZZ	3473	73445	  0	  9	 26	  0	371146	371146	371146	371146	371209	371209	371209	371209	371069	371069	371069	371069	371139	371139	371139	371139	371189	371189	371189	371189	??
ZZ	3474	73466	  0	  9	 26	  0	371183	371183	371183	371238	371238	371238	371238	371103	371103	371103	371103	371182	371182	371182	371182	371261	371261	371261	371261	371205	??
ZZ	3475	73487	  0	  9	 26	  0	371205	371205	371246	371246	371246	371246	371216	371216	371216	371216	371144	371144	371144	371144	371218	371218	371218	371218	371133	371133	??
ZZ	3476	73508	  0	  9	 26	  0	371133	371190	371190	371190	371190	371039	371039	371039	371039	371148	371148	371148	371148	371088	371088	371088	371088	371118	371118	371118	??
ZZ	3477	73529	  0	  9	 26	  0	371214	371214	371214	371214	371161	371161	371161	371161	371243	371243	371243	371243	371103	371103	371103	371103	371140	371140	371140	371140	??
ZZ	3478	73550	  0	  9	 26	  0	371193	371193	371193	371205	371205	371205	371205	371159	371159	371159	371159	371212	371212	371212	371212	371196	371196	371196	371196	371069	??
ZZ	3479	73571	  0	  9	 26	  0	371069	371069	371008	371008	371008	371008	371112	371112	371112	371112	371163	371163	371163	371163	371145	371145	371145	371145	371212	371212	??
ZZ	3480	73593	  0	  9	 26	  0	371212	371238	371238	371238	371238	371154	371154	371154	371154	371167	371167	371167	371167	371129	371129	371129	371129	371172	371172	371172	??
ZZ	3481	73614	  0	  9	 26	  0	371039	371039	371039	371039	371167	371167	371167	371167	371158	371158	371158	371158	371141	371141	371141	371141	371165	371165	371165	371165	??
ZZ	3482	73635	  0	  9	 26	  0	371223	371223	371223	371192	371192	371192	371192	371185	371185	371185	371185	371197	371197	371197	371197	371170	371170	371170	371170	371144	??
ZZ	3483	73656	  0	  7	 15	  0	371144	371144	371181	371181	371181	371181	371170	371170	371170	371170	371115	371115	371115	371115	371197	371197	371197	371197	371141	371141	??
ZZ	3484	73677	  0	  7	 15	  0	371141	371215	371215	371215	371215	371292	371292	371292	371292	371192	371192	371192	371192	371179	371179	371179	371179	371125	371125	371125	??
ZZ	3485	73698	  0	  7	 15	  0	371168	371168	371168	371168	371106	371106	371106	371106	371159	371159	371159	371159	371148	371148	371148	371148	371204	371204	371204	371204	??
ZZ	3486	73719	  0	  7	 15	  0	371209	371209	371209	371009	371009	371009	371009	371118	371118	371118	371118	371127	371127	371127	371127	371163	371163	371163	371163	371234	??
ZZ	3487	73741	  0	  7	 15	  0	371234	371234	371164	371164	371164	371164	371095	371095	371095	371095	371204	371204	371204	371204	371120	371120	371120	371120	371099	371099	??
ZZ	3488	73762	  0	  7	 15	  0	371099	371114	371114	371114	371114	371190	371190	371190	371190	371159	371159	371159	371159	371178	371178	371178	371178	371213	371213	371213	??
ZZ	3489	73783	  0	  7	 15	  0	371080	371080	371080	371080	371186	371186	371186	371186	371185	371185	371185	371185	370982	370982	370982	370982	371126	371126	371126	371126	??
ZZ	3490	73804	  0	  6	 13	  0	371216	371216	371216	371187	371187	371187	371187	371179	371179	371179	371179	371265	371265	371265	371265	371199	371199	371199	371199	371219	??
ZZ	3491	73825	  0	  6	 13	  0	371219	371219	371145	371145	371145	371145	371133	371133	371133	371133	371084	371084	371084	371084	371046	371046	371046	371046	371086	371086	??
ZZ	3492	73846	  0	  6	 13	  0	371086	371229	371229	371229	371229	371196	371196	371196	371196	371137	371137	371137	371137	371144	371144	371144	371144	371178	371178	371178	??
ZZ	3493	73868	  0	  6	 13	  0	371193	371193	371193	371193	371125	371125	371125	371125	371168	371168	371168	371168	371216	371216	371216	371216	371152	371152	371152	371152	??
ZZ	3494	73889	  0	  6	 13	  0	371197	371197	371197	371218	371218	371218	371218	371207	371207	371207	371207	371065	371065	371065	371065	371122	371122	371122	371122	371142	??
ZZ	3495	73910	  0	  6	 13	  0	371142	371142	371091	371091	371091	371091	371178	371178	371178	371178	371115	371115	371115	371115	371144	371144	371144	371144	371090	371090	??
ZZ	3496	73931	  0	  6	 13	  0	371090	371114	371114	371114	371114	371205	371205	371205	371205	371172	371172	371172	371172	371114	371114	371114	371114	371232	371232	371232	??
ZZ	3497	73952	  0	  6	 13	  0	371198	371198	371198	371198	371186	371186	371186	371186	371193	371193	371193	371193	371172	371172	371172	371172	371159	371159	371159	371159	??
ZZ	3498	73973	  0	  6	 13	  0	371175	371175	371175	371317	371317	371317	371317	371058	371058	371058	371058	371169	371169	371169	371169	371223	371223	371223	371223	371140	??
ZZ	3499	73994	  0	  6	 13	  0	371140	371140	371229	371229	371229	371229	371276	371276	371276	371276	371144	371144	371144	371144	371212	371212	371212	371212	371133	371133	??
ZZ	3500	74016	  0	  3	 13	  0	371133	371206	371206	371206	371206	371219	371219	371219	371219	371155	371155	371155	371155	371189	371189	371189	371189	371252	371252	371252	??
ZZ	3501	74037	  0	  3	 13	  0	371134	371134	371134	371134	371197	371197	371197	371197	371159	371159	371159	371159	371110	371110	371110	371110	371154	371154	371154	371154	??
ZZ	3502	74058	  0	  3	 13	  0	371262	371262	371262	371179	371179	371179	371179	371213	371213	371213	371213	371125	371125	371125	371125	371167	371167	371167	371167	371246	??
ZZ	3503	74079	  0	  3	 13	  0	371246	371246	371296	371296	371296	371296	371243	371243	371243	371243	371184	371184	371184	371184	371054	371054	371054	371054	371157	371157	??
ZZ	3504	74100	  0	  3	 13	  0	371157	371194	371194	371194	371194	371188	371188	371188	371188	371223	371223	371223	371223	371277	371277	371277	371277	371187	371187	371187	??
ZZ	3505	74121	  0	  3	 13	  0	371114	371114	371114	371114	371039	371039	371039	371039	371134	371134	371134	371134	371175	371175	371175	371175	371233	371233	371233	371233	??
ZZ	3506	74142	  0	  3	 13	  0	371132	371132	371132	371181	371181	371181	371181	371201	371201	371201	371201	371039	371039	371039	371039	371223	371223	371223	371223	371163	??
ZZ	3507	74164	  0	  3	 13	  0	371163	371163	371103	371103	371103	371103	371227	371227	371227	371227	371167	371167	371167	371167	371272	371272	371272	371272	371128	371128	??
ZZ	3508	74185	  0	  3	 13	  0	371128	371073	371073	371073	371073	371118	371118	371118	371118	371107	371107	371107	371107	371219	371219	371219	371219	371065	371065	371065	??
ZZ	3509	74206	  0	  3	 13	  0	371162	371162	371162	371162	371239	371239	371239	371239	371249	371249	371249	371249	371217	371217	371217	371217	371257	371257	371257	371257	??
ZZ	3510	74227	  1	  6	 15	  0	371285	371285	371285	371144	371144	371144	371144	371103	371103	371103	371103	371180	371180	371180	371180	371091	371091	371091	371091	371197	??
ZZ	3511	74248	  1	  6	 15	  0	371197	371197	371143	371143	371143	371143	371084	371084	371084	371084	371205	371205	371205	371205	371164	371164	371164	371164	371148	371148	??
ZZ	3512	74269	  1	  6	 15	  0	371148	371169	371169	371169	371169	371186	371186	371186	371186	371084	371084	371084	371084	371193	371193	371193	371193	371118	371118	371118	??
ZZ	3513	74290	  1	  6	 15	  0	371016	371016	371016	371016	371152	371152	371152	371152	371189	371189	371189	371189	371159	371159	371159	371159	371183	371183	371183	371183	??
ZZ	3514	74311	  1	  6	 15	  0	371054	371054	371054	371083	371083	371083	371083	371227	371227	371227	371227	371103	371103	371103	371103	371135	371135	371135	371135	371152	??
ZZ	3515	74333	  1	  6	 15	  0	371152	371152	371172	371172	371172	371172	371216	371216	371216	371216	371140	371140	371140	371140	371155	371155	371155	371155	371141	371141	??
ZZ	3516	74354	  1	  6	 15	  0	371141	371221	371221	371221	371221	371171	371171	371171	371171	371190	371190	371190	371190	371201	371201	371201	371201	371184	371184	371184	??
ZZ	3517	74375	  1	  6	 15	  0	371201	371201	371201	371201	371242	371242	371242	371242	371174	371174	371174	371174	371144	371144	371144	371144	371135	371135	371135	371135	??
ZZ	3518	74396	  1	  6	 15	  0	371150	371150	371150	371307	371307	371307	371307	371133	371133	371133	371133	371165	371165	371165	371165	371005	371005	371005	371005	371177	??
ZZ	3519	74417	  1	  6	 15	  0	371177	371177	371133	371133	371133	371133	371118	371118	371118	371118	371158	371158	371158	371158	371213	371213	371213	371213	371170	371170	??
ZZ	3520	74439	  1	  8	 13	  0	371170	371234	371234	371234	371234	371080	371080	371080	371080	371130	371130	371130	371130	371163	371163	371163	371163	371182	371182	371182	??
ZZ	3521	74460	  1	  8	 13	  0	371181	371181	371181	371181	371281	371281	371281	371281	371231	371231	371231	371231	371208	371208	371208	371208	371107	371107	371107	371107	??
ZZ	3522	74481	  1	  8	 13	  0	371160	371160	371160	371156	371156	371156	371156	371152	371152	371152	371152	371119	371119	371119	371119	371147	371147	371147	371147	370986	??
ZZ	3523	74502	  1	  8	 13	  0	370986	370986	371028	371028	371028	371028	371163	371163	371163	371163	371125	371125	371125	371125	371153	371153	371153	371153	371103	371103	??
ZZ	3524	74523	  1	  8	 13	  0	371103	371208	371208	371208	371208	371232	371232	371232	371232	371148	371148	371148	371148	371223	371223	371223	371223	371140	371140	371140	??
ZZ	3525	74544	  1	  8	 13	  0	371216	371216	371216	371216	371182	371182	371182	371182	371213	371213	371213	371213	371193	371193	371193	371193	371213	371213	371213	371213	??
ZZ	3526	74565	  1	  8	 13	  0	371117	371117	371117	371214	371214	371214	371214	371190	371190	371190	371190	371231	371231	371231	371231	371157	371157	371157	371157	371292	??
ZZ	3527	74587	  1	  8	 13	  0	371292	371292	371308	371308	371308	371308	371202	371202	371202	371202	371159	371159	371159	371159	371126	371126	371126	371126	371157	371157	??
ZZ	3528	74608	  1	  8	 13	  0	371157	371191	371191	371191	371191	371168	371168	371168	371168	371155	371155	371155	371155	371189	371189	371189	371189	371181	371181	371181	??
ZZ	3529	74629	  1	  8	 13	  0	371216	371216	371216	371216	371249	371249	371249	371249	371202	371202	371202	371202	370979	370979	370979	370979	371091	371091	371091	371091	??
ZZ	3530	74650	  1	  8	 13	  0	371155	371155	371155	371347	371347	371347	371347	371226	371226	371226	371226	371209	371209	371209	371209	371321	371321	371321	371321	371244	??
ZZ	3531	74671	  1	  8	 13	  0	371244	371244	371031	371031	371031	371031	371185	371185	371185	371185	371156	371156	371156	371156	371031	371031	371031	371031	371147	371147	??
ZZ	3532	74692	  2	 12	 14	  0	371147	371106	371106	371106	371106	371187	371187	371187	371187	371152	371152	371152	371152	371201	371201	371201	371201	371091	371091	371091	??
ZZ	3533	74714	  2	 12	 14	  0	371114	371114	371114	371114	371159	371159	371159	371159	371261	371261	371261	371261	371188	371188	371188	371188	371208	371208	371208	371208	??
ZZ	3534	74735	  2	 12	 14	  0	371145	371145	371145	371200	371200	371200	371200	371129	371129	371129	371129	371181	371181	371181	371181	371224	371224	371224	371224	371050	??
ZZ	3535	74756	  2	 12	 14	  0	371050	371050	371123	371123	371123	371123	371185	371185	371185	371185	371194	371194	371194	371194	371167	371167	371167	371167	371088	371088	??
ZZ	3536	74777	  2	 12	 14	  0	371088	371181	371181	371181	371181	371148	371148	371148	371148	371212	371212	371212	371212	371198	371198	371198	371198	371141	371141	371141	??
ZZ	3537	74798	  2	 12	 14	  0	371262	371262	371262	371262	371197	371197	371197	371197	371242	371242	371242	371242	371223	371223	371223	371223	371211	371211	371211	371211	??
ZZ	3538	74819	  2	 12	 14	  0	371110	371110	371110	371132	371132	371132	371132	371178	371178	371178	371178	371190	371190	371190	371190	371166	371166	371166	371166	371219	??
ZZ	3539	74840	  2	 12	 14	  0	371219	371219	371236	371236	371236	371236	371223	371223	371223	371223	371129	371129	371129	371129	371197	371197	371197	371197	371181	371181	??
ZZ	3540	74861	  2	  9	 13	  0	371181	371191	371191	371191	371191	371184	371184	371184	371184	371155	371155	371155	371155	371163	371163	371163	371163	371167	371167	371167	??
ZZ	3541	74883	  2	  9	 13	  0	371313	371313	371313	371313	371249	371249	371249	371249	371180	371180	371180	371180	371065	371065	371065	371065	371142	371142	371142	371142	??
ZZ	3542	74904	  2	  9	 13	  0	371100	371100	371100	371118	371118	371118	371118	371139	371139	371139	371139	371177	371177	371177	371177	371242	371242	371242	371242	371127	??
ZZ	3543	74925	  2	  9	 13	  0	371127	371127	371253	371253	371253	371253	371106	371106	371106	371106	371198	371198	371198	371198	371246	371246	371246	371246	371176	371176	??
ZZ	3544	74946	  2	  9	 13	  0	371176	371196	371196	371196	371196	371065	371065	371065	371065	371141	371141	371141	371141	371201	371201	371201	371201	371208	371208	371208	??
ZZ	3545	74967	  2	  9	 13	  0	371166	371166	371166	371166	371182	371182	371182	371182	371227	371227	371227	371227	371201	371201	371201	371201	371197	371197	371197	371197	??
ZZ	3546	74988	  2	  9	 13	  0	371199	371199	371199	371181	371181	371181	371181	371118	371118	371118	371118	371146	371146	371146	371146	371106	371106	371106	371106	371107	??
ZZ	3547	75010	  2	  9	 13	  0	371107	371107	371102	371102	371102	371102	371276	371276	371276	371276	371238	371238	371238	371238	371174	371174	371174	371174	371167	371167	??
ZZ	3548	75031	  2	  9	 13	  0	371167	371095	371095	371095	371095	371179	371179	371179	371179	371125	371125	371125	371125	371120	371120	371120	371120	371133	371133	371133	??
ZZ	3549	75052	  2	  9	 13	  0	371106	371106	371106	371106	371161	371161	371161	371161	371182	371182	371182	371182	371095	371095	371095	371095	371165	371165	371165	371165	??
ZZ	3550	75073	  2	 11	 16	  0	371118	371118	371118	371200	371200	371200	371200	371232	371232	371232	371232	371012	371012	371012	371012	371150	371150	371150	371150	371174	??
ZZ	3551	75094	  2	 11	 16	  0	371174	371174	371202	371202	371202	371202	371182	371182	371182	371182	371148	371148	371148	371148	371185	371185	371185	371185	371172	371172	??
ZZ	3552	75115	  2	 11	 16	  0	371172	371227	371227	371227	371227	371215	371215	371215	371215	371194	371194	371194	371194	371076	371076	371076	371076	371101	371101	371101	??
ZZ	3553	75137	  2	 11	 16	  0	371218	371218	371218	371218	371155	371155	371155	371155	371198	371198	371198	371198	371174	371174	371174	371174	371171	371171	371171	371171	??
ZZ	3554	75158	  2	 11	 16	  0	371186	371186	371186	371125	371125	371125	371125	371189	371189	371189	371189	371234	371234	371234	371234	371170	371170	371170	371170	371166	??
ZZ	3555	75179	  2	 11	 16	  0	371166	371166	371221	371221	371221	371221	371133	371133	371133	371133	371200	371200	371200	371200	371080	371080	371080	371080	371130	371130	??
ZZ	3556	75200	  2	 11	 16	  0	371130	371204	371204	371204	371204	371216	371216	371216	371216	371186	371186	371186	371186	371216	371216	371216	371216	371167	371167	371167	??
ZZ	3557	75221	  2	 11	 16	  0	371162	371162	371162	371162	371201	371201	371201	371201	371193	371193	371193	371193	371121	371121	371121	371121	371306	371306	371306	371306	??
ZZ	3558	75242	  2	 11	 16	  0	371092	371092	371092	371234	371234	371234	371234	371246	371246	371246	371246	371196	371196	371196	371196	371170	371170	371170	371170	371227	??
ZZ	3559	75263	  2	 11	 16	  0	371227	371227	371207	371207	371207	371207	371178	371178	371178	371178	371198	371198	371198	371198	371240	371240	371240	371240	371174	371174	??
ZZ	3560	75284	  1	 12	 14	  0	371174	371193	371193	371193	371193	371103	371103	371103	371103	371110	371110	371110	371110	371167	371167	371167	371167	371152	371152	371152	??
ZZ	3561	75306	  1	 12	 14	  0	371174	371174	371174	371174	371149	371149	371149	371149	371126	371126	371126	371126	371234	371234	371234	371234	371186	371186	371186	371186	??
ZZ	3562	75327	  1	 12	 14	  0	371136	371136	371136	371119	371119	371119	371119	371219	371219	371219	371219	371106	371106	371106	371106	371175	371175	371175	371175	371099	??
ZZ	3563	75348	  1	 12	 14	  0	371099	371099	371229	371229	371229	371229	371192	371192	371192	371192	371185	371185	371185	371185	371216	371216	371216	371216	371204	371204	??
ZZ	3564	75369	  1	 12	 14	  0	371204	371272	371272	371272	371272	371195	371195	371195	371195	371185	371185	371185	371185	371155	371155	371155	371155	371174	371174	371174	??
ZZ	3565	75390	  1	 12	 14	  0	371155	371155	371155	371155	371039	371039	371039	371039	371120	371120	371120	371120	371204	371204	371204	371204	371227	371227	371227	371227	??
ZZ	3566	75412	  1	 12	 14	  0	371118	371118	371118	371265	371265	371265	371265	371170	371170	371170	371170	371145	371145	371145	371145	371223	371223	371223	371223	371170	??
ZZ	3567	75433	  1	 12	 14	  0	371170	371170	371114	371114	371114	371114	371152	371152	371152	371152	371202	371202	371202	371202	371234	371234	371234	371234	371181	371181	??
ZZ	3568	75454	  1	 12	 14	  0	371181	371121	371121	371121	371121	371213	371213	371213	371213	371145	371145	371145	371145	371186	371186	371186	371186	371170	371170	371170	??
ZZ	3569	75475	  1	 12	 14	  0	371176	371176	371176	371176	371355	371355	371355	371355	371148	371148	371148	371148	371252	371252	371252	371252	371121	371121	371121	371121	??
ZZ	3570	75496	  1	 14	 15	  0	371188	371188	371188	371266	371266	371266	371266	371152	371152	371152	371152	371206	371206	371206	371206	371170	371170	371170	371170	371242	??
ZZ	3571	75517	  1	 14	 15	  0	371242	371242	371159	371159	371159	371159	371080	371080	371080	371080	371243	371243	371243	371243	371097	371097	371097	371097	371159	371159	??
ZZ	3572	75538	  1	 14	 15	  0	371159	371143	371143	371143	371143	371095	371095	371095	371095	371186	371186	371186	371186	371121	371121	371121	371121	371198	371198	371198	??
ZZ	3573	75559	  1	 14	 15	  0	371216	371216	371216	371216	371244	371244	371244	371244	371165	371165	371165	371165	371137	371137	371137	371137	371160	371160	371160	371160	??
ZZ	3574	75581	  1	 14	 15	  0	371114	371114	371114	371132	371132	371132	371132	371106	371106	371106	371106	371126	371126	371126	371126	371125	371125	371125	371125	371178	??
ZZ	3575	75602	  1	 14	 15	  0	371178	371178	371187	371187	371187	371187	371163	371163	371163	371163	371103	371103	371103	371103	371268	371268	371268	371268	371169	371169	??
ZZ	3576	75623	  1	 14	 15	  0	371169	371122	371122	371122	371122	371196	371196	371196	371196	371103	371103	371103	371103	371193	371193	371193	371193	371157	371157	371157	??
ZZ	3577	75644	  1	 14	 15	  0	371149	371149	371149	371149	371242	371242	371242	371242	371187	371187	371187	371187	371148	371148	371148	371148	371155	371155	371155	371155	??
ZZ	3578	75665	  1	 14	 15	  0	371154	371154	371154	371178	371178	371178	371178	371199	371199	371199	371199	371246	371246	371246	371246	371231	371231	371231	371231	371243	??
ZZ	3579	75686	  1	 14	 15	  0	371243	371243	371073	371073	371073	371073	371107	371107	371107	371107	371100	371100	371100	371100	371182	371182	371182	371182	371135	371135	??
ZZ	3580	75707	  2	 13	 17	  0	371135	371243	371243	371243	371243	371159	371159	371159	371159	371222	371222	371222	371222	371122	371122	371122	371122	371080	371080	371080	??
ZZ	3581	75729	  2	 13	 17	  0	371180	371180	371180	371180	371129	371129	371129	371129	371265	371265	371265	371265	371232	371232	371232	371232	370978	370978	370978	370978	??
ZZ	3582	75750	  2	 13	 17	  0	371126	371126	371126	371272	371272	371272	371272	371238	371238	371238	371238	371227	371227	371227	371227	371073	371073	371073	371073	371249	??
ZZ	3583	75771	  2	 13	 17	  0	371249	371249	371179	371179	371179	371179	371118	371118	371118	371118	371001	371001	371001	371001	371127	371127	371127	371127	371008	371008	??
ZZ	3584	75792	  2	 13	 17	  0	371008	371109	371109	371109	371109	371276	371276	371276	371276	371178	371178	371178	371178	371200	371200	371200	371200	371189	371189	371189	??
ZZ	3585	75813	  2	 13	 17	  0	371080	371080	371080	371080	371202	371202	371202	371202	370978	370978	370978	370978	371058	371058	371058	371058	371117	371117	371117	371117	??
ZZ	3586	75834	  2	 13	 17	  0	371170	371170	371170	371156	371156	371156	371156	371201	371201	371201	371201	371159	371159	371159	371159	371153	371153	371153	371153	371122	??
ZZ	3587	75855	  2	 13	 17	  0	371122	371122	371167	371167	371167	371167	371151	371151	371151	371151	371091	371091	371091	371091	371114	371114	371114	371114	371107	371107	??
ZZ	3588	75876	  2	 13	 17	  0	371107	371189	371189	371189	371189	371168	371168	371168	371168	371175	371175	371175	371175	371242	371242	371242	371242	371171	371171	371171	??
ZZ	3589	75898	  2	 13	 17	  0	371271	371271	371271	371271	371095	371095	371095	371095	371224	371224	371224	371224	371201	371201	371201	371201	371189	371189	371189	371189	??
ZZ	3590	75919	  2	 13	 17	  0	371204	371204	371204	371168	371168	371168	371168	371096	371096	371096	371096	371174	371174	371174	371174	371103	371103	371103	371103	371165	??
ZZ	3591	75940	  2	 13	 17	  0	371165	371165	371319	371319	371319	371319	371107	371107	371107	371107	371215	371215	371215	371215	371197	371197	371197	371197	371239	371239	??
ZZ	3592	75961	  2	 13	 17	  0	371239	371204	371204	371204	371204	371254	371254	371254	371254	371148	371148	371148	371148	371175	371175	371175	371175	371140	371140	371140	??
ZZ	3593	75982	  2	  9	 15	  0	371132	371132	371132	371132	371218	371218	371218	371218	371167	371167	371167	371167	371197	371197	371197	371197	371321	371321	371321	371321	??
ZZ	3594	76003	  2	  9	 15	  0	371206	371206	371206	371196	371196	371196	371196	371145	371145	371145	371145	371218	371218	371218	371218	371197	371197	371197	371197	371156	??
ZZ	3595	76025	  2	  9	 15	  0	371156	371156	371182	371182	371182	371182	371220	371220	371220	371220	371155	371155	371155	371155	371206	371206	371206	371206	371156	371156	??
ZZ	3596	76046	  2	  9	 15	  0	371156	371221	371221	371221	371221	371243	371243	371243	371243	371313	371313	371313	371313	371268	371268	371268	371268	371247	371247	371247	??
ZZ	3597	76067	  2	  9	 15	  0	371080	371080	371080	371080	371168	371168	371168	371168	371084	371084	371084	371084	371175	371175	371175	371175	371160	371160	371160	371160	??
ZZ	3598	76088	  2	  9	 15	  0	371194	371194	371194	371172	371172	371172	371172	371080	371080	371080	371080	371216	371216	371216	371216	371134	371134	371134	371134	371145	??
ZZ	3599	76109	  2	  9	 15	  0	371145	371145	371065	371065	371065	371065	371153	371153	371153	371153	371143	371143	371143	371143	371129	371129	371129	371129	371186	371186	??
ZZ	3600	76130	  1	  5	 16	  0	371186	371012	371012	371012	371012	371160	371160	371160	371160	371257	371257	371257	371257	371228	371228	371228	371228	371220	371220	371220	??
ZZ	3601	76151	  1	  5	 16	  0	371129	371129	371129	371129	371198	371198	371198	371198	371137	371137	371137	371137	371009	371009	371009	371009	371126	371126	371126	371126	??
ZZ	3602	76173	  1	  5	 16	  0	371120	371120	371120	371223	371223	371223	371223	371210	371210	371210	371210	371311	371311	371311	371311	371148	371148	371148	371148	371194	??
ZZ	3603	76194	  1	  5	 16	  0	371194	371194	371194	371194	371194	371194	371170	371170	371170	371170	371162	371162	371162	371162	371227	371227	371227	371227	371189	371189	??
ZZ	3604	76215	  1	  5	 16	  0	371189	371217	371217	371217	371217	371144	371144	371144	371144	371064	371064	371064	371064	371247	371247	371247	371247	370986	370986	370986	??
ZZ	3605	76236	  1	  5	 16	  0	371091	371091	371091	371091	371152	371152	371152	371152	371201	371201	371201	371201	371187	371187	371187	371187	371058	371058	371058	371058	??
ZZ	3606	76257	  1	  5	 16	  0	371182	371182	371182	371110	371110	371110	371110	371178	371178	371178	371178	371183	371183	371183	371183	371159	371159	371159	371159	371317	??
ZZ	3607	76278	  1	  5	 16	  0	371317	371317	371200	371200	371200	371200	371058	371058	371058	371058	371201	371201	371201	371201	371155	371155	371155	371155	371228	371228	??
ZZ	3608	76300	  1	  5	 16	  0	371228	371166	371166	371166	371166	371175	371175	371175	371175	371110	371110	371110	371110	371167	371167	371167	371167	371209	371209	371209	??
ZZ	3609	76321	  1	  5	 16	  0	371118	371118	371118	371118	371172	371172	371172	371172	371147	371147	371147	371147	371107	371107	371107	371107	371142	371142	371142	371142	??
ZZ	3610	76342	  1	  2	 16	  0	371182	371182	371182	371223	371223	371223	371223	371133	371133	371133	371133	371076	371076	371076	371076	371161	371161	371161	371161	371035	??
ZZ	3611	76363	  1	  2	 16	  0	371035	371035	371035	371035	371035	371035	371101	371101	371101	371101	371084	371084	371084	371084	371253	371253	371253	371253	371182	371182	??
ZZ	3612	76384	  1	  2	 16	  0	371182	371239	371239	371239	371239	371201	371201	371201	371201	371152	371152	371152	371152	371261	371261	371261	371261	371194	371194	371194	??
ZZ	3613	76405	  1	  2	 16	  0	371227	371227	371227	371227	371212	371212	371212	371212	371187	371187	371187	371187	371155	371155	371155	371155	371152	371152	371152	371152	??
ZZ	3614	76426	  1	  2	 16	  0	371174	371174	371174	371129	371129	371129	371129	371195	371195	371195	371195	371197	371197	371197	371197	371238	371238	371238	371238	371199	??
ZZ	3615	76447	  1	  2	 16	  0	371199	371199	371251	371251	371251	371251	371160	371160	371160	371160	371178	371178	371178	371178	371133	371133	371133	371133	371152	371152	??
ZZ	3616	76468	  1	  2	 16	  0	371152	371203	371203	371203	371203	371061	371061	371061	371061	371227	371227	371227	371227	371246	371246	371246	371246	371107	371107	371107	??
ZZ	3617	76490	  1	  2	 16	  0	371232	371232	371232	371232	371159	371159	371159	371159	371291	371291	371291	371291	371165	371165	371165	371165	371223	371223	371223	371223	??
ZZ	3618	76511	  1	  2	 16	  0	371155	371155	371155	371153	371153	371153	371153	371242	371242	371242	371242	371128	371128	371128	371128	371174	371174	371174	371174	371257	??
ZZ	3619	76532	  1	  2	 16	  0	371257	371257	371186	371186	371186	371186	371171	371171	371171	371171	371091	371091	371091	371091	371135	371135	371135	371135	371171	371171	??
ZZ	3620	76553	  2	  2	 25	  0	371171	371094	371094	371094	371094	371220	371220	371220	371220	371080	371080	371080	371080	371189	371189	371189	371189	371129	371129	371129	??
ZZ	3621	76574	  2	  2	 25	  0	371192	371192	371192	371192	371177	371177	371177	371177	371220	371220	371220	371220	371291	371291	371291	371291	371218	371218	371218	371218	??
ZZ	3622	76596	  2	  2	 25	  0	371201	371201	371201	371119	371119	371119	371119	371106	371106	371106	371106	371178	371178	371178	371178	371099	371099	371099	371099	371182	??
ZZ	3623	76617	  2	  2	 25	  0	371182	371182	371156	371156	371156	371156	371152	371152	371152	371152	371148	371148	371148	371148	371118	371118	371118	371118	371146	371146	??
ZZ	3624	76638	  2	  2	 25	  0	371146	371259	371259	371259	371259	371159	371159	371159	371159	371084	371084	371084	371084	371144	371144	371144	371144	371161	371161	371161	??
ZZ	3625	76659	  2	  2	 25	  0	371132	371132	371132	371132	371027	371027	371027	371027	371068	371068	371068	371068	371084	371084	371084	371084	371110	371110	371110	371110	??
ZZ	3626	76680	  2	  2	 25	  0	371088	371088	371088	371099	371099	371099	371099	371176	371176	371176	371176	371137	371137	371137	371137	371231	371231	371231	371231	371171	??
ZZ	3627	76701	  2	  2	 25	  0	371171	371171	371201	371201	371201	371201	371163	371163	371163	371163	371179	371179	371179	371179	371189	371189	371189	371189	371220	371220	??
ZZ	3628	76722	  2	  2	 25	  0	371220	371184	371184	371184	371184	371254	371254	371254	371254	371138	371138	371138	371138	371273	371273	371273	371273	371276	371276	371276	??
ZZ	3629	76743	  2	  2	 25	  0	371231	371231	371231	371231	371137	371137	371137	371137	371219	371219	371219	371219	371158	371158	371158	371158	371167	371167	371167	371167	??
ZZ	3630	76765	  1	  6	 36	  0	371249	371249	371249	371184	371184	371184	371184	371193	371193	371193	371193	371196	371196	371196	371196	371076	371076	371076	371076	371039	??
ZZ	3631	76786	  1	  6	 36	  0	371039	371039	371100	371100	371100	371100	371214	371214	371214	371214	371179	371179	371179	371179	371179	371179	371179	371179	371216	371216	??
ZZ	3632	76807	  1	  6	 36	  0	371216	371183	371183	371183	371183	371104	371104	371104	371104	371189	371189	371189	371189	371127	371127	371127	371127	371058	371058	371058	??
ZZ	3633	76828	  1	  6	 36	  0	371248	371248	371248	371248	371123	371123	371123	371123	371223	371223	371223	371223	371231	371231	371231	371231	371182	371182	371182	371182	??
ZZ	3634	76849	  1	  6	 36	  0	371221	371221	371221	371164	371164	371164	371164	371251	371251	371251	371251	371216	371216	371216	371216	371180	371180	371180	371180	371175	??
ZZ	3635	76870	  1	  6	 36	  0	371175	371175	371136	371136	371136	371136	371128	371128	371128	371128	371182	371182	371182	371182	371137	371137	371137	371137	371156	371156	??
ZZ	3636	76891	  1	  6	 36	  0	371156	371147	371147	371147	371147	371154	371154	371154	371154	371155	371155	371155	371155	371167	371167	371167	371167	371150	371150	371150	??
ZZ	3637	76913	  1	  6	 36	  0	371200	371200	371200	371200	371216	371216	371216	371216	371211	371211	371211	371211	371253	371253	371253	371253	371364	371364	371364	371364	??
ZZ	3638	76934	  1	  6	 36	  0	371252	371252	371252	371167	371167	371167	371167	371159	371159	371159	371159	371216	371216	371216	371216	371174	371174	371174	371174	371193	??
ZZ	3639	76955	  1	  6	 36	  0	371193	371193	371236	371236	371236	371236	371110	371110	371110	371110	371180	371180	371180	371180	371261	371261	371261	371261	371205	371205	??
ZZ	3640	76976	  1	  6	 36	  0	371205	371189	371189	371189	371189	371065	371065	371065	371065	371152	371152	371152	371152	371016	371016	371016	371016	371133	371133	371133	??
ZZ	3641	76997	  1	  6	 36	  0	371115	371115	371115	371115	371069	371069	371069	371069	371224	371224	371224	371224	371146	371146	371146	371146	371170	371170	371170	371170	??
ZZ	3642	77018	  1	  9	 36	  0	371258	371258	371258	371201	371201	371201	371201	371118	371118	371118	371118	371141	371141	371141	371141	371247	371247	371247	371247	371140	??
ZZ	3643	77039	  1	  9	 36	  0	371140	371140	371136	371136	371136	371136	371216	371216	371216	371216	371208	371208	371208	371208	371207	371207	371207	371207	371298	371298	??
ZZ	3644	77061	  1	  9	 36	  0	371298	371170	371170	371170	371170	371224	371224	371224	371224	371080	371080	371080	371080	371163	371163	371163	371163	371201	371201	371201	??
ZZ	3645	77082	  1	  9	 36	  0	371302	371302	371302	371302	371199	371199	371199	371199	371050	371050	371050	371050	371189	371189	371189	371189	371156	371156	371156	371156	??
ZZ	3646	77103	  1	  9	 36	  0	371198	371198	371198	371193	371193	371193	371193	371197	371197	371197	371197	371234	371234	371234	371234	371259	371259	371259	371259	371216	??
ZZ	3647	77124	  1	  9	 36	  0	371216	371216	371240	371240	371240	371240	371212	371212	371212	371212	371266	371266	371266	371266	371209	371209	371209	371209	371158	371158	??
ZZ	3648	77145	  1	  9	 36	  0	371158	371193	371193	371193	371193	371046	371046	371046	371046	371145	371145	371145	371145	371170	371170	371170	371170	371192	371192	371192	??
ZZ	3649	77166	  1	  9	 36	  0	371204	371204	371204	371204	371194	371194	371194	371194	371205	371205	371205	371205	371170	371170	371170	371170	371099	371099	371099	371099	??
ZZ	3650	77188	  1	 14	 15	  0	371146	371146	371146	371152	371152	371152	371152	371197	371197	371197	371197	371110	371110	371110	371110	371144	371144	371144	371144	371141	??
ZZ	3651	77209	  1	 14	 15	  0	371141	371141	371218	371218	371218	371218	371103	371103	371103	371103	371100	371100	371100	371100	371163	371163	371163	371163	371137	371137	??
ZZ	3652	77230	  1	 14	 15	  0	371137	371093	371093	371093	371093	371095	371095	371095	371095	371195	371195	371195	371195	371163	371163	371163	371163	371193	371193	371193	??
ZZ	3653	77251	  1	 14	 15	  0	371131	371131	371131	371131	371246	371246	371246	371246	371095	371095	371095	371095	371157	371157	371157	371157	371268	371268	371268	371268	??
ZZ	3654	77272	  1	 14	 15	  0	371054	371054	371054	371190	371190	371190	371190	371219	371219	371219	371219	371138	371138	371138	371138	371219	371219	371219	371219	371046	??
ZZ	3655	77293	  1	 14	 15	  0	371046	371046	371170	371170	371170	371170	371132	371132	371132	371132	371073	371073	371073	371073	371163	371163	371163	371163	371118	371118	??
ZZ	3656	77314	  1	 14	 15	  0	371118	371313	371313	371313	371313	371190	371190	371190	371190	371174	371174	371174	371174	371153	371153	371153	371153	371050	371050	371050	??
ZZ	3657	77336	  1	 14	 15	  0	371282	371282	371282	371282	371178	371178	371178	371178	371261	371261	371261	371261	371272	371272	371272	371272	371228	371228	371228	371228	??
ZZ	3658	77357	  1	 14	 15	  0	371257	371257	371257	371229	371229	371229	371229	371050	371050	371050	371050	371190	371190	371190	371190	371182	371182	371182	371182	371272	??
ZZ	3659	77378	  1	 14	 15	  0	371272	371272	371149	371149	371149	371149	371167	371167	371167	371167	371225	371225	371225	371225	371174	371174	371174	371174	371220	371220	??
ZZ	3660	77399	  1	 13	 14	  0	371220	371196	371196	371196	371196	371197	371197	371197	371197	371227	371227	371227	371227	371080	371080	371080	371080	371142	371142	371142	??
ZZ	3661	77420	  1	 13	 14	  0	371175	371175	371175	371175	371159	371159	371159	371159	371151	371151	371151	371151	371125	371125	371125	371125	371080	371080	371080	371080	??
ZZ	3662	77441	  1	 13	 14	  0	371137	371137	371137	371182	371182	371182	371182	371182	371182	371182	371182	371073	371073	371073	371073	371258	371258	371258	371258	371157	??
ZZ	3663	77462	  1	 13	 14	  0	371157	371157	371197	371197	371197	371197	371227	371227	371227	371227	371216	371216	371216	371216	371178	371178	371178	371178	371020	371020	??
ZZ	3664	77484	  1	 13	 14	  0	371020	371164	371164	371164	371164	371265	371265	371265	371265	371197	371197	371197	371197	371148	371148	371148	371148	371140	371140	371140	??
ZZ	3665	77505	  1	 13	 14	  0	371117	371117	371117	371117	371235	371235	371235	371235	371118	371118	371118	371118	371173	371173	371173	371173	371209	371209	371209	371209	??
ZZ	3666	77526	  1	 13	 14	  0	371125	371125	371125	371121	371121	371121	371121	371144	371144	371144	371144	371083	371083	371083	371083	371005	371005	371005	371005	371175	??
ZZ	3667	77547	  1	 13	 14	  0	371175	371175	371102	371102	371102	371102	371216	371216	371216	371216	371088	371088	371088	371088	371106	371106	371106	371106	371091	371091	??
ZZ	3668	77568	  1	 13	 14	  0	371091	371144	371144	371144	371144	371075	371075	371075	371075	371175	371175	371175	371175	371120	371120	371120	371120	371144	371144	371144	??
ZZ	3669	77589	  1	 13	 14	  0	371172	371172	371172	371172	371194	371194	371194	371194	371245	371245	371245	371245	371152	371152	371152	371152	371209	371209	371209	371209	??
ZZ	3670	77611	  1	  9	 11	  0	371269	371269	371269	371165	371165	371165	371165	371240	371240	371240	371240	371020	371020	371020	371020	371197	371197	371197	371197	371145	??
ZZ	3671	77632	  1	  9	 11	  0	371145	371145	371194	371194	371194	371194	371216	371216	371216	371216	371154	371154	371154	371154	371223	371223	371223	371223	371178	371178	??
ZZ	3672	77653	  1	  9	 11	  0	371178	371129	371129	371129	371129	371142	371142	371142	371142	371160	371160	371160	371160	371212	371212	371212	371212	371153	371153	371153	??
ZZ	3673	77674	  1	  9	 11	  0	371204	371204	371204	371204	371170	371170	371170	371170	371172	371172	371172	371172	371208	371208	371208	371208	371159	371159	371159	371159	??
ZZ	3674	77695	  1	  9	 11	  0	371160	371160	371160	371121	371121	371121	371121	371101	371101	371101	371101	371251	371251	371251	371251	371351	371351	371351	371351	371184	??
ZZ	3675	77716	  1	  9	 11	  0	371184	371184	371144	371144	371144	371144	371204	371204	371204	371204	371159	371159	371159	371159	371234	371234	371234	371234	371249	371249	??
ZZ	3676	77737	  1	  9	 11	  0	371249	371225	371225	371225	371225	371208	371208	371208	371208	371177	371177	371177	371177	371069	371069	371069	371069	371167	371167	371167	??
ZZ	3677	77759	  1	  9	 11	  0	371211	371211	371211	371211	371213	371213	371213	371213	371201	371201	371201	371201	371202	371202	371202	371202	371171	371171	371171	371171	??
ZZ	3678	77780	  1	  9	 11	  0	371216	371216	371216	371204	371204	371204	371204	371065	371065	371065	371065	371160	371160	371160	371160	371273	371273	371273	371273	371121	??
ZZ	3679	77801	  1	  9	 11	  0	371121	371121	371179	371179	371179	371179	371160	371160	371160	371160	371110	371110	371110	371110	371148	371148	371148	371148	371152	371152	??
ZZ	3680	77822	  1	  9	 11	  0	371152	371338	371338	371338	371338	371181	371181	371181	371181	371020	371020	371020	371020	371114	371114	371114	371114	371046	371046	371046	??
ZZ	3681	77843	  1	  9	 11	  0	371178	371178	371178	371178	371159	371159	371159	371159	371186	371186	371186	371186	371189	371189	371189	371189	371170	371170	371170	371170	??
ZZ	3682	77864	  1	  9	 11	  0	371145	371145	371145	371127	371127	371127	371127	371058	371058	371058	371058	371185	371185	371185	371185	371127	371127	371127	371127	371242	??
ZZ	3683	77885	  2	  5	  8	  0	371242	371242	371194	371194	371194	371194	371212	371212	371212	371212	371174	371174	371174	371174	371347	371347	371347	371347	371225	371225	??
ZZ	3684	77907	  2	  5	  8	  0	371225	371200	371200	371200	371200	371132	371132	371132	371132	371106	371106	371106	371106	371148	371148	371148	371148	371146	371146	371146	??
ZZ	3685	77928	  2	  5	  8	  0	371263	371263	371263	371263	371228	371228	371228	371228	371212	371212	371212	371212	371069	371069	371069	371069	371182	371182	371182	371182	??
ZZ	3686	77949	  2	  5	  8	  0	371118	371118	371118	371215	371215	371215	371215	371194	371194	371194	371194	371144	371144	371144	371144	371137	371137	371137	371137	371166	??
ZZ	3687	77970	  2	  5	  8	  0	371166	371166	371179	371179	371179	371179	371160	371160	371160	371160	371214	371214	371214	371214	371198	371198	371198	371198	371155	371155	??
ZZ	3688	77991	  2	  5	  8	  0	371155	371155	371155	371155	371155	371283	371283	371283	371283	371203	371203	371203	371203	371242	371242	371242	371242	371325	371325	371325	??
ZZ	3689	78012	  2	  5	  8	  0	371177	371177	371177	371177	371208	371208	371208	371208	371099	371099	371099	371099	371161	371161	371161	371161	371295	371295	371295	371295	??
ZZ	3690	78033	  1	  6	 14	  0	371212	371212	371212	371214	371214	371214	371214	371277	371277	371277	371277	371182	371182	371182	371182	371148	371148	371148	371148	371012	??
ZZ	3691	78054	  1	  6	 14	  0	371012	371012	371130	371130	371130	371130	371088	371088	371088	371088	371205	371205	371205	371205	371160	371160	371160	371160	371039	371039	??
ZZ	3692	78076	  1	  6	 14	  0	371039	371218	371218	371218	371218	371125	371125	371125	371125	371061	371061	371061	371061	371109	371109	371109	371109	371065	371065	371065	??
ZZ	3693	78097	  1	  6	 14	  0	371203	371203	371203	371203	371171	371171	371171	371171	371167	371167	371167	371167	371129	371129	371129	371129	371188	371188	371188	371188	??
ZZ	3694	78118	  1	  6	 14	  0	371234	371234	371234	371185	371185	371185	371185	371181	371181	371181	371181	371175	371175	371175	371175	371121	371121	371121	371121	371193	??
ZZ	3695	78139	  1	  6	 14	  0	371193	371193	371118	371118	371118	371118	371225	371225	371225	371225	371129	371129	371129	371129	371212	371212	371212	371212	371200	371200	??
ZZ	3696	78160	  1	  6	 14	  0	371200	371185	371185	371185	371185	371242	371242	371242	371242	371001	371001	371001	371001	371118	371118	371118	371118	371087	371087	371087	??
ZZ	3697	78182	  1	  6	 14	  0	371121	371121	371121	371121	371178	371178	371178	371178	371156	371156	371156	371156	371076	371076	371076	371076	371204	371204	371204	371204	??
ZZ	3698	78203	  1	  6	 14	  0	371131	371131	371131	371147	371147	371147	371147	371092	371092	371092	371092	371189	371189	371189	371189	371193	371193	371193	371193	371158	??
ZZ	3699	78224	  1	  6	 14	  0	371158	371158	371170	371170	371170	371170	371065	371065	371065	371065	371084	371084	371084	371084	371227	371227	371227	371227	371103	371103	??
ZZ	3700	78245	  0	  9	 16	  0	371103	371155	371155	371155	371155	371178	371178	371178	371178	371124	371124	371124	371124	371114	371114	371114	371114	371039	371039	371039	??
ZZ	3701	78266	  0	  9	 16	  0	371105	371105	371105	371105	371088	371088	371088	371088	371254	371254	371254	371254	371156	371156	371156	371156	370979	370979	370979	370979	??
ZZ	3702	78287	  0	  9	 16	  0	371254	371254	371254	371124	371124	371124	371124	371220	371220	371220	371220	371162	371162	371162	371162	371189	371189	371189	371189	371228	??
ZZ	3703	78308	  0	  9	 16	  0	371228	371228	371190	371190	371190	371190	371234	371234	371234	371234	371208	371208	371208	371208	371154	371154	371154	371154	371133	371133	??
ZZ	3704	78329	  0	  9	 16	  0	371133	371020	371020	371020	371020	371090	371090	371090	371090	371235	371235	371235	371235	371179	371179	371179	371179	371269	371269	371269	??
ZZ	3705	78351	  0	  9	 16	  0	371107	371107	371107	371107	371188	371188	371188	371188	371099	371099	371099	371099	371027	371027	371027	371027	371098	371098	371098	371098	??
ZZ	3706	78372	  0	  9	 16	  0	371125	371125	371125	371268	371268	371268	371268	371165	371165	371165	371165	371178	371178	371178	371178	371147	371147	371147	371147	371137	??
ZZ	3707	78393	  0	  9	 16	  0	371137	371137	371114	371114	371114	371114	371112	371112	371112	371112	371091	371091	371091	371091	371261	371261	371261	371261	371123	371123	??
ZZ	3708	78414	  0	  9	 16	  0	371123	371132	371132	371132	371132	371156	371156	371156	371156	371159	371159	371159	371159	371291	371291	371291	371291	371162	371162	371162	??
ZZ	3709	78435	  0	  9	 16	  0	371208	371208	371208	371208	371054	371054	371054	371054	371151	371151	371151	371151	371178	371178	371178	371178	371099	371099	371099	371099	??
ZZ	3710	78456	  0	 13	 18	  0	371171	371171	371171	371201	371201	371201	371201	371201	371201	371201	371201	371204	371204	371204	371204	371227	371227	371227	371227	371227	??
ZZ	3711	78477	  0	 13	 18	  0	371227	371227	371122	371122	371122	371122	371144	371144	371144	371144	371144	371144	371144	371144	371171	371171	371171	371171	371227	371227	??
ZZ	3712	78499	  0	 13	 18	  0	371227	371201	371201	371201	371201	371204	371204	371204	371204	371169	371169	371169	371169	371174	371174	371174	371174	371242	371242	371242	??
ZZ	3713	78520	  0	 13	 18	  0	371180	371180	371180	371180	371099	371099	371099	371099	371268	371268	371268	371268	371145	371145	371145	371145	371145	371145	371145	371145	??
ZZ	3714	78541	  0	 13	 18	  0	371234	371234	371234	371164	371164	371164	371164	371238	371238	371238	371238	371171	371171	371171	371171	371209	371209	371209	371209	371084	??
ZZ	3715	78562	  0	 13	 18	  0	371084	371084	371132	371132	371132	371132	371173	371173	371173	371173	371220	371220	371220	371220	371214	371214	371214	371214	371110	371110	??
ZZ	3716	78583	  0	 13	 18	  0	371110	371269	371269	371269	371269	371187	371187	371187	371187	371091	371091	371091	371091	371186	371186	371186	371186	371249	371249	371249	??
ZZ	3717	78604	  0	 13	 18	  0	371281	371281	371281	371281	371215	371215	371215	371215	371169	371169	371169	371169	371223	371223	371223	371223	371171	371171	371171	371171	??
ZZ	3718	78625	  0	 13	 18	  0	371174	371174	371174	371144	371144	371144	371144	371140	371140	371140	371140	371194	371194	371194	371194	371137	371137	371137	371137	371171	??
ZZ	3719	78647	  0	 13	 18	  0	371171	371171	371216	371216	371216	371216	371157	371157	371157	371157	371285	371285	371285	371285	371058	371058	371058	371058	371164	371164	??
ZZ	3720	78668	  1	 11	 17	  0	371164	371144	371144	371144	371144	371212	371212	371212	371212	371172	371172	371172	371172	371031	371031	371031	371031	371091	371091	371091	??
ZZ	3721	78689	  1	 11	 17	  0	371232	371232	371232	371232	371201	371201	371201	371201	371208	371208	371208	371208	371099	371099	371099	371099	371268	371268	371268	371268	??
ZZ	3722	78710	  1	 11	 17	  0	371171	371171	371171	371117	371117	371117	371117	371180	371180	371180	371180	371174	371174	371174	371174	371216	371216	371216	371216	371174	??
ZZ	3723	78731	  1	 11	 17	  0	371174	371174	371245	371245	371245	371245	371163	371163	371163	371163	371143	371143	371143	371143	371223	371223	371223	371223	371122	371122	??
ZZ	3724	78752	  1	 11	 17	  0	371122	371155	371155	371155	371155	371198	371198	371198	371198	371204	371204	371204	371204	371107	371107	371107	371107	371137	371137	371137	??
ZZ	3725	78773	  1	 11	 17	  0	371148	371148	371148	371148	371174	371174	371174	371174	371140	371140	371140	371140	371138	371138	371138	371138	371114	371114	371114	371114	??
ZZ	3726	78795	  1	 11	 17	  0	371178	371178	371178	371164	371164	371164	371164	371298	371298	371298	371298	371189	371189	371189	371189	371091	371091	371091	371091	371227	??
ZZ	3727	78816	  1	 11	 17	  0	371227	371227	371202	371202	371202	371202	371012	371012	371012	371012	371137	371137	371137	371137	371101	371101	371101	371101	371232	371232	??
ZZ	3728	78837	  1	 11	 17	  0	371232	371166	371166	371166	371166	371164	371164	371164	371164	371084	371084	371084	371084	371064	371064	371064	371064	371261	371261	371261	??
ZZ	3729	78858	  1	 11	 17	  0	371182	371182	371182	371182	371165	371165	371165	371165	371269	371269	371269	371269	371212	371212	371212	371212	371192	371192	371192	371192	??
ZZ	3730	78879	  1	 11	 17	  0	371114	371114	371114	371080	371080	371080	371080	371137	371137	371137	371137	371140	371140	371140	371140	371166	371166	371166	371166	371132	??
ZZ	3731	78900	  1	 11	 17	  0	371132	371132	371046	371046	371046	371046	371087	371087	371087	371087	371203	371203	371203	371203	371185	371185	371185	371185	371197	371197	??
ZZ	3732	78921	  1	 14	 15	  0	371197	371170	371170	371170	371170	371099	371099	371099	371099	371147	371147	371147	371147	371273	371273	371273	371273	371228	371228	371228	??
ZZ	3733	78943	  1	 14	 15	  0	371140	371140	371140	371140	371095	371095	371095	371095	371107	371107	371107	371107	371110	371110	371110	371110	371088	371088	371088	371088	??
ZZ	3734	78964	  1	 14	 15	  0	371072	371072	371072	371177	371177	371177	371177	371188	371188	371188	371188	371167	371167	371167	371167	371121	371121	371121	371121	371146	??
ZZ	3735	78985	  1	 14	 15	  0	371146	371146	371256	371256	371256	371256	371201	371201	371201	371201	371240	371240	371240	371240	371175	371175	371175	371175	371095	371095	??
ZZ	3736	79006	  1	 14	 15	  0	371095	371121	371121	371121	371121	371261	371261	371261	371261	371155	371155	371155	371155	371223	371223	371223	371223	371185	371185	371185	??
ZZ	3737	79027	  1	 14	 15	  0	371198	371198	371198	371198	371095	371095	371095	371095	371129	371129	371129	371129	371109	371109	371109	371109	371197	371197	371197	371197	??
ZZ	3738	79048	  1	 14	 15	  0	371171	371171	371171	371177	371177	371177	371177	371285	371285	371285	371285	371212	371212	371212	371212	371073	371073	371073	371073	371302	??
ZZ	3739	79070	  1	 14	 15	  0	371302	371302	371152	371152	371152	371152	371244	371244	371244	371244	371076	371076	371076	371076	371177	371177	371177	371177	371276	371276	??
ZZ	3740	79091	  1	 17	 18	  0	371276	371170	371170	371170	371170	371223	371223	371223	371223	371322	371322	371322	371322	371255	371255	371255	371255	371133	371133	371133	??
ZZ	3741	79112	  1	 17	 18	  0	371166	371166	371166	371166	371116	371116	371116	371116	371193	371193	371193	371193	371163	371163	371163	371163	371181	371181	371181	371181	??
ZZ	3742	79133	  1	 17	 18	  0	371170	371170	371170	371204	371204	371204	371204	371167	371167	371167	371167	371216	371216	371216	371216	371216	371216	371216	371216	371076	??
ZZ	3743	79154	  1	 17	 18	  0	371076	371076	371236	371236	371236	371236	371111	371111	371111	371111	371061	371061	371061	371061	371155	371155	371155	371155	371131	371131	??
ZZ	3744	79175	  1	 17	 18	  0	371131	371166	371166	371166	371166	371005	371005	371005	371005	371123	371123	371123	371123	371159	371159	371159	371159	371130	371130	371130	??
ZZ	3745	79197	  1	 17	 18	  0	371268	371268	371268	371268	371155	371155	371155	371155	371147	371147	371147	371147	371054	371054	371054	371054	371238	371238	371238	371238	??
ZZ	3746	79218	  1	 17	 18	  0	371131	371131	371131	371050	371050	371050	371050	371141	371141	371141	371141	371054	371054	371054	371054	371212	371212	371212	371212	371164	??
ZZ	3747	79239	  1	 17	 18	  0	371164	371164	371115	371115	371115	371115	371170	371170	371170	371170	371127	371127	371127	371127	371126	371126	371126	371126	371227	371227	??
ZZ	3748	79260	  1	 17	 18	  0	371227	371131	371131	371131	371131	371223	371223	371223	371223	371074	371074	371074	371074	371170	371170	371170	371170	371227	371227	371227	??
ZZ	3749	79281	  1	 17	 18	  0	371117	371117	371117	371117	371235	371235	371235	371235	371069	371069	371069	371069	371149	371149	371149	371149	371228	371228	371228	371228	??
ZZ	3750	79302	  1	 14	 23	  0	371080	371080	371080	371157	371157	371157	371157	371155	371155	371155	371155	371115	371115	371115	371115	371210	371210	371210	371210	371099	??
ZZ	3751	79323	  1	 14	 23	  0	371099	371099	371141	371141	371141	371141	371125	371125	371125	371125	371197	371197	371197	371197	371201	371201	371201	371201	371035	371035	??
ZZ	3752	79345	  1	 14	 23	  0	371035	371177	371177	371177	371177	371120	371120	371120	371120	371091	371091	371091	371091	371104	371104	371104	371104	371024	371024	371024	??
ZZ	3753	79366	  1	 14	 23	  0	371133	371133	371133	371133	371073	371073	371073	371073	371231	371231	371231	371231	371140	371140	371140	371140	371147	371147	371147	371147	??
ZZ	3754	79387	  1	 14	 23	  0	371054	371054	371054	371129	371129	371129	371129	371121	371121	371121	371121	371152	371152	371152	371152	371166	371166	371166	371166	371216	??
ZZ	3755	79408	  1	 14	 23	  0	371216	371216	371106	371106	371106	371106	371165	371165	371165	371165	371065	371065	371065	371065	371137	371137	371137	371137	371100	371100	??
ZZ	3756	79429	  1	 14	 23	  0	371100	371170	371170	371170	371170	371243	371243	371243	371243	371165	371165	371165	371165	371061	371061	371061	371061	371106	371106	371106	??
ZZ	3757	79450	  1	 14	 23	  0	371121	371121	371121	371121	371140	371140	371140	371140	371183	371183	371183	371183	371050	371050	371050	371050	371152	371152	371152	371152	??
ZZ	3758	79472	  1	 14	 23	  0	371176	371176	371176	371130	371130	371130	371130	371175	371175	371175	371175	371026	371026	371026	371026	371212	371212	371212	371212	371075	??
ZZ	3759	79493	  1	 14	 23	  0	371075	371075	371260	371260	371260	371260	371167	371167	371167	371167	371167	371167	371167	371167	371167	371167	371167	371167	371076	371076	??
ZZ	3760	79514	  0	  9	 31	  0	371076	371129	371129	371129	371129	371209	371209	371209	371209	371191	371191	371191	371191	371145	371145	371145	371145	371241	371241	371241	??
ZZ	3761	79535	  0	  9	 31	  0	371195	371195	371195	371195	371132	371132	371132	371132	371235	371235	371235	371235	371199	371199	371199	371199	371050	371050	371050	371050	??
ZZ	3762	79556	  0	  9	 31	  0	371171	371171	371171	371145	371145	371145	371145	371201	371201	371201	371201	371163	371163	371163	371163	371012	371012	371012	371012	371129	??
ZZ	3763	79577	  0	  9	 31	  0	371129	371129	371123	371123	371123	371123	371065	371065	371065	371065	371285	371285	371285	371285	371178	371178	371178	371178	371178	371178	??
ZZ	3764	79598	  0	  9	 31	  0	371178	371202	371202	371202	371202	371217	371217	371217	371217	371186	371186	371186	371186	371141	371141	371141	371141	371224	371224	371224	??
ZZ	3765	79619	  0	  9	 31	  0	371145	371145	371145	371145	371179	371179	371179	371179	371199	371199	371199	371199	371103	371103	371103	371103	371127	371127	371127	371127	??
ZZ	3766	79641	  0	  9	 31	  0	371080	371080	371080	371216	371216	371216	371216	371147	371147	371147	371147	371039	371039	371039	371039	371155	371155	371155	371155	371307	??
ZZ	3767	79662	  0	  9	 31	  0	371307	371307	371166	371166	371166	371166	371232	371232	371232	371232	371099	371099	371099	371099	371106	371106	371106	371106	371167	371167	??
ZZ	3768	79683	  0	  9	 31	  0	371167	371282	371282	371282	371282	371156	371156	371156	371156	371180	371180	371180	371180	371156	371156	371156	371156	371189	371189	371189	??
ZZ	3769	79704	  0	  9	 31	  0	371234	371234	371234	371234	371069	371069	371069	371069	371130	371130	371130	371130	371197	371197	371197	371197	371152	371152	371152	371152	??
ZZ	3770	79725	  0	 11	 41	  0	371161	371161	371161	371203	371203	371203	371203	371167	371167	371167	371167	371168	371168	371168	371168	371118	371118	371118	371118	371136	??
ZZ	3771	79746	  0	 11	 41	  0	371136	371136	371087	371087	371087	371087	371107	371107	371107	371107	371175	371175	371175	371175	371201	371201	371201	371201	371152	371152	??
ZZ	3772	79768	  0	 11	 41	  0	371152	371173	371173	371173	371173	371099	371099	371099	371099	371165	371165	371165	371165	371141	371141	371141	371141	371321	371321	371321	??
ZZ	3773	79789	  0	 11	 41	  0	371189	371189	371189	371189	371080	371080	371080	371080	371228	371228	371228	371228	371111	371111	371111	371111	371261	371261	371261	371261	??
ZZ	3774	79810	  0	 11	 41	  0	371110	371110	371110	371149	371149	371149	371149	371171	371171	371171	371171	371240	371240	371240	371240	371058	371058	371058	371058	371185	??
ZZ	3775	79831	  0	 11	 41	  0	371185	371185	371131	371131	371131	371131	371311	371311	371311	371311	371246	371246	371246	371246	371246	371246	371246	371246	371054	371054	??
ZZ	3776	79852	  0	 11	 41	  0	371054	371140	371140	371140	371140	371166	371166	371166	371166	371265	371265	371265	371265	371237	371237	371237	371237	371084	371084	371084	??
ZZ	3777	79873	  0	 11	 41	  0	371167	371167	371167	371167	371203	371203	371203	371203	371152	371152	371152	371152	371178	371178	371178	371178	371150	371150	371150	371150	??
ZZ	3778	79894	  0	 11	 41	  0	371254	371254	371254	371278	371278	371278	371278	371192	371192	371192	371192	371125	371125	371125	371125	371088	371088	371088	371088	371231	??
ZZ	3779	79915	  0	 11	 41	  0	371231	371231	371141	371141	371141	371141	371149	371149	371149	371149	371231	371231	371231	371231	371114	371114	371114	371114	371176	371176	??
ZZ	3780	79937	  0	  9	 21	  0	371176	371208	371208	371208	371208	371125	371125	371125	371125	371169	371169	371169	371169	371228	371228	371228	371228	371155	371155	371155	??
ZZ	3781	79958	  0	  9	 21	  0	371069	371069	371069	371069	371194	371194	371194	371194	371117	371117	371117	371117	371182	371182	371182	371182	371212	371212	371212	371212	??
ZZ	3782	79979	  0	  9	 21	  0	371192	371192	371192	371091	371091	371091	371091	371151	371151	371151	371151	371168	371168	371168	371168	371227	371227	371227	371227	371185	??
ZZ	3783	80000	  0	  9	 21	  0	371185	371185	371253	371253	371253	371253	371106	371106	371106	371106	371192	371192	371192	371192	371148	371148	371148	371148	371137	371137	??
ZZ	3784	80021	  0	  9	 21	  0	371137	371157	371157	371157	371157	371174	371174	371174	371174	371174	371174	371174	371174	371208	371208	371208	371208	371156	371156	371156	??
ZZ	3785	80043	  0	  9	 21	  0	371153	371153	371153	371153	371042	371042	371042	371042	371129	371129	371129	371129	371138	371138	371138	371138	371197	371197	371197	371197	??
ZZ	3786	80064	  0	  9	 21	  0	371167	371167	371167	371183	371183	371183	371183	371005	371005	371005	371005	371135	371135	371135	371135	371265	371265	371265	371265	371125	??
ZZ	3787	80085	  0	  9	 21	  0	371125	371125	371235	371235	371235	371235	371163	371163	371163	371163	371227	371227	371227	371227	371173	371173	371173	371173	371269	371269	??
ZZ	3788	80106	  0	  9	 21	  0	371269	371286	371286	371286	371286	371156	371156	371156	371156	371231	371231	371231	371231	371113	371113	371113	371113	371144	371144	371144	??
ZZ	3789	80127	  0	  9	 21	  0	371353	371353	371353	371353	371155	371155	371155	371155	371182	371182	371182	371182	371167	371167	371167	371167	371161	371161	371161	371161	??
ZZ	3790	80148	  0	  9	 21	  0	371144	371144	371144	371106	371106	371106	371106	371170	371170	371170	371170	371148	371148	371148	371148	371203	371203	371203	371203	371137	??
ZZ	3791	80169	  0	  9	 21	  0	371137	371137	371129	371129	371129	371129	371164	371164	371164	371164	371080	371080	371080	371080	371172	371172	371172	371172	371148	371148	??
ZZ	3792	80190	  0	  9	 21	  0	371148	371073	371073	371073	371073	371246	371246	371246	371246	371164	371164	371164	371164	371194	371194	371194	371194	371139	371139	371139	??
ZZ	3793	80212	  1	 13	 32	  0	371110	371110	371110	371110	371183	371183	371183	371183	371133	371133	371133	371133	371204	371204	371204	371204	371197	371197	371197	371197	??
ZZ	3794	80233	  1	 13	 32	  0	371140	371140	371140	371159	371159	371159	371159	371163	371163	371163	371163	371124	371124	371124	371124	371159	371159	371159	371159	371120	??
ZZ	3795	80254	  1	 13	 32	  0	371120	371120	371268	371268	371268	371268	371125	371125	371125	371125	371207	371207	371207	371207	371163	371163	371163	371163	371223	371223	??
ZZ	3796	80275	  1	 13	 32	  0	371223	371165	371165	371165	371165	371121	371121	371121	371121	371147	371147	371147	371147	371246	371246	371246	371246	371155	371155	371155	??
ZZ	3797	80296	  1	 13	 32	  0	371190	371190	371190	371190	371054	371054	371054	371054	371114	371114	371114	371114	371109	371109	371109	371109	371197	371197	371197	371197	??
ZZ	3798	80317	  1	 13	 32	  0	371238	371238	371238	371195	371195	371195	371195	371283	371283	371283	371283	371175	371175	371175	371175	371155	371155	371155	371155	371276	??
ZZ	3799	80338	  1	 13	 32	  0	371276	371276	371228	371228	371228	371228	371155	371155	371155	371155	371160	371160	371160	371160	371168	371168	371168	371168	371163	371163	??
ZZ	3800	80360	  1	 12	 40	  0	371163	371077	371077	371077	371077	371164	371164	371164	371164	371193	371193	371193	371193	371181	371181	371181	371181	371163	371163	371163	??
ZZ	3801	80381	  1	 12	 40	  0	371001	371001	371001	371001	371115	371115	371115	371115	371265	371265	371265	371265	371239	371239	371239	371239	371224	371224	371224	371224	??
ZZ	3802	80402	  1	 12	 40	  0	371137	371137	371137	371208	371208	371208	371208	371176	371176	371176	371176	371139	371139	371139	371139	371172	371172	371172	371172	371058	??
ZZ	3803	80423	  1	 12	 40	  0	371058	371058	371237	371237	371237	371237	371152	371152	371152	371152	371114	371114	371114	371114	371160	371160	371160	371160	371122	371122	??
ZZ	3804	80444	  1	 12	 40	  0	371122	371129	371129	371129	371129	371265	371265	371265	371265	371179	371179	371179	371179	371167	371167	371167	371167	371109	371109	371109	??
ZZ	3805	80465	  1	 12	 40	  0	371103	371103	371103	371103	371012	371012	371012	371012	371141	371141	371141	371141	371185	371185	371185	371185	371178	371178	371178	371178	??
ZZ	3806	80487	  1	 12	 40	  0	371182	371182	371182	371106	371106	371106	371106	371298	371298	371298	371298	371203	371203	371203	371203	371129	371129	371129	371129	371173	??
ZZ	3807	80508	  1	 12	 40	  0	371173	371173	371069	371069	371069	371069	371186	371186	371186	371186	371097	371097	371097	371097	371046	371046	371046	371046	371163	371163	??
ZZ	3808	80529	  1	 12	 40	  0	371163	371141	371141	371141	371141	371178	371178	371178	371178	371169	371169	371169	371169	371261	371261	371261	371261	371242	371242	371242	??
ZZ	3809	80550	  1	 12	 40	  0	371207	371207	371207	371207	371125	371125	371125	371125	371198	371198	371198	371198	371185	371185	371185	371185	371321	371321	371321	371321	??
ZZ	3810	80571	  1	 10	 23	  0	371084	371084	371084	371152	371152	371152	371152	371099	371099	371099	371099	371121	371121	371121	371121	371223	371223	371223	371223	371137	??
ZZ	3811	80592	  1	 10	 23	  0	371137	371137	371200	371200	371200	371200	371095	371095	371095	371095	371167	371167	371167	371167	371124	371124	371124	371124	371118	371118	??
ZZ	3812	80613	  1	 10	 23	  0	371118	371267	371267	371267	371267	371134	371134	371134	371134	371174	371174	371174	371174	371099	371099	371099	371099	371035	371035	371035	??
ZZ	3813	80635	  1	 10	 23	  0	371234	371234	371234	371234	371175	371175	371175	371175	371152	371152	371152	371152	371156	371156	371156	371156	371107	371107	371107	371107	??
ZZ	3814	80656	  1	 10	 23	  0	371145	371145	371145	371215	371215	371215	371215	371158	371158	371158	371158	371208	371208	371208	371208	371152	371152	371152	371152	371220	??
ZZ	3815	80677	  1	 10	 23	  0	371220	371220	371137	371137	371137	371137	371148	371148	371148	371148	371163	371163	371163	371163	371088	371088	371088	371088	371154	371154	??
ZZ	3816	80698	  1	 10	 23	  0	371154	371125	371125	371125	371125	371185	371185	371185	371185	371160	371160	371160	371160	371099	371099	371099	371099	371169	371169	371169	??
ZZ	3817	80719	  1	 10	 23	  0	371159	371159	371159	371159	371160	371160	371160	371160	371125	371125	371125	371125	371216	371216	371216	371216	371311	371311	371311	371311	??
ZZ	3818	80740	  1	 10	 23	  0	371178	371178	371178	371231	371231	371231	371231	371261	371261	371261	371261	371167	371167	371167	371167	371235	371235	371235	371235	371197	??
ZZ	3819	80762	  1	 10	 23	  0	371197	371197	371291	371291	371291	371291	371212	371212	371212	371212	371234	371234	371234	371234	371231	371231	371231	371231	371193	371193	??
ZZ	3820	80783	  1	 11	 17	  0	371193	371190	371190	371190	371190	371009	371009	371009	371009	371153	371153	371153	371153	371138	371138	371138	371138	371175	371175	371175	??
ZZ	3821	80804	  1	 11	 17	  0	371226	371226	371226	371226	371287	371287	371287	371287	371262	371262	371262	371262	371207	371207	371207	371207	371265	371265	371265	371265	??
ZZ	3822	80825	  1	 11	 17	  0	371281	371281	371281	371212	371212	371212	371212	371287	371287	371287	371287	371225	371225	371225	371225	371095	371095	371095	371095	371159	??
ZZ	3823	80846	  1	 11	 17	  0	371159	371159	371139	371139	371139	371139	371174	371174	371174	371174	371186	371186	371186	371186	371164	371164	371164	371164	371216	371216	??
ZZ	3824	80867	  1	 11	 17	  0	371216	371236	371236	371236	371236	371165	371165	371165	371165	371239	371239	371239	371239	371146	371146	371146	371146	371193	371193	371193	??
ZZ	3825	80888	  1	 11	 17	  0	371061	371061	371061	371061	371135	371135	371135	371135	371253	371253	371253	371253	371227	371227	371227	371227	371187	371187	371187	371187	??
ZZ	3826	80909	  1	 11	 17	  0	371242	371242	371242	371252	371252	371252	371252	371201	371201	371201	371201	371103	371103	371103	371103	371155	371155	371155	371155	371106	??
ZZ	3827	80931	  1	 11	 17	  0	371106	371106	371280	371280	371280	371280	371160	371160	371160	371160	371193	371193	371193	371193	371163	371163	371163	371163	371202	371202	??
ZZ	3828	80952	  1	 11	 17	  0	371202	371042	371042	371042	371042	371208	371208	371208	371208	371165	371165	371165	371165	371073	371073	371073	371073	371164	371164	371164	??
ZZ	3829	80973	  1	 11	 17	  0	371182	371182	371182	371182	371106	371106	371106	371106	371193	371193	371193	371193	371099	371099	371099	371099	371178	371178	371178	371178	??
ZZ	3830	80994	  1	  8	 24	  0	371113	371113	371113	371204	371204	371204	371204	371159	371159	371159	371159	371182	371182	371182	371182	371232	371232	371232	371232	371215	??
ZZ	3831	81015	  1	  8	 24	  0	371215	371215	371239	371239	371239	371239	371171	371171	371171	371171	371208	371208	371208	371208	371167	371167	371167	371167	371065	371065	??
ZZ	3832	81036	  1	  8	 24	  0	371065	371151	371151	371151	371151	371088	371088	371088	371088	371163	371163	371163	371163	371127	371127	371127	371127	371280	371280	371280	??
ZZ	3833	81058	  1	  8	 24	  0	371194	371194	371194	371194	371185	371185	371185	371185	371042	371042	371042	371042	371134	371134	371134	371134	371148	371148	371148	371148	??
ZZ	3834	81079	  1	  8	 24	  0	371133	371133	371133	371120	371120	371120	371120	371209	371209	371209	371209	371133	371133	371133	371133	371227	371227	371227	371227	371204	??
ZZ	3835	81100	  1	  8	 24	  0	371204	371204	371140	371140	371140	371140	371125	371125	371125	371125	371205	371205	371205	371205	371138	371138	371138	371138	370997	370997	??
ZZ	3836	81121	  1	  8	 24	  0	370997	371189	371189	371189	371189	371116	371116	371116	371116	371118	371118	371118	371118	371182	371182	371182	371182	371208	371208	371208	??
ZZ	3837	81142	  1	  8	 24	  0	371162	371162	371162	371162	371200	371200	371200	371200	371160	371160	371160	371160	371140	371140	371140	371140	371199	371199	371199	371199	??
ZZ	3838	81163	  1	  8	 24	  0	371197	371197	371197	371182	371182	371182	371182	371173	371173	371173	371173	371219	371219	371219	371219	371245	371245	371245	371245	371144	??
ZZ	3839	81184	  1	  8	 24	  0	371144	371144	371122	371122	371122	371122	371133	371133	371133	371133	371232	371232	371232	371232	371182	371182	371182	371182	371161	371161	??
ZZ	3840	81205	  1	  8	 24	  0	371161	371170	371170	371170	371170	371209	371209	371209	371209	371186	371186	371186	371186	371148	371148	371148	371148	371136	371136	371136	??
ZZ	3841	81227	  1	  8	 24	  0	371219	371219	371219	371219	371133	371133	371133	371133	371198	371198	371198	371198	371228	371228	371228	371228	371272	371272	371272	371272	??
ZZ	3842	81248	  1	  8	 36	  0	371260	371260	371260	371204	371204	371204	371204	371182	371182	371182	371182	371176	371176	371176	371176	371095	371095	371095	371095	371074	??
ZZ	3843	81269	  1	  8	 36	  0	371074	371074	371114	371114	371114	371114	371235	371235	371235	371235	371193	371193	371193	371193	371204	371204	371204	371204	371186	371186	??
ZZ	3844	81290	  1	  8	 36	  0	371186	371176	371176	371176	371176	371103	371103	371103	371103	371110	371110	371110	371110	371121	371121	371121	371121	371262	371262	371262	??
ZZ	3845	81311	  1	  8	 36	  0	371150	371150	371150	371150	371234	371234	371234	371234	371272	371272	371272	371272	371213	371213	371213	371213	371084	371084	371084	371084	??
ZZ	3846	81332	  1	  8	 36	  0	371110	371110	371110	371117	371117	371117	371117	371050	371050	371050	371050	371168	371168	371168	371168	371230	371230	371230	371230	371223	??
ZZ	3847	81354	  1	  8	 36	  0	371223	371223	371207	371207	371207	371207	371046	371046	371046	371046	371257	371257	371257	371257	371175	371175	371175	371175	371137	371137	??
ZZ	3848	81375	  1	  8	 36	  0	371137	371137	371137	371137	371137	371120	371120	371120	371120	371170	371170	371170	371170	371096	371096	371096	371096	371141	371141	371141	??
ZZ	3849	81396	  1	  8	 36	  0	371286	371286	371286	371286	371244	371244	371244	371244	371155	371155	371155	371155	371069	371069	371069	371069	371134	371134	371134	371134	??
ZZ	3850	81417	  1	 10	 23	  0	371174	371174	371174	371148	371148	371148	371148	371205	371205	371205	371205	371228	371228	371228	371228	371219	371219	371219	371219	371167	??
ZZ	3851	81438	  1	 10	 23	  0	371167	371167	371106	371106	371106	371106	371135	371135	371135	371135	370971	370971	370971	370971	371249	371249	371249	371249	371074	371074	??
ZZ	3852	81459	  1	 10	 23	  0	371074	371197	371197	371197	371197	371257	371257	371257	371257	371186	371186	371186	371186	371204	371204	371204	371204	371178	371178	371178	??
ZZ	3853	81480	  1	 10	 23	  0	371245	371245	371245	371245	371110	371110	371110	371110	371148	371148	371148	371148	371246	371246	371246	371246	371232	371232	371232	371232	??
ZZ	3854	81502	  1	 10	 23	  0	371155	371155	371155	371080	371080	371080	371080	371257	371257	371257	371257	371135	371135	371135	371135	371212	371212	371212	371212	371186	??
ZZ	3855	81523	  1	 10	 23	  0	371186	371186	371257	371257	371257	371257	371197	371197	371197	371197	371206	371206	371206	371206	371144	371144	371144	371144	371205	371205	??
ZZ	3856	81544	  1	 10	 23	  0	371205	371194	371194	371194	371194	371054	371054	371054	371054	371148	371148	371148	371148	371140	371140	371140	371140	371174	371174	371174	??
ZZ	3857	81565	  1	 10	 23	  0	371173	371173	371173	371173	371054	371054	371054	371054	371273	371273	371273	371273	371172	371172	371172	371172	371197	371197	371197	371197	??
ZZ	3858	81586	  1	 10	 23	  0	371209	371209	371209	371184	371184	371184	371184	371159	371159	371159	371159	371174	371174	371174	371174	371155	371155	371155	371155	371193	??
ZZ	3859	81607	  1	 10	 23	  0	371193	371193	371148	371148	371148	371148	371276	371276	371276	371276	371129	371129	371129	371129	371157	371157	371157	371157	371155	371155	??
ZZ	3860	81628	  2	  9	 23	  0	371155	371141	371141	371141	371141	371159	371159	371159	371159	371095	371095	371095	371095	371165	371165	371165	371165	371182	371182	371182	??
ZZ	3861	81650	  2	  9	 23	  0	371009	371009	371009	371009	371147	371147	371147	371147	371306	371306	371306	371306	371069	371069	371069	371069	371137	371137	371137	371137	??
ZZ	3862	81671	  2	  9	 23	  0	371042	371042	371042	371117	371117	371117	371117	371088	371088	371088	371088	371151	371151	371151	371151	371162	371162	371162	371162	371050	??
ZZ	3863	81692	  2	  9	 23	  0	371050	371050	371208	371208	371208	371208	371162	371162	371162	371162	371186	371186	371186	371186	371208	371208	371208	371208	371165	371165	??
ZZ	3864	81713	  2	  9	 23	  0	371165	371278	371278	371278	371278	371144	371144	371144	371144	371195	371195	371195	371195	371148	371148	371148	371148	371213	371213	371213	??
ZZ	3865	81734	  2	  9	 23	  0	371272	371272	371272	371272	371321	371321	371321	371321	371229	371229	371229	371229	371204	371204	371204	371204	371148	371148	371148	371148	??
ZZ	3866	81755	  2	  9	 23	  0	371182	371182	371182	371212	371212	371212	371212	371223	371223	371223	371223	371166	371166	371166	371166	371126	371126	371126	371126	371142	??
ZZ	3867	81776	  2	  9	 23	  0	371142	371142	371140	371140	371140	371140	371204	371204	371204	371204	371167	371167	371167	371167	371208	371208	371208	371208	371137	371137	??
ZZ	3868	81798	  2	  9	 23	  0	371137	371162	371162	371162	371162	371216	371216	371216	371216	371084	371084	371084	371084	371186	371186	371186	371186	371160	371160	371160	??
ZZ	3869	81819	  2	  9	 23	  0	371167	371167	371167	371167	371095	371095	371095	371095	371234	371234	371234	371234	371122	371122	371122	371122	371208	371208	371208	371208	??
ZZ	3870	81840	  1	  9	 35	  0	371234	371234	371234	371211	371211	371211	371211	371122	371122	371122	371122	371103	371103	371103	371103	371110	371110	371110	371110	371144	??
ZZ	3871	81861	  1	  9	 35	  0	371144	371144	371151	371151	371151	371151	371148	371148	371148	371148	371223	371223	371223	371223	371204	371204	371204	371204	371162	371162	??
ZZ	3872	81882	  1	  9	 35	  0	371162	371148	371148	371148	371148	371184	371184	371184	371184	371155	371155	371155	371155	371206	371206	371206	371206	371091	371091	371091	??
ZZ	3873	81903	  1	  9	 35	  0	371182	371182	371182	371182	371143	371143	371143	371143	371114	371114	371114	371114	371126	371126	371126	371126	371094	371094	371094	371094	??
ZZ	3874	81925	  1	  9	 35	  0	371194	371194	371194	371095	371095	371095	371095	371077	371077	371077	371077	371265	371265	371265	371265	371214	371214	371214	371214	371291	??
ZZ	3875	81946	  1	  9	 35	  0	371291	371291	371215	371215	371215	371215	371234	371234	371234	371234	371201	371201	371201	371201	371189	371189	371189	371189	371197	371197	??
ZZ	3876	81967	  1	  9	 35	  0	371197	371140	371140	371140	371140	371121	371121	371121	371121	371163	371163	371163	371163	371212	371212	371212	371212	371177	371177	371177	??
ZZ	3877	81988	  1	  9	 35	  0	371166	371166	371166	371166	371300	371300	371300	371300	371193	371193	371193	371193	371110	371110	371110	371110	371185	371185	371185	371185	??
ZZ	3878	82009	  1	  9	 35	  0	371161	371161	371161	371170	371170	371170	371170	371159	371159	371159	371159	371146	371146	371146	371146	371182	371182	371182	371182	371094	??
ZZ	3879	82030	  1	  9	 35	  0	371094	371094	371231	371231	371231	371231	371167	371167	371167	371167	371137	371137	371137	371137	371145	371145	371145	371145	371133	371133	??
ZZ	3880	82051	  1	  9	 35	  0	371133	371155	371155	371155	371155	371163	371163	371163	371163	371125	371125	371125	371125	371161	371161	371161	371161	371261	371261	371261	??
ZZ	3881	82072	  1	  9	 35	  0	371201	371201	371201	371201	371201	371201	371201	371201	371163	371163	371163	371163	371214	371214	371214	371214	371231	371231	371231	371231	??
ZZ	3882	82094	  1	  9	 35	  0	371306	371306	371306	371265	371265	371265	371265	371167	371167	371167	371167	371148	371148	371148	371148	371131	371131	371131	371131	371190	??
ZZ	3883	82115	  1	  5	 16	  0	371190	371190	371186	371186	371186	371186	371193	371193	371193	371193	371268	371268	371268	371268	371165	371165	371165	371165	371258	371258	??
ZZ	3884	82136	  1	  5	 16	  0	371258	371118	371118	371118	371118	371182	371182	371182	371182	371165	371165	371165	371165	371122	371122	371122	371122	371198	371198	371198	??
ZZ	3885	82157	  1	  5	 16	  0	371099	371099	371099	371099	371178	371178	371178	371178	371205	371205	371205	371205	371148	371148	371148	371148	371148	371148	371148	371148	??
ZZ	3886	82178	  1	  5	 16	  0	371163	371163	371163	371152	371152	371152	371152	371165	371165	371165	371165	371137	371137	371137	371137	371160	371160	371160	371160	371125	??
ZZ	3887	82199	  1	  5	 16	  0	371125	371125	371155	371155	371155	371155	371158	371158	371158	371158	371080	371080	371080	371080	371167	371167	371167	371167	371088	371088	??
ZZ	3888	82221	  1	  5	 16	  0	371088	371167	371167	371167	371167	371126	371126	371126	371126	371115	371115	371115	371115	371156	371156	371156	371156	371131	371131	371131	??
ZZ	3889	82242	  1	  5	 16	  0	371155	371155	371155	371155	371182	371182	371182	371182	371162	371162	371162	371162	371160	371160	371160	371160	371129	371129	371129	371129	??
ZZ	3890	82263	  2	  5	 19	  0	371109	371109	371109	371121	371121	371121	371121	371122	371122	371122	371122	371140	371140	371140	371140	371069	371069	371069	371069	371135	??
ZZ	3891	82284	  2	  5	 19	  0	371135	371135	371151	371151	371151	371151	371107	371107	371107	371107	371174	371174	371174	371174	371212	371212	371212	371212	371145	371145	??
ZZ	3892	82305	  2	  5	 19	  0	371145	371157	371157	371157	371157	371204	371204	371204	371204	371249	371249	371249	371249	371158	371158	371158	371158	371193	371193	371193	??
ZZ	3893	82326	  2	  5	 19	  0	371145	371145	371145	371145	371137	371137	371137	371137	371167	371167	371167	371167	371138	371138	371138	371138	371212	371212	371212	371212	??
ZZ	3894	82347	  2	  5	 19	  0	371152	371152	371152	371137	371137	371137	371137	371185	371185	371185	371185	371167	371167	371167	371167	371177	371177	371177	371177	371140	??
ZZ	3895	82368	  2	  5	 19	  0	371140	371140	371126	371126	371126	371126	371232	371232	371232	371232	371287	371287	371287	371287	371206	371206	371206	371206	371232	371232	??
ZZ	3896	82390	  2	  5	 19	  0	371232	371207	371207	371207	371207	371183	371183	371183	371183	371091	371091	371091	371091	371122	371122	371122	371122	371125	371125	371125	??
ZZ	3897	82411	  2	  5	 19	  0	371227	371227	371227	371227	371181	371181	371181	371181	371107	371107	371107	371107	371257	371257	371257	371257	371153	371153	371153	371153	??
ZZ	3898	82432	  2	  5	 19	  0	371133	371133	371133	371245	371245	371245	371245	371165	371165	371165	371165	371189	371189	371189	371189	371106	371106	371106	371106	371129	??
ZZ	3899	82453	  2	  5	 19	  0	371129	371129	371125	371125	371125	371125	371126	371126	371126	371126	371276	371276	371276	371276	371276	371276	371276	371276	371206	371206	??
ZZ	3900	82474	  3	  8	 27	  0	371206	371197	371197	371197	371197	371163	371163	371163	371163	371190	371190	371190	371190	371205	371205	371205	371205	371185	371185	371185	??
ZZ	3901	82496	  3	  8	 27	  0	371174	371174	371174	371174	371145	371145	371145	371145	371160	371160	371160	371160	371182	371182	371182	371182	371232	371232	371232	371232	??
ZZ	3902	82517	  3	  8	 27	  0	371233	371233	371233	371204	371204	371204	371204	371223	371223	371223	371223	371176	371176	371176	371176	371106	371106	371106	371106	371149	??
ZZ	3903	82538	  3	  8	 27	  0	371149	371149	371140	371140	371140	371140	371160	371160	371160	371160	371137	371137	371137	371137	371133	371133	371133	371133	371242	371242	??
ZZ	3904	82559	  3	  8	 27	  0	371242	371162	371162	371162	371162	371103	371103	371103	371103	371160	371160	371160	371160	371161	371161	371161	371161	371253	371253	371253	??
ZZ	3905	82580	  3	  8	 27	  0	371094	371094	371094	371094	371118	371118	371118	371118	371050	371050	371050	371050	371112	371112	371112	371112	371103	371103	371103	371103	??
ZZ	3906	82601	  3	  8	 27	  0	371137	371137	371137	371191	371191	371191	371191	371121	371121	371121	371121	371167	371167	371167	371167	371187	371187	371187	371187	371167	??
ZZ	3907	82622	  3	  8	 27	  0	371167	371167	371154	371154	371154	371154	371148	371148	371148	371148	371137	371137	371137	371137	371167	371167	371167	371167	371201	371201	??
ZZ	3908	82643	  3	  8	 27	  0	371201	371110	371110	371110	371110	371159	371159	371159	371159	371199	371199	371199	371199	371208	371208	371208	371208	371182	371182	371182	??
ZZ	3909	82665	  3	  8	 27	  0	371313	371313	371313	371313	371278	371278	371278	371278	371272	371272	371272	371272	371227	371227	371227	371227	371112	371112	371112	371112	??
ZZ	3910	82686	  0	  0	  0	  0	371189	371189	371189	371148	371148	371148	371148	371164	371164	371164	371164	371061	371061	371061	371061	371134	371134	371134	371134	371159	??
ZZ	3911	82707	  0	  0	  0	  0	371159	371159	371031	371031	371031	371031	371126	371126	371126	371126	371163	371163	371163	371163	371182	371182	371182	371182	371161	371161	??
ZZ	3912	82728	  0	  0	  0	  0	371161	371152	371152	371152	371152	371189	371189	371189	371189	371118	371118	371118	371118	371163	371163	371163	371163	371164	371164	371164	??
ZZ	3913	82749	  0	  0	  0	  0	371163	371163	371163	371163	371219	371219	371219	371219	371205	371205	371205	371205	371042	371042	371042	371042	371185	371185	371185	371185	??
ZZ	3914	82770	  0	  0	  0	  0	371079	371079	371079	371265	371265	371265	371265	371129	371129	371129	371129	371127	371127	371127	371127	371035	371035	371035	371035	371121	??
ZZ	3915	82792	  0	  0	  0	  0	371121	371121	371253	371253	371253	371253	371189	371189	371189	371189	371143	371143	371143	371143	371140	371140	371140	371140	371163	371163	??
ZZ	3916	82813	  0	  0	  0	  0	371163	371158	371158	371158	371158	371234	371234	371234	371234	371224	371224	371224	371224	371207	371207	371207	371207	371179	371179	371179	??
ZZ	3917	82834	  0	  0	  0	  0	371164	371164	371164	371164	371160	371160	371160	371160	371167	371167	371167	371167	371194	371194	371194	371194	371163	371163	371163	371163	??
ZZ	3918	82855	  0	  0	  0	  0	371340	371340	371340	371211	371211	371211	371211	371204	371204	371204	371204	371088	371088	371088	371088	371144	371144	371144	371144	371227	??
ZZ	3919	82876	  0	  0	  0	  0	371227	371227	371167	371167	371167	371167	371185	371185	371185	371185	371167	371167	371167	371167	371159	371159	371159	371159	371208	371208	??
ZZ	3920	82897	  0	  0	  0	  0	371208	371152	371152	371152	371152	371187	371187	371187	371187	371219	371219	371219	371219	371241	371241	371241	371241	371192	371192	371192	??
ZZ	3921	82919	  0	  0	  0	  0	371114	371114	371114	371114	371175	371175	371175	371175	371133	371133	371133	371133	371152	371152	371152	371152	371168	371168	371168	371168	??
ZZ	3922	82940	  0	  0	  0	  0	371178	371178	371178	371204	371204	371204	371204	371204	371204	371204	371204	371152	371152	371152	371152	371211	371211	371211	371211	371219	??
ZZ	3923	82961	  0	  0	  0	  0	371219	371219	371200	371200	371200	371200	371236	371236	371236	371236	371174	371174	371174	371174	371238	371238	371238	371238	371134	371134	??
ZZ	3924	82982	  0	  0	  0	  0	371134	371193	371193	371193	371193	371118	371118	371118	371118	371135	371135	371135	371135	371152	371152	371152	371152	371225	371225	371225	??
ZZ	3925	83003	  0	  0	  0	  0	371152	371152	371152	371152	371137	371137	371137	371137	371155	371155	371155	371155	371182	371182	371182	371182	371160	371160	371160	371160	??
ZZ	3926	83024	  0	  0	  0	  0	371157	371157	371157	371144	371144	371144	371144	371272	371272	371272	371272	371178	371178	371178	371178	371249	371249	371249	371249	371189	??
ZZ	3927	83045	  0	  0	  0	  0	371189	371189	371246	371246	371246	371246	371088	371088	371088	371088	371191	371191	371191	371191	371179	371179	371179	371179	371202	371202	??
ZZ	3928	83066	  0	  0	  0	  0	371202	371181	371181	371181	371181	371095	371095	371095	371095	371336	371336	371336	371336	371191	371191	371191	371191	371197	371197	371197	??
ZZ	3929	83088	  0	  0	  0	  0	371189	371189	371189	371189	371362	371362	371362	371362	371242	371242	371242	371242	371246	371246	371246	371246	371338	371338	371338	371338	??
ZZ	3930	83109	  0	  0	  0	  0	371178	371178	371178	371240	371240	371240	371240	371159	371159	371159	371159	371042	371042	371042	371042	371126	371126	371126	371126	371084	??
ZZ	3931	83130	  0	  0	  0	  0	371084	371084	371118	371118	371118	371118	371179	371179	371179	371179	371193	371193	371193	371193	371187	371187	371187	371187	371091	371091	??
ZZ	3932	83151	  0	  0	  0	  0	371091	371160	371160	371160	371160	371167	371167	371167	371167	371091	371091	371091	371091	371242	371242	371242	371242	371133	371133	371133	??
ZZ	3933	83172	  0	  0	  0	  0	371159	371159	371159	371159	371186	371186	371186	371186	371208	371208	371208	371208	371292	371292	371292	371292	371206	371206	371206	371206	??
ZZ	3934	83193	  0	  0	  0	  0	371178	371178	371178	371103	371103	371103	371103	371173	371173	371173	371173	371201	371201	371201	371201	371188	371188	371188	371188	371186	??
ZZ	3935	83215	  0	  0	  0	  0	371186	371186	371171	371171	371171	371171	371111	371111	371111	371111	371226	371226	371226	371226	371118	371118	371118	371118	371172	371172	??
ZZ	3936	83236	  0	  0	  0	  0	371172	371084	371084	371084	371084	371283	371283	371283	371283	371202	371202	371202	371202	371163	371163	371163	371163	371156	371156	371156	??
ZZ	3937	83257	  0	  0	  0	  0	371287	371287	371287	371287	371216	371216	371216	371216	371214	371214	371214	371214	371050	371050	371050	371050	371155	371155	371155	371155	??
ZZ	3938	83278	  0	  0	  0	  0	371171	371171	371171	371166	371166	371166	371166	371148	371148	371148	371148	371173	371173	371173	371173	371163	371163	371163	371163	371183	??
ZZ	3939	83299	  0	  0	  0	  0	371183	371183	371178	371178	371178	371178	371144	371144	371144	371144	371205	371205	371205	371205	371204	371204	371204	371204	371118	371118	??
ZZ	3940	83320	  0	  0	  0	  0	371118	371094	371094	371094	371094	371167	371167	371167	371167	371193	371193	371193	371193	371171	371171	371171	371171	371140	371140	371140	??
ZZ	3941	83341	  0	  0	  0	  0	371211	371211	371211	371211	371158	371158	371158	371158	371224	371224	371224	371224	371192	371192	371192	371192	371193	371193	371193	371193	??
ZZ	3942	83363	  0	  0	  0	  0	371190	371190	371190	371198	371198	371198	371198	371216	371216	371216	371216	371133	371133	371133	371133	371159	371159	371159	371159	371224	??
ZZ	3943	83384	  0	  0	  0	  0	371224	371224	371189	371189	371189	371189	371125	371125	371125	371125	371201	371201	371201	371201	371160	371160	371160	371160	371298	371298	??
ZZ	3944	83405	  0	  0	  0	  0	371298	371133	371133	371133	371133	371144	371144	371144	371144	371257	371257	371257	371257	371272	371272	371272	371272	371228	371228	371228	??
ZZ	3945	83426	  0	  0	  0	  0	371189	371189	371189	371189	371238	371238	371238	371238	371159	371159	371159	371159	371216	371216	371216	371216	371181	371181	371181	371181	??
ZZ	3946	83447	  0	  0	  0	  0	371231	371231	371231	371257	371257	371257	371257	371256	371256	371256	371256	371213	371213	371213	371213	371234	371234	371234	371234	371294	??
ZZ	3947	83468	  0	  0	  0	  0	371294	371294	371231	371231	371231	371231	371271	371271	371271	371271	371213	371213	371213	371213	371227	371227	371227	371227	371183	371183	??
ZZ	3948	83490	  0	  0	  0	  0	371183	371227	371227	371227	371227	371178	371178	371178	371178	371200	371200	371200	371200	371283	371283	371283	371283	371139	371139	371139	??
ZZ	3949	83511	  0	  0	  0	  0	371253	371253	371253	371253	371283	371283	371283	371283	371249	371249	371249	371249	371148	371148	371148	371148	371080	371080	371080	371080	??
ZZ	3950	83532	  0	  0	  0	  0	371093	371093	371093	371280	371280	371280	371280	371178	371178	371178	371178	371172	371172	371172	371172	371069	371069	371069	371069	371206	??
ZZ	3951	83553	  0	  0	  0	  0	371206	371206	371351	371351	371351	371351	371155	371155	371155	371155	371200	371200	371200	371200	371152	371152	371152	371152	371159	371159	??
ZZ	3952	83574	  0	  0	  0	  0	371159	371141	371141	371141	371141	371216	371216	371216	371216	371152	371152	371152	371152	371163	371163	371163	371163	371273	371273	371273	??
ZZ	3953	83595	  0	  0	  0	  0	371225	371225	371225	371225	371182	371182	371182	371182	371216	371216	371216	371216	371197	371197	371197	371197	371228	371228	371228	371228	??
ZZ	3954	83616	  0	  0	  0	  0	371189	371189	371189	371188	371188	371188	371188	371258	371258	371258	371258	371219	371219	371219	371219	371216	371216	371216	371216	371194	??
ZZ	3955	83637	  0	  0	  0	  0	371194	371194	371164	371164	371164	371164	371159	371159	371159	371159	371185	371185	371185	371185	371170	371170	371170	371170	371152	371152	??
ZZ	3956	83658	  0	  0	  0	  0	371152	371282	371282	371282	371282	371215	371215	371215	371215	371050	371050	371050	371050	371203	371203	371203	371203	371100	371100	371100	??
ZZ	3957	83680	  0	  0	  0	  0	371118	371118	371118	371118	371133	371133	371133	371133	371232	371232	371232	371232	371242	371242	371242	371242	371245	371245	371245	371245	??
ZZ	3958	83701	  0	  0	  0	  0	371182	371182	371182	371290	371290	371290	371290	371214	371214	371214	371214	371174	371174	371174	371174	371249	371249	371249	371249	371165	??
ZZ	3959	83722	  0	  0	  0	  0	371165	371165	371148	371148	371148	371148	371179	371179	371179	371179	371193	371193	371193	371193	371073	371073	371073	371073	371156	371156	??
ZZ	3960	83743	  4	  5	  5	  0	371156	371238	371238	371238	371238	371020	371020	371020	371020	371160	371160	371160	371160	371227	371227	371227	371227	371197	371197	371197	??
ZZ	3961	83764	  4	  5	  5	  0	371200	371200	371200	371200	371152	371152	371152	371152	371212	371212	371212	371212	371201	371201	371201	371201	371106	371106	371106	371106	??
ZZ	3962	83785	  4	  5	  5	  0	371189	371189	371189	371012	371012	371012	371012	371185	371185	371185	371185	371151	371151	371151	371151	371076	371076	371076	371076	371163	??
ZZ	3963	83807	  4	  5	  5	  0	371163	371163	371106	371106	371106	371106	371357	371357	371357	371357	371176	371176	371176	371176	371287	371287	371287	371287	371283	371283	??
ZZ	3964	83828	  4	  5	  5	  0	371283	371214	371214	371214	371214	371235	371235	371235	371235	371091	371091	371091	371091	371222	371222	371222	371222	371216	371216	371216	??
ZZ	3965	83849	  4	  5	  5	  0	371237	371237	371237	371237	371220	371220	371220	371220	371280	371280	371280	371280	371211	371211	371211	371211	371257	371257	371257	371257	??
ZZ	3966	83870	  4	  5	  5	  0	371261	371261	371261	371175	371175	371175	371175	371046	371046	371046	371046	371182	371182	371182	371182	371111	371111	371111	371111	371122	??
ZZ	3967	83891	  4	  5	  5	  0	371122	371122	371107	371107	371107	371107	371304	371304	371304	371304	371133	371133	371133	371133	371187	371187	371187	371187	371122	371122	??
ZZ	3968	83912	  4	  5	  5	  0	371122	371186	371186	371186	371186	371143	371143	371143	371143	371065	371065	371065	371065	371185	371185	371185	371185	371146	371146	371146	??
ZZ	3969	83933	  4	  5	  5	  0	371110	371110	371110	371110	371107	371107	371107	371107	371185	371185	371185	371185	371224	371224	371224	371224	371193	371193	371193	371193	??
ZZ	3970	83955	  2	  7	  8	  0	371231	371231	371231	371201	371201	371201	371201	371256	371256	371256	371256	371152	371152	371152	371152	371136	371136	371136	371136	371182	??
ZZ	3971	83976	  2	  7	  8	  0	371182	371182	371174	371174	371174	371174	371190	371190	371190	371190	371224	371224	371224	371224	371152	371152	371152	371152	371171	371171	??
ZZ	3972	83997	  2	  7	  8	  0	371171	371110	371110	371110	371110	371265	371265	371265	371265	371185	371185	371185	371185	371106	371106	371106	371106	371132	371132	371132	??
ZZ	3973	84018	  2	  7	  8	  0	371114	371114	371114	371114	371265	371265	371265	371265	371216	371216	371216	371216	371238	371238	371238	371238	371247	371247	371247	371247	??
ZZ	3974	84039	  2	  7	  8	  0	371233	371233	371233	371276	371276	371276	371276	371182	371182	371182	371182	371208	371208	371208	371208	371152	371152	371152	371152	371186	??
ZZ	3975	84060	  2	  7	  8	  0	371186	371186	371234	371234	371234	371234	371155	371155	371155	371155	371176	371176	371176	371176	371201	371201	371201	371201	370963	370963	??
ZZ	3976	84082	  2	  7	  8	  0	370963	371157	371157	371157	371157	371088	371088	371088	371088	371219	371219	371219	371219	371189	371189	371189	371189	371194	371194	371194	??
ZZ	3977	84103	  2	  7	  8	  0	371211	371211	371211	371211	371171	371171	371171	371171	371208	371208	371208	371208	371222	371222	371222	371222	371095	371095	371095	371095	??
ZZ	3978	84124	  2	  7	  8	  0	371246	371246	371246	371145	371145	371145	371145	371194	371194	371194	371194	371182	371182	371182	371182	371142	371142	371142	371142	371209	??
ZZ	3979	84145	  2	  7	  8	  0	371209	371209	371124	371124	371124	371124	371099	371099	371099	371099	371178	371178	371178	371178	371078	371078	371078	371078	371257	371257	??
ZZ	3980	84166	  0	  9	 13	  0	371257	371168	371168	371168	371168	371213	371213	371213	371213	371121	371121	371121	371121	371193	371193	371193	371193	371135	371135	371135	??
ZZ	3981	84187	  0	  9	 13	  0	371050	371050	371050	371050	371108	371108	371108	371108	371239	371239	371239	371239	371039	371039	371039	371039	371164	371164	371164	371164	??
ZZ	3982	84208	  0	  9	 13	  0	371118	371118	371118	371132	371132	371132	371132	371114	371114	371114	371114	371197	371197	371197	371197	371189	371189	371189	371189	371181	??
ZZ	3983	84229	  0	  9	 13	  0	371181	371181	371166	371166	371166	371166	371163	371163	371163	371163	371046	371046	371046	371046	371140	371140	371140	371140	371079	371079	??
ZZ	3984	84251	  0	  9	 13	  0	371079	371141	371141	371141	371141	371148	371148	371148	371148	371160	371160	371160	371160	371167	371167	371167	371167	371083	371083	371083	??
ZZ	3985	84272	  0	  9	 13	  0	371040	371040	371040	371040	371295	371295	371295	371295	371221	371221	371221	371221	371216	371216	371216	371216	371170	371170	371170	371170	??
ZZ	3986	84293	  0	  9	 13	  0	371207	371207	371207	371050	371050	371050	371050	371155	371155	371155	371155	371141	371141	371141	371141	371228	371228	371228	371228	371166	??
ZZ	3987	84314	  0	  9	 13	  0	371166	371166	371163	371163	371163	371163	371148	371148	371148	371148	371202	371202	371202	371202	371152	371152	371152	371152	371163	371163	??
ZZ	3988	84335	  0	  9	 13	  0	371163	371135	371135	371135	371135	371148	371148	371148	371148	371122	371122	371122	371122	371094	371094	371094	371094	371283	371283	371283	??
ZZ	3989	84356	  0	  9	 13	  0	371234	371234	371234	371234	371227	371227	371227	371227	371141	371141	371141	371141	371193	371193	371193	371193	371238	371238	371238	371238	??
ZZ	3990	84378	  0	  9	 13	  0	371198	371198	371198	371174	371174	371174	371174	371148	371148	371148	371148	371031	371031	371031	371031	371088	371088	371088	371088	371118	??
ZZ	3991	84399	  0	  9	 13	  0	371118	371118	371103	371103	371103	371103	371114	371114	371114	371114	371084	371084	371084	371084	371173	371173	371173	371173	371110	371110	??
ZZ	3992	84420	  0	  9	 13	  0	371110	371208	371208	371208	371208	371207	371207	371207	371207	371254	371254	371254	371254	371178	371178	371178	371178	371188	371188	371188	??
ZZ	3993	84441	  0	  8	 16	  0	371148	371148	371148	371148	371119	371119	371119	371119	371185	371185	371185	371185	371140	371140	371140	371140	371157	371157	371157	371157	??
ZZ	3994	84462	  0	  8	 16	  0	371103	371103	371103	371152	371152	371152	371152	371123	371123	371123	371123	371212	371212	371212	371212	371020	371020	371020	371020	371129	??
ZZ	3995	84483	  0	  8	 16	  0	371129	371129	371174	371174	371174	371174	371133	371133	371133	371133	371201	371201	371201	371201	371159	371159	371159	371159	371188	371188	??
ZZ	3996	84504	  0	  8	 16	  0	371188	371203	371203	371203	371203	371182	371182	371182	371182	371219	371219	371219	371219	371145	371145	371145	371145	371219	371219	371219	??
ZZ	3997	84526	  0	  8	 16	  0	371158	371158	371158	371158	371118	371118	371118	371118	371113	371113	371113	371113	371110	371110	371110	371110	371178	371178	371178	371178	??
ZZ	3998	84547	  0	  8	 16	  0	371155	371155	371155	371197	371197	371197	371197	371242	371242	371242	371242	371167	371167	371167	371167	371088	371088	371088	371088	371093	??
ZZ	3999	84568	  0	  8	 16	  0	371093	371093	371140	371140	371140	371140	371283	371283	371283	371283	371160	371160	371160	371160	371227	371227	371227	371227	371073	371073	??
ZZ	4000	84589	  1	  9	 16	  0	371073	371210	371210	371210	371210	371319	371319	371319	371319	371261	371261	371261	371261	371234	371234	371234	371234	371061	371061	371061	??
ZZ	4001	84610	  1	  9	 16	  0	371160	371160	371160	371160	371258	371258	371258	371258	371016	371016	371016	371016	371168	371168	371168	371168	371163	371163	371163	371163	??
ZZ	4002	84631	  1	  9	 16	  0	371106	371106	371106	371143	371143	371143	371143	371216	371216	371216	371216	371201	371201	371201	371201	371164	371164	371164	371164	371219	??
ZZ	4003	84652	  1	  9	 16	  0	371219	371219	371131	371131	371131	371131	371035	371035	371035	371035	371257	371257	371257	371257	371115	371115	371115	371115	371122	371122	??
ZZ	4004	84674	  1	  9	 16	  0	371122	371148	371148	371148	371148	371105	371105	371105	371105	371117	371117	371117	371117	371212	371212	371212	371212	371125	371125	371125	??
ZZ	4005	84695	  1	  9	 16	  0	371201	371201	371201	371201	371148	371148	371148	371148	371193	371193	371193	371193	371125	371125	371125	371125	371129	371129	371129	371129	??
ZZ	4006	84716	  1	  9	 16	  0	371174	371174	371174	371174	371174	371174	371174	371136	371136	371136	371136	371186	371186	371186	371186	371065	371065	371065	371065	371126	??
ZZ	4007	84737	  1	  9	 16	  0	371126	371126	371163	371163	371163	371163	371165	371165	371165	371165	371129	371129	371129	371129	371238	371238	371238	371238	371207	371207	??
ZZ	4008	84758	  1	  9	 16	  0	371207	371110	371110	371110	371110	371091	371091	371091	371091	371160	371160	371160	371160	371232	371232	371232	371232	371110	371110	371110	??
ZZ	4009	84779	  1	  9	 16	  0	371175	371175	371175	371175	371148	371148	371148	371148	371131	371131	371131	371131	371163	371163	371163	371163	371170	371170	371170	371170	??
ZZ	4010	84801	  1	 10	 16	  0	371134	371134	371134	371253	371253	371253	371253	371170	371170	371170	371170	371216	371216	371216	371216	371253	371253	371253	371253	371195	??
ZZ	4011	84822	  1	 10	 16	  0	371195	371195	371114	371114	371114	371114	371141	371141	371141	371141	371222	371222	371222	371222	371118	371118	371118	371118	371163	371163	??
ZZ	4012	84843	  1	 10	 16	  0	371163	371156	371156	371156	371156	371298	371298	371298	371298	371054	371054	371054	371054	371159	371159	371159	371159	370990	370990	370990	??
ZZ	4013	84864	  1	 10	 16	  0	371145	371145	371145	371145	371216	371216	371216	371216	371249	371249	371249	371249	371204	371204	371204	371204	371182	371182	371182	371182	??
ZZ	4014	84885	  1	 10	 16	  0	371137	371137	371137	371089	371089	371089	371089	371222	371222	371222	371222	371268	371268	371268	371268	371189	371189	371189	371189	371201	??
ZZ	4015	84906	  1	 10	 16	  0	371201	371201	371119	371119	371119	371119	371261	371261	371261	371261	371050	371050	371050	371050	371192	371192	371192	371192	371208	371208	??
ZZ	4016	84927	  1	 10	 16	  0	371208	371248	371248	371248	371248	371213	371213	371213	371213	371241	371241	371241	371241	371193	371193	371193	371193	371205	371205	371205	??
ZZ	4017	84949	  1	 10	 16	  0	371084	371084	371084	371084	371155	371155	371155	371155	371234	371234	371234	371234	371204	371204	371204	371204	371232	371232	371232	371232	??
ZZ	4018	84970	  1	 10	 16	  0	371201	371201	371201	371080	371080	371080	371080	371172	371172	371172	371172	371213	371213	371213	371213	371185	371185	371185	371185	371168	??
ZZ	4019	84991	  1	 10	 16	  0	371168	371168	371177	371177	371177	371177	371114	371114	371114	371114	371020	371020	371020	371020	371099	371099	371099	371099	371086	371086	??
ZZ	4020	85012	  1	 11	 22	  0	371086	371148	371148	371148	371148	371265	371265	371265	371265	371165	371165	371165	371165	370997	370997	370997	370997	371185	371185	371185	??
ZZ	4021	85033	  1	 11	 22	  0	371144	371144	371144	371144	371276	371276	371276	371276	371206	371206	371206	371206	371121	371121	371121	371121	371253	371253	371253	371253	??
ZZ	4022	85054	  1	 11	 22	  0	371216	371216	371216	371172	371172	371172	371172	371201	371201	371201	371201	371162	371162	371162	371162	371258	371258	371258	371258	371154	??
ZZ	4023	85076	  1	 11	 22	  0	371154	371154	370967	370967	370967	370967	371189	371189	371189	371189	371099	371099	371099	371099	371099	371099	371099	371099	371227	371227	??
ZZ	4024	85097	  1	 11	 22	  0	371227	371136	371136	371136	371136	371288	371288	371288	371288	371347	371347	371347	371347	371235	371235	371235	371235	371133	371133	371133	??
ZZ	4025	85118	  1	 11	 22	  0	371210	371210	371210	371210	371103	371103	371103	371103	371058	371058	371058	371058	371077	371077	371077	371077	371208	371208	371208	371208	??
ZZ	4026	85139	  1	 11	 22	  0	371141	371141	371141	371195	371195	371195	371195	370971	370971	370971	370971	371201	371201	371201	371201	371147	371147	371147	371147	371231	??
ZZ	4027	85160	  1	 11	 22	  0	371231	371231	371188	371188	371188	371188	371216	371216	371216	371216	371152	371152	371152	371152	371176	371176	371176	371176	371185	371185	??
ZZ	4028	85181	  1	 11	 22	  0	371185	371134	371134	371134	371134	371149	371149	371149	371149	371118	371118	371118	371118	371313	371313	371313	371313	371138	371138	371138	??
ZZ	4029	85202	  1	 11	 22	  0	371133	371133	371133	371133	371116	371116	371116	371116	371257	371257	371257	371257	371133	371133	371133	371133	371153	371153	371153	371153	??
ZZ	4030	85223	  0	 11	 13	  0	371261	371261	371261	371227	371227	371227	371227	371193	371193	371193	371193	371261	371261	371261	371261	371167	371167	371167	371167	371202	??
ZZ	4031	85245	  0	 11	 13	  0	371202	371202	371046	371046	371046	371046	371147	371147	371147	371147	371228	371228	371228	371228	371178	371178	371178	371178	371210	371210	??
ZZ	4032	85266	  0	 11	 13	  0	371210	371242	371242	371242	371242	371197	371197	371197	371197	371221	371221	371221	371221	371118	371118	371118	371118	371170	371170	371170	??
ZZ	4033	85287	  0	 11	 13	  0	371155	371155	371155	371155	371152	371152	371152	371152	371122	371122	371122	371122	371103	371103	371103	371103	371140	371140	371140	371140	??
ZZ	4034	85308	  0	 11	 13	  0	371171	371171	371171	371174	371174	371174	371174	371359	371359	371359	371359	371182	371182	371182	371182	371106	371106	371106	371106	371141	??
ZZ	4035	85329	  0	 11	 13	  0	371141	371141	371218	371218	371218	371218	371107	371107	371107	371107	371133	371133	371133	371133	371156	371156	371156	371156	371174	371174	??
ZZ	4036	85350	  0	 11	 13	  0	371174	371109	371109	371109	371109	371231	371231	371231	371231	371182	371182	371182	371182	371196	371196	371196	371196	371088	371088	371088	??
ZZ	4037	85372	  0	 11	 13	  0	371151	371151	371151	371151	371186	371186	371186	371186	371178	371178	371178	371178	371177	371177	371177	371177	371129	371129	371129	371129	??
ZZ	4038	85393	  0	 11	 13	  0	371159	371159	371159	371130	371130	371130	371130	371216	371216	371216	371216	371147	371147	371147	371147	371178	371178	371178	371178	371179	??
ZZ	4039	85414	  0	 11	 13	  0	371179	371179	371127	371127	371127	371127	371160	371160	371160	371160	371253	371253	371253	371253	371174	371174	371174	371174	371239	371239	??
ZZ	4040	85435	  0	 11	 13	  0	371239	371243	371243	371243	371243	371212	371212	371212	371212	371262	371262	371262	371262	371175	371175	371175	371175	371201	371201	371201	??
ZZ	4041	85456	  0	 11	 13	  0	371257	371257	371257	371257	371219	371219	371219	371219	371129	371129	371129	371129	371073	371073	371073	371073	371115	371115	371115	371115	??
ZZ	4042	85477	  0	 13	 21	  0	371179	371179	371179	371192	371192	371192	371192	371184	371184	371184	371184	371126	371126	371126	371126	371193	371193	371193	371193	371203	??
ZZ	4043	85498	  0	 13	 21	  0	371203	371203	371178	371178	371178	371178	371189	371189	371189	371189	371114	371114	371114	371114	371170	371170	371170	371170	371181	371181	??
ZZ	4044	85519	  0	 13	 21	  0	371181	371137	371137	371137	371137	371167	371167	371167	371167	371071	371071	371071	371071	371167	371167	371167	371167	371118	371118	371118	??
ZZ	4045	85541	  0	 13	 21	  0	371169	371169	371169	371169	371107	371107	371107	371107	371125	371125	371125	371125	371201	371201	371201	371201	371160	371160	371160	371160	??
ZZ	4046	85562	  0	 13	 21	  0	371156	371156	371156	371170	371170	371170	371170	371178	371178	371178	371178	371175	371175	371175	371175	371189	371189	371189	371189	371207	??
ZZ	4047	85583	  0	 13	 21	  0	371207	371207	371125	371125	371125	371125	371175	371175	371175	371175	371190	371190	371190	371190	371276	371276	371276	371276	371213	371213	??
ZZ	4048	85604	  0	 13	 21	  0	371213	371230	371230	371230	371230	371107	371107	371107	371107	371185	371185	371185	371185	371129	371129	371129	371129	371137	371137	371137	??
ZZ	4049	85625	  0	 13	 21	  0	371064	371064	371064	371064	371242	371242	371242	371242	371276	371276	371276	371276	371132	371132	371132	371132	371185	371185	371185	371185	??
ZZ	4050	85647	  0	 14	 37	  0	371140	371140	371140	371135	371135	371135	371135	371253	371253	371253	371253	371360	371360	371360	371360	371239	371239	371239	371239	371189	??
ZZ	4051	85668	  0	 14	 37	  0	371189	371189	371116	371116	371116	371116	371095	371095	371095	371095	371005	371005	371005	371005	371107	371107	371107	371107	371224	371224	??
ZZ	4052	85689	  0	 14	 37	  0	371224	371239	371239	371239	371239	371187	371187	371187	371187	371110	371110	371110	371110	371249	371249	371249	371249	371139	371139	371139	??
ZZ	4053	85710	  0	 14	 37	  0	371272	371272	371272	371272	371252	371252	371252	371252	371220	371220	371220	371220	371212	371212	371212	371212	371186	371186	371186	371186	??
ZZ	4054	85731	  0	 14	 37	  0	371258	371258	371258	371185	371185	371185	371185	371178	371178	371178	371178	371140	371140	371140	371140	371106	371106	371106	371106	371202	??
ZZ	4055	85752	  0	 14	 37	  0	371202	371202	371276	371276	371276	371276	371220	371220	371220	371220	371171	371171	371171	371171	371163	371163	371163	371163	371133	371133	??
ZZ	4056	85773	  0	 14	 37	  0	371133	371133	371133	371133	371133	371110	371110	371110	371110	371178	371178	371178	371178	371201	371201	371201	371201	371185	371185	371185	??
ZZ	4057	85794	  0	 14	 37	  0	371251	371251	371251	371251	371137	371137	371137	371137	371168	371168	371168	371168	371118	371118	371118	371118	371167	371167	371167	371167	??
ZZ	4058	85816	  0	 14	 37	  0	371182	371182	371182	371276	371276	371276	371276	371170	371170	371170	371170	371205	371205	371205	371205	371212	371212	371212	371212	371173	??
ZZ	4059	85837	  0	 14	 37	  0	371173	371173	371225	371225	371225	371225	371140	371140	371140	371140	371246	371246	371246	371246	371167	371167	371167	371167	371145	371145	??
ZZ	4060	85858	  1	 13	 51	  0	371145	371170	371170	371170	371170	371212	371212	371212	371212	371197	371197	371197	371197	371147	371147	371147	371147	371204	371204	371204	??
ZZ	4061	85879	  1	 13	 51	  0	371176	371176	371176	371176	371182	371182	371182	371182	371170	371170	371170	371170	371173	371173	371173	371173	371163	371163	371163	371163	??
ZZ	4062	85900	  1	 13	 51	  0	371249	371249	371249	371194	371194	371194	371194	371054	371054	371054	371054	371223	371223	371223	371223	371156	371156	371156	371156	371231	??
ZZ	4063	85921	  1	 13	 51	  0	371231	371231	371232	371232	371232	371232	371155	371155	371155	371155	371243	371243	371243	371243	371223	371223	371223	371223	371155	371155	??
ZZ	4064	85943	  1	 13	 51	  0	371155	371164	371164	371164	371164	371135	371135	371135	371135	371262	371262	371262	371262	371242	371242	371242	371242	371223	371223	371223	??
ZZ	4065	85964	  1	 13	 51	  0	371170	371170	371170	371170	371176	371176	371176	371176	371310	371310	371310	371310	371035	371035	371035	371035	371187	371187	371187	371187	??
ZZ	4066	85985	  1	 13	 51	  0	371251	371251	371251	371145	371145	371145	371145	371198	371198	371198	371198	371005	371005	371005	371005	371253	371253	371253	371253	371165	??
ZZ	4067	86006	  1	 13	 51	  0	371165	371165	371222	371222	371222	371222	371200	371200	371200	371200	371238	371238	371238	371238	371129	371129	371129	371129	371185	371185	??
ZZ	4068	86027	  1	 13	 51	  0	371185	371185	371185	371185	371185	371178	371178	371178	371178	371207	371207	371207	371207	371122	371122	371122	371122	371144	371144	371144	??
ZZ	4069	86048	  1	 13	 51	  0	371176	371176	371176	371176	371313	371313	371313	371313	371236	371236	371236	371236	371088	371088	371088	371088	371016	371016	371016	371016	??
ZZ	4070	86069	  2	 16	 27	  0	371113	371113	371113	371155	371155	371155	371155	371050	371050	371050	371050	371127	371127	371127	371127	371251	371251	371251	371251	371200	??
ZZ	4071	86091	  2	 16	 27	  0	371200	371200	371177	371177	371177	371177	371222	371222	371222	371222	371122	371122	371122	371122	371114	371114	371114	371114	371129	371129	??
ZZ	4072	86112	  2	 16	 27	  0	371129	371141	371141	371141	371141	371242	371242	371242	371242	371269	371269	371269	371269	371194	371194	371194	371194	371178	371178	371178	??
ZZ	4073	86133	  2	 16	 27	  0	371140	371140	371140	371140	371182	371182	371182	371182	371231	371231	371231	371231	371153	371153	371153	371153	371254	371254	371254	371254	??
ZZ	4074	86154	  2	 16	 27	  0	371167	371167	371167	371231	371231	371231	371231	371159	371159	371159	371159	371198	371198	371198	371198	371177	371177	371177	371177	371249	??
ZZ	4075	86175	  2	 16	 27	  0	371249	371249	371098	371098	371098	371098	371296	371296	371296	371296	371080	371080	371080	371080	371225	371225	371225	371225	371137	371137	??
ZZ	4076	86196	  2	 16	 27	  0	371137	371129	371129	371129	371129	371135	371135	371135	371135	371201	371201	371201	371201	371231	371231	371231	371231	371215	371215	371215	??
ZZ	4077	86217	  2	 16	 27	  0	371219	371219	371219	371219	371184	371184	371184	371184	371046	371046	371046	371046	371197	371197	371197	371197	371141	371141	371141	371141	??
ZZ	4078	86239	  2	 16	 27	  0	371114	371114	371114	371065	371065	371065	371065	371080	371080	371080	371080	371099	371099	371099	371099	371065	371065	371065	371065	371088	??
ZZ	4079	86260	  2	 16	 27	  0	371088	371088	371166	371166	371166	371166	371103	371103	371103	371103	371246	371246	371246	371246	371145	371145	371145	371145	371179	371179	??
ZZ	4080	86281	  2	 16	 27	  0	371179	371219	371219	371219	371219	371280	371280	371280	371280	371174	371174	371174	371174	371265	371265	371265	371265	371249	371249	371249	??
ZZ	4081	86302	  2	 16	 27	  0	371194	371194	371194	371194	371080	371080	371080	371080	371185	371185	371185	371185	371185	371185	371185	371185	371133	371133	371133	371133	??
ZZ	4082	86323	  2	 16	 27	  0	371205	371205	371205	371317	371317	371317	371317	371058	371058	371058	371058	371167	371167	371167	371167	371144	371144	371144	371144	371257	??
ZZ	4083	86344	  2	 13	 21	  0	371257	371257	371147	371147	371147	371147	371227	371227	371227	371227	371199	371199	371199	371199	371251	371251	371251	371251	371185	371185	??
ZZ	4084	86366	  2	 13	 21	  0	371185	371165	371165	371165	371165	371223	371223	371223	371223	371261	371261	371261	371261	371168	371168	371168	371168	371197	371197	371197	??
ZZ	4085	86387	  2	 13	 21	  0	371147	371147	371147	371147	371163	371163	371163	371163	371251	371251	371251	371251	371164	371164	371164	371164	371091	371091	371091	371091	??
ZZ	4086	86408	  2	 13	 21	  0	371129	371129	371129	371159	371159	371159	371159	371114	371114	371114	371114	371065	371065	371065	371065	371139	371139	371139	371139	371268	??
ZZ	4087	86429	  2	 13	 21	  0	371268	371268	371223	371223	371223	371223	371238	371238	371238	371238	371304	371304	371304	371304	371269	371269	371269	371269	371193	371193	??
ZZ	4088	86450	  2	 13	 21	  0	371193	371164	371164	371164	371164	371202	371202	371202	371202	371133	371133	371133	371133	371178	371178	371178	371178	371123	371123	371123	??
ZZ	4089	86471	  2	 13	 21	  0	371230	371230	371230	371230	371123	371123	371123	371123	371178	371178	371178	371178	371253	371253	371253	371253	371175	371175	371175	371175	??
ZZ	4090	86492	  2	  8	  6	  0	371227	371227	371227	371111	371111	371111	371111	371160	371160	371160	371160	371125	371125	371125	371125	371132	371132	371132	371132	371182	??
ZZ	4091	86513	  2	  8	  6	  0	371182	371182	371118	371118	371118	371118	371153	371153	371153	371153	371235	371235	371235	371235	371110	371110	371110	371110	371162	371162	??
ZZ	4092	86535	  2	  8	  6	  0	371162	371178	371178	371178	371178	371103	371103	371103	371103	371146	371146	371146	371146	371069	371069	371069	371069	371106	371106	371106	??
ZZ	4093	86556	  2	  8	  6	  0	371150	371150	371150	371150	371148	371148	371148	371148	371148	371148	371148	371148	371095	371095	371095	371095	371313	371313	371313	371313	??
ZZ	4094	86577	  2	  8	  6	  0	371185	371185	371185	371204	371204	371204	371204	371174	371174	371174	371174	371102	371102	371102	371102	371197	371197	371197	371197	371012	??
ZZ	4095	86598	  2	  8	  6	  0	371012	371012	371121	371121	371121	371121	371137	371137	371137	371137	371186	371186	371186	371186	371319	371319	371319	371319	371170	371170	??
ZZ	4096	86619	  2	  8	  6	  0	371170	371202	371202	371202	371202	371268	371268	371268	371268	371148	371148	371148	371148	371196	371196	371196	371196	371167	371167	371167	??
ZZ	4097	86640	  2	  8	  6	  0	371133	371133	371133	371133	371162	371162	371162	371162	371194	371194	371194	371194	371201	371201	371201	371201	371061	371061	371061	371061	??
ZZ	4098	86662	  2	  8	  6	  0	371076	371076	371076	371172	371172	371172	371172	371073	371073	371073	371073	371194	371194	371194	371194	371137	371137	371137	371137	371236	??
ZZ	4099	86683	  2	  8	  6	  0	371236	371236	371201	371201	371201	371201	371080	371080	371080	371080	371133	371133	371133	371133	371112	371112	371112	371112	371170	371170	??
ZZ	4100	86704	  2	  3	  7	  0	371170	371137	371137	371137	371137	371175	371175	371175	371175	371189	371189	371189	371189	371118	371118	371118	371118	371127	371127	371127	??
ZZ	4101	86725	  2	  3	  7	  0	371058	371058	371058	371058	371094	371094	371094	371094	371152	371152	371152	371152	371069	371069	371069	371069	371185	371185	371185	371185	??
ZZ	4102	86746	  2	  3	  7	  0	371065	371065	371065	371110	371110	371110	371110	371119	371119	371119	371119	371159	371159	371159	371159	371193	371193	371193	371193	371163	??
ZZ	4103	86767	  2	  3	  7	  0	371163	371163	371140	371140	371140	371140	371197	371197	371197	371197	371204	371204	371204	371204	371167	371167	371167	371167	371134	371134	??
ZZ	4104	86788	  2	  3	  7	  0	371134	371231	371231	371231	371231	371231	371231	371231	371231	371178	371178	371178	371178	371167	371167	371167	371167	371152	371152	371152	??
ZZ	4105	86810	  2	  3	  7	  0	371119	371119	371119	371119	371276	371276	371276	371276	371251	371251	371251	371251	371185	371185	371185	371185	371035	371035	371035	371035	??
ZZ	4106	86831	  2	  3	  7	  0	371213	371213	371213	371196	371196	371196	371196	371224	371224	371224	371224	371191	371191	371191	371191	371058	371058	371058	371058	371152	??
ZZ	4107	86852	  2	  3	  7	  0	371152	371152	371132	371132	371132	371132	371031	371031	371031	371031	371133	371133	371133	371133	371084	371084	371084	371084	371129	371129	??
ZZ	4108	86873	  2	  3	  7	  0	371129	371141	371141	371141	371141	371224	371224	371224	371224	371129	371129	371129	371129	371130	371130	371130	371130	371160	371160	371160	??
ZZ	4109	86894	  2	  3	  7	  0	371215	371215	371215	371215	371148	371148	371148	371148	371219	371219	371219	371219	371146	371146	371146	371146	371148	371148	371148	371148	??
ZZ	4110	86915	  3	  7	 11	  0	371140	371140	371140	371162	371162	371162	371162	371190	371190	371190	371190	371091	371091	371091	371091	371203	371203	371203	371203	371208	??
ZZ	4111	86936	  3	  7	 11	  0	371208	371208	371160	371160	371160	371160	371144	371144	371144	371144	371216	371216	371216	371216	371219	371219	371219	371219	371152	371152	??
ZZ	4112	86958	  3	  7	 11	  0	371152	371080	371080	371080	371080	371117	371117	371117	371117	371005	371005	371005	371005	371227	371227	371227	371227	371118	371118	371118	??
ZZ	4113	86979	  3	  7	 11	  0	371073	371073	371073	371073	371147	371147	371147	371147	371145	371145	371145	371145	371197	371197	371197	371197	371243	371243	371243	371243	??
ZZ	4114	87000	  3	  7	 11	  0	371232	371232	371232	371147	371147	371147	371147	371138	371138	371138	371138	371178	371178	371178	371178	371106	371106	371106	371106	371068	??
ZZ	4115	87021	  3	  7	 11	  0	371068	371068	371148	371148	371148	371148	371150	371150	371150	371150	371338	371338	371338	371338	371204	371204	371204	371204	371236	371236	??
ZZ	4116	87042	  3	  7	 11	  0	371236	371148	371148	371148	371148	371118	371118	371118	371118	371123	371123	371123	371123	371193	371193	371193	371193	371152	371152	371152	??
ZZ	4117	87063	  3	  7	 11	  0	371217	371217	371217	371217	371182	371182	371182	371182	371190	371190	371190	371190	371088	371088	371088	371088	371223	371223	371223	371223	??
ZZ	4118	87084	  3	  7	 11	  0	371153	371153	371153	371151	371151	371151	371151	371163	371163	371163	371163	371189	371189	371189	371189	371122	371122	371122	371122	371238	??
ZZ	4119	87105	  3	  7	 11	  0	371238	371238	371104	371104	371104	371104	371231	371231	371231	371231	371103	371103	371103	371103	371159	371159	371159	371159	371208	371208	??
ZZ	4120	87127	  3	  7	 11	  0	371208	371195	371195	371195	371195	371231	371231	371231	371231	371088	371088	371088	371088	371168	371168	371168	371168	371246	371246	371246	??
ZZ	4121	87148	  3	  7	 11	  0	371170	371170	371170	371170	371231	371231	371231	371231	371008	371008	371008	371008	371110	371110	371110	371110	371213	371213	371213	371213	??
ZZ	4122	87169	  3	  7	 11	  0	371114	371114	371114	371150	371150	371150	371150	371210	371210	371210	371210	371277	371277	371277	371277	371148	371148	371148	371148	371201	??
ZZ	4123	87190	  3	  7	 11	  0	371201	371201	371184	371184	371184	371184	371209	371209	371209	371209	371160	371160	371160	371160	371200	371200	371200	371200	371228	371228	??
ZZ	4124	87211	  1	 11	 21	  0	371228	371260	371260	371260	371260	371170	371170	371170	371170	371095	371095	371095	371095	371208	371208	371208	371208	371175	371175	371175	??
ZZ	4125	87233	  1	 11	 21	  0	371208	371208	371208	371208	371108	371108	371108	371108	371148	371148	371148	371148	371167	371167	371167	371167	371215	371215	371215	371215	??
ZZ	4126	87254	  1	 11	 21	  0	371129	371129	371129	371203	371203	371203	371203	371196	371196	371196	371196	371148	371148	371148	371148	371174	371174	371174	371174	371153	??
ZZ	4127	87275	  1	 11	 21	  0	371153	371153	371283	371283	371283	371283	371280	371280	371280	371280	371073	371073	371073	371073	371091	371091	371091	371091	371114	371114	??
ZZ	4128	87296	  1	 11	 21	  0	371114	371061	371061	371061	371061	371137	371137	371137	371137	371120	371120	371120	371120	371265	371265	371265	371265	371302	371302	371302	??
ZZ	4129	87317	  1	 11	 21	  0	371265	371265	371265	371265	371156	371156	371156	371156	371193	371193	371193	371193	371197	371197	371197	371197	371209	371209	371209	371209	??
ZZ	4130	87338	  1	 11	 21	  0	371192	371192	371192	371219	371219	371219	371219	371246	371246	371246	371246	371163	371163	371163	371163	371224	371224	371224	371224	371223	??
ZZ	4131	87359	  1	 11	 21	  0	371223	371223	371200	371200	371200	371200	371216	371216	371216	371216	371220	371220	371220	371220	371106	371106	371106	371106	371185	371185	??
ZZ	4132	87380	  2	 12	 31	  0	371185	371185	371185	371185	371185	371137	371137	371137	371137	371185	371185	371185	371185	371200	371200	371200	371200	371234	371234	371234	??
ZZ	4133	87402	  2	 12	 31	  0	371193	371193	371193	371193	371198	371198	371198	371198	371177	371177	371177	371177	371124	371124	371124	371124	371201	371201	371201	371201	??
ZZ	4134	87423	  2	 12	 31	  0	371224	371224	371224	371208	371208	371208	371208	371192	371192	371192	371192	371155	371155	371155	371155	371159	371159	371159	371159	371219	??
ZZ	4135	87444	  2	 12	 31	  0	371219	371219	371190	371190	371190	371190	371086	371086	371086	371086	371152	371152	371152	371152	371158	371158	371158	371158	371205	371205	??
ZZ	4136	87465	  2	 12	 31	  0	371205	371201	371201	371201	371201	371218	371218	371218	371218	371147	371147	371147	371147	371160	371160	371160	371160	371167	371167	371167	??
ZZ	4137	87486	  2	 12	 31	  0	371241	371241	371241	371241	371233	371233	371233	371233	371186	371186	371186	371186	371197	371197	371197	371197	371204	371204	371204	371204	??
ZZ	4138	87507	  2	 12	 31	  0	371099	371099	371099	371144	371144	371144	371144	371150	371150	371150	371150	371159	371159	371159	371159	371174	371174	371174	371174	371161	??
ZZ	4139	87529	  2	 12	 31	  0	371161	371161	371162	371162	371162	371162	371157	371157	371157	371157	371106	371106	371106	371106	371272	371272	371272	371272	371191	371191	??
ZZ	4140	87550	  3	  3	 30	  0	371191	371298	371298	371298	371298	371088	371088	371088	371088	371193	371193	371193	371193	371136	371136	371136	371136	371258	371258	371258	??
ZZ	4141	87571	  3	  3	 30	  0	371200	371200	371200	371200	371254	371254	371254	371254	371125	371125	371125	371125	371243	371243	371243	371243	371133	371133	371133	371133	??
ZZ	4142	87592	  3	  3	 30	  0	371141	371141	371141	371208	371208	371208	371208	371084	371084	371084	371084	371141	371141	371141	371141	371065	371065	371065	371065	371216	??
ZZ	4143	87613	  3	  3	 30	  0	371216	371216	371135	371135	371135	371135	371137	371137	371137	371137	371157	371157	371157	371157	371073	371073	371073	371073	371257	371257	??
ZZ	4144	87634	  3	  3	 30	  0	371257	371177	371177	371177	371177	371148	371148	371148	371148	371182	371182	371182	371182	371173	371173	371173	371173	371223	371223	371223	??
ZZ	4145	87655	  3	  3	 30	  0	371140	371140	371140	371140	371152	371152	371152	371152	371251	371251	371251	371251	371147	371147	371147	371147	371159	371159	371159	371159	??
ZZ	4146	87676	  3	  3	 30	  0	371129	371129	371129	371132	371132	371132	371132	371152	371152	371152	371152	371137	371137	371137	371137	371136	371136	371136	371136	371219	??
ZZ	4147	87698	  3	  3	 30	  0	371219	371219	371170	371170	371170	371170	371175	371175	371175	371175	371189	371189	371189	371189	371181	371181	371181	371181	371129	371129	??
ZZ	4148	87719	  3	  3	 30	  0	371129	371221	371221	371221	371221	371152	371152	371152	371152	371237	371237	371237	371237	371242	371242	371242	371242	371205	371205	371205	??
ZZ	4149	87740	  3	  3	 30	  0	371125	371125	371125	371125	371128	371128	371128	371128	371295	371295	371295	371295	371238	371238	371238	371238	371221	371221	371221	371221	??
ZZ	4150	87761	  4	  6	 23	  0	371118	371118	371118	371219	371219	371219	371219	371208	371208	371208	371208	371219	371219	371219	371219	371080	371080	371080	371080	371213	??
ZZ	4151	87782	  4	  6	 23	  0	371213	371213	371194	371194	371194	371194	371179	371179	371179	371179	371249	371249	371249	371249	371118	371118	371118	371118	371213	371213	??
ZZ	4152	87803	  4	  6	 23	  0	371213	371290	371290	371290	371290	371121	371121	371121	371121	371203	371203	371203	371203	371205	371205	371205	371205	371129	371129	371129	??
ZZ	4153	87825	  4	  6	 23	  0	371153	371153	371153	371153	371170	371170	371170	371170	371132	371132	371132	371132	371223	371223	371223	371223	371287	371287	371287	371287	??
ZZ	4154	87846	  4	  6	 23	  0	371261	371261	371261	371148	371148	371148	371148	371194	371194	371194	371194	371149	371149	371149	371149	371189	371189	371189	371189	371254	??
ZZ	4155	87867	  4	  6	 23	  0	371254	371254	371213	371213	371213	371213	371239	371239	371239	371239	371215	371215	371215	371215	371171	371171	371171	371171	370945	370945	??
ZZ	4156	87888	  4	  6	 23	  0	370945	371055	371055	371055	371055	371273	371273	371273	371273	371186	371186	371186	371186	371184	371184	371184	371184	371084	371084	371084	??
ZZ	4157	87909	  4	  6	 23	  0	371212	371212	371212	371212	371172	371172	371172	371172	371091	371091	371091	371091	371139	371139	371139	371139	371137	371137	371137	371137	??
ZZ	4158	87930	  4	  6	 23	  0	371076	371076	371076	371085	371085	371085	371085	371106	371106	371106	371106	371302	371302	371302	371302	371210	371210	371210	371210	371227	??
ZZ	4159	87951	  4	  6	 23	  0	371227	371227	371274	371274	371274	371274	371210	371210	371210	371210	371194	371194	371194	371194	371156	371156	371156	371156	371125	371125	??
ZZ	4160	87972	  3	  8	 11	  0	371125	371225	371225	371225	371225	371085	371085	371085	371085	371227	371227	371227	371227	371265	371265	371265	371265	371202	371202	371202	??
ZZ	4161	87994	  3	  8	 11	  0	371137	371137	371137	371137	371145	371145	371145	371145	371109	371109	371109	371109	371238	371238	371238	371238	371138	371138	371138	371138	??
ZZ	4162	88015	  3	  8	 11	  0	371132	371132	371132	371035	371035	371035	371035	371142	371142	371142	371142	371091	371091	371091	371091	371148	371148	371148	371148	371175	??
ZZ	4163	88036	  3	  8	 11	  0	371175	371175	371155	371155	371155	371155	371179	371179	371179	371179	371174	371174	371174	371174	371080	371080	371080	371080	371166	371166	??
ZZ	4164	88057	  3	  8	 11	  0	371166	371237	371237	371237	371237	371114	371114	371114	371114	371192	371192	371192	371192	371201	371201	371201	371201	371198	371198	371198	??
ZZ	4165	88078	  3	  8	 11	  0	371168	371168	371168	371168	371224	371224	371224	371224	371162	371162	371162	371162	371190	371190	371190	371190	371170	371170	371170	371170	??
ZZ	4166	88099	  3	  8	 11	  0	371214	371214	371214	371321	371321	371321	371321	371174	371174	371174	371174	371203	371203	371203	371203	371129	371129	371129	371129	371106	??
ZZ	4167	88121	  3	  8	 11	  0	371106	371106	371141	371141	371141	371141	371046	371046	371046	371046	371134	371134	371134	371134	371027	371027	371027	371027	371125	371125	??
ZZ	4168	88142	  3	  8	 11	  0	371125	371113	371113	371113	371113	371178	371178	371178	371178	371254	371254	371254	371254	371131	371131	371131	371131	371137	371137	371137	??
ZZ	4169	88163	  3	  8	 11	  0	371207	371207	371207	371207	371164	371164	371164	371164	371272	371272	371272	371272	371177	371177	371177	371177	371295	371295	371295	371295	??
ZZ	4170	88184	  3	  6	 10	  0	371238	371238	371238	371156	371156	371156	371156	371234	371234	371234	371234	371163	371163	371163	371163	371204	371204	371204	371204	371084	??
ZZ	4171	88205	  3	  6	 10	  0	371084	371084	371141	371141	371141	371141	371165	371165	371165	371165	371171	371171	371171	371171	371197	371197	371197	371197	371099	371099	??
ZZ	4172	88226	  3	  6	 10	  0	371099	371233	371233	371233	371233	371199	371199	371199	371199	371163	371163	371163	371163	371223	371223	371223	371223	371112	371112	371112	??
ZZ	4173	88248	  3	  6	 10	  0	371144	371144	371144	371144	371118	371118	371118	371118	371137	371137	371137	371137	371186	371186	371186	371186	371188	371188	371188	371188	??
ZZ	4174	88269	  3	  6	 10	  0	371121	371121	371121	371234	371234	371234	371234	371164	371164	371164	371164	371174	371174	371174	371174	371163	371163	371163	371163	371115	??
ZZ	4175	88290	  3	  6	 10	  0	371115	371115	371201	371201	371201	371201	371136	371136	371136	371136	371216	371216	371216	371216	371148	371148	371148	371148	371151	371151	??
ZZ	4176	88311	  3	  6	 10	  0	371151	371151	371151	371151	371151	371133	371133	371133	371133	371151	371151	371151	371151	371189	371189	371189	371189	371194	371194	371194	??
ZZ	4177	88332	  3	  6	 10	  0	371210	371210	371210	371210	371198	371198	371198	371198	371231	371231	371231	371231	371110	371110	371110	371110	371182	371182	371182	371182	??
ZZ	4178	88353	  3	  6	 10	  0	371122	371122	371122	371080	371080	371080	371080	371054	371054	371054	371054	371190	371190	371190	371190	371197	371197	371197	371197	371159	??
ZZ	4179	88374	  3	  6	 10	  0	371159	371159	371241	371241	371241	371241	371095	371095	371095	371095	371155	371155	371155	371155	371246	371246	371246	371246	371330	371330	??
ZZ	4180	88395	  3	  3	  5	  0	371330	371218	371218	371218	371218	371167	371167	371167	371167	371076	371076	371076	371076	371147	371147	371147	371147	371245	371245	371245	??
ZZ	4181	88417	  3	  3	  5	  0	371140	371140	371140	371140	371196	371196	371196	371196	371121	371121	371121	371121	371150	371150	371150	371150	371235	371235	371235	371235	??
ZZ	4182	88438	  3	  3	  5	  0	371163	371163	371163	371189	371189	371189	371189	371223	371223	371223	371223	371205	371205	371205	371205	371211	371211	371211	371211	371253	??
ZZ	4183	88459	  3	  3	  5	  0	371253	371253	371178	371178	371178	371178	371207	371207	371207	371207	371125	371125	371125	371125	371218	371218	371218	371218	371243	371243	??
ZZ	4184	88480	  3	  3	  5	  0	371243	371222	371222	371222	371222	371191	371191	371191	371191	371261	371261	371261	371261	371197	371197	371197	371197	371165	371165	371165	??
ZZ	4185	88501	  3	  3	  5	  0	371216	371216	371216	371216	371167	371167	371167	371167	371170	371170	371170	371170	371204	371204	371204	371204	371187	371187	371187	371187	??
ZZ	4186	88522	  3	  3	  5	  0	371152	371152	371152	371125	371125	371125	371125	371152	371152	371152	371152	371219	371219	371219	371219	371223	371223	371223	371223	371191	??
ZZ	4187	88544	  3	  3	  5	  0	371191	371191	371137	371137	371137	371137	371196	371196	371196	371196	371148	371148	371148	371148	371167	371167	371167	371167	371181	371181	??
ZZ	4188	88565	  3	  3	  5	  0	371181	371193	371193	371193	371193	371212	371212	371212	371212	371208	371208	371208	371208	371163	371163	371163	371163	371219	371219	371219	??
ZZ	4189	88586	  3	  3	  5	  0	371144	371144	371144	371144	371201	371201	371201	371201	371124	371124	371124	371124	371148	371148	371148	371148	371148	371148	371148	371148	??
ZZ	4190	88607	  3	  3	  5	  0	371118	371118	371118	371069	371069	371069	371069	371182	371182	371182	371182	371130	371130	371130	371130	371155	371155	371155	371155	371050	??
ZZ	4191	88628	  3	  3	  5	  0	371050	371050	371129	371129	371129	371129	371114	371114	371114	371114	371134	371134	371134	371134	371208	371208	371208	371208	371129	371129	??
ZZ	4192	88649	  3	  3	  5	  0	371129	371228	371228	371228	371228	371126	371126	371126	371126	371234	371234	371234	371234	371174	371174	371174	371174	371073	371073	371073	??
ZZ	4193	88670	  2	  3	  6	  0	371182	371182	371182	371182	371123	371123	371123	371123	371167	371167	371167	371167	371176	371176	371176	371176	371216	371216	371216	371216	??
ZZ	4194	88691	  2	  3	  6	  0	371185	371185	371185	371261	371261	371261	371261	371152	371152	371152	371152	371167	371167	371167	371167	371133	371133	371133	371133	371152	??
ZZ	4195	88713	  2	  3	  6	  0	371152	371152	371155	371155	371155	371155	371141	371141	371141	371141	371209	371209	371209	371209	371065	371065	371065	371065	371080	371080	??
ZZ	4196	88734	  2	  3	  6	  0	371080	371084	371084	371084	371084	371128	371128	371128	371128	371133	371133	371133	371133	371223	371223	371223	371223	371153	371153	371153	??
ZZ	4197	88755	  2	  3	  6	  0	371140	371140	371140	371140	371144	371144	371144	371144	371135	371135	371135	371135	371152	371152	371152	371152	371162	371162	371162	371162	??
ZZ	4198	88776	  2	  3	  6	  0	371205	371205	371205	371072	371072	371072	371072	371179	371179	371179	371179	371140	371140	371140	371140	371208	371208	371208	371208	371168	??
ZZ	4199	88797	  2	  3	  6	  0	371168	371168	371065	371065	371065	371065	371144	371144	371144	371144	371111	371111	371111	371111	371253	371253	371253	371253	371169	371169	??
ZZ	4200	88818	  2	  3	  7	  0	371169	371219	371219	371219	371219	371310	371310	371310	371310	371250	371250	371250	371250	371258	371258	371258	371258	371185	371185	371185	??
ZZ	4201	88840	  2	  3	  7	  0	371200	371200	371200	371200	371167	371167	371167	371167	371159	371159	371159	371159	371267	371267	371267	371267	371198	371198	371198	371198	??
ZZ	4202	88861	  2	  3	  7	  0	371168	371168	371168	371290	371290	371290	371290	371148	371148	371148	371148	371216	371216	371216	371216	371234	371234	371234	371234	371054	??
ZZ	4203	88882	  2	  3	  7	  0	371054	371054	371130	371130	371130	371130	371163	371163	371163	371163	371187	371187	371187	371187	371118	371118	371118	371118	371193	371193	??
ZZ	4204	88903	  2	  3	  7	  0	371193	371167	371167	371167	371167	371277	371277	371277	371277	371317	371317	371317	371317	371152	371152	371152	371152	371061	371061	371061	??
ZZ	4205	88924	  2	  3	  7	  0	371207	371207	371207	371207	371076	371076	371076	371076	371257	371257	371257	371257	371113	371113	371113	371113	371073	371073	371073	371073	??
ZZ	4206	88945	  2	  3	  7	  0	371137	371137	371137	371076	371076	371076	371076	371261	371261	371261	371261	371249	371249	371249	371249	371215	371215	371215	371215	371107	??
ZZ	4207	88966	  2	  3	  7	  0	371107	371107	371151	371151	371151	371151	371165	371165	371165	371165	371095	371095	371095	371095	371172	371172	371172	371172	371001	371001	??
ZZ	4208	88987	  2	  3	  7	  0	371001	371191	371191	371191	371191	371116	371116	371116	371116	371256	371256	371256	371256	371238	371238	371238	371238	371191	371191	371191	??
ZZ	4209	89009	  2	  3	  7	  0	371225	371225	371225	371225	371174	371174	371174	371174	371119	371119	371119	371119	371137	371137	371137	371137	371050	371050	371050	371050	??
ZZ	4210	89030	  3	  5	  9	  0	371254	371254	371254	371156	371156	371156	371156	371132	371132	371132	371132	371065	371065	371065	371065	371133	371133	371133	371133	371098	??
ZZ	4211	89051	  3	  5	  9	  0	371098	371098	371167	371167	371167	371167	371261	371261	371261	371261	371180	371180	371180	371180	371088	371088	371088	371088	371123	371123	??
ZZ	4212	89072	  3	  5	  9	  0	371123	371198	371198	371198	371198	371198	371198	371198	371198	371211	371211	371211	371211	371069	371069	371069	371069	371249	371249	371249	??
ZZ	4213	89093	  3	  5	  9	  0	371144	371144	371144	371144	371069	371069	371069	371069	371107	371107	371107	371107	371104	371104	371104	371104	371174	371174	371174	371174	??
ZZ	4214	89114	  3	  5	  9	  0	371216	371216	371216	371272	371272	371272	371272	371170	371170	371170	371170	371147	371147	371147	371147	371179	371179	371179	371179	371121	??
ZZ	4215	89136	  3	  5	  9	  0	371121	371121	371100	371100	371100	371100	371185	371185	371185	371185	371179	371179	371179	371179	371349	371349	371349	371349	371042	371042	??
ZZ	4216	89157	  3	  5	  9	  0	371042	371234	371234	371234	371234	371178	371178	371178	371178	371103	371103	371103	371103	371160	371160	371160	371160	371167	371167	371167	??
ZZ	4217	89178	  3	  5	  9	  0	371148	371148	371148	371148	371145	371145	371145	371145	370989	370989	370989	370989	371114	371114	371114	371114	371227	371227	371227	371227	??
ZZ	4218	89199	  3	  5	  9	  0	371234	371234	371234	371193	371193	371193	371193	371125	371125	371125	371125	371216	371216	371216	371216	371134	371134	371134	371134	371092	??
ZZ	4219	89220	  3	  5	  9	  0	371092	371092	371121	371121	371121	371121	371059	371059	371059	371059	371174	371174	371174	371174	371089	371089	371089	371089	371170	371170	??
ZZ	4220	89241	  4	  7	  9	  0	371170	371148	371148	371148	371148	371114	371114	371114	371114	371198	371198	371198	371198	371182	371182	371182	371182	371177	371177	371177	??
ZZ	4221	89262	  4	  7	  9	  0	371166	371166	371166	371166	371073	371073	371073	371073	371135	371135	371135	371135	371110	371110	371110	371110	371144	371144	371144	371144	??
ZZ	4222	89283	  4	  7	  9	  0	371099	371099	371099	371077	371077	371077	371077	371152	371152	371152	371152	371209	371209	371209	371209	371121	371121	371121	371121	371225	??
ZZ	4223	89305	  4	  7	  9	  0	371225	371225	371106	371106	371106	371106	371167	371167	371167	371167	371175	371175	371175	371175	371182	371182	371182	371182	371189	371189	??
ZZ	4224	89326	  4	  7	  9	  0	371189	371035	371035	371035	371035	371219	371219	371219	371219	371204	371204	371204	371204	371163	371163	371163	371163	371144	371144	371144	??
ZZ	4225	89347	  4	  7	  9	  0	371095	371095	371095	371095	371292	371292	371292	371292	371152	371152	371152	371152	371114	371114	371114	371114	371054	371054	371054	371054	??
ZZ	4226	89368	  4	  7	  9	  0	371130	371130	371130	371310	371310	371310	371310	371193	371193	371193	371193	371166	371166	371166	371166	371159	371159	371159	371159	371178	??
ZZ	4227	89389	  4	  7	  9	  0	371178	371178	371175	371175	371175	371175	371155	371155	371155	371155	371156	371156	371156	371156	371114	371114	371114	371114	371174	371174	??
ZZ	4228	89410	  4	  7	  9	  0	371174	371188	371188	371188	371188	371181	371181	371181	371181	371170	371170	371170	371170	371205	371205	371205	371205	371080	371080	371080	??
ZZ	4229	89432	  4	  7	  9	  0	371310	371310	371310	371310	371131	371131	371131	371131	371133	371133	371133	371133	371070	371070	371070	371070	371155	371155	371155	371155	??
ZZ	4230	89453	  3	  5	 16	  0	371272	371272	371272	371202	371202	371202	371202	371213	371213	371213	371213	371084	371084	371084	371084	371101	371101	371101	371101	371204	??
ZZ	4231	89474	  3	  5	 16	  0	371204	371204	371140	371140	371140	371140	371163	371163	371163	371163	371141	371141	371141	371141	371121	371121	371121	371121	371265	371265	??
ZZ	4232	89495	  3	  5	 16	  0	371265	371061	371061	371061	371061	371164	371164	371164	371164	371186	371186	371186	371186	371103	371103	371103	371103	371177	371177	371177	??
ZZ	4233	89516	  3	  5	 16	  0	371215	371215	371215	371215	371296	371296	371296	371296	371209	371209	371209	371209	371189	371189	371189	371189	371152	371152	371152	371152	??
ZZ	4234	89537	  3	  5	 16	  0	371099	371099	371099	371193	371193	371193	371193	371165	371165	371165	371165	371095	371095	371095	371095	371182	371182	371182	371182	371043	??
ZZ	4235	89558	  3	  5	 16	  0	371043	371043	371292	371292	371292	371292	371144	371144	371144	371144	371167	371167	371167	371167	371167	371167	371167	371167	371091	371091	??
ZZ	4236	89579	  3	  5	 16	  0	371091	371207	371207	371207	371207	371224	371224	371224	371224	371218	371218	371218	371218	371205	371205	371205	371205	371133	371133	371133	??
ZZ	4237	89601	  3	  5	 16	  0	371141	371141	371141	371141	371118	371118	371118	371118	371238	371238	371238	371238	371191	371191	371191	371191	371170	371170	371170	371170	??
ZZ	4238	89622	  3	  5	 16	  0	371210	371210	371210	371144	371144	371144	371144	371076	371076	371076	371076	371160	371160	371160	371160	371273	371273	371273	371273	371140	??
ZZ	4239	89643	  3	  5	 16	  0	371140	371140	371185	371185	371185	371185	371223	371223	371223	371223	371171	371171	371171	371171	371159	371159	371159	371159	371174	371174	??
ZZ	4240	89664	  3	  5	 16	  0	371174	371114	371114	371114	371114	371241	371241	371241	371241	371212	371212	371212	371212	371156	371156	371156	371156	371114	371114	371114	??
ZZ	4241	89685	  3	  5	 16	  0	371162	371162	371162	371162	371157	371157	371157	371157	371306	371306	371306	371306	371242	371242	371242	371242	371076	371076	371076	371076	??
ZZ	4242	89706	  4	  2	 19	  0	371197	371197	371197	371140	371140	371140	371140	371262	371262	371262	371262	371024	371024	371024	371024	371144	371144	371144	371144	371073	??
ZZ	4243	89728	  4	  2	 19	  0	371073	371073	371170	371170	371170	371170	371088	371088	371088	371088	371171	371171	371171	371171	371184	371184	371184	371184	371190	371190	??
ZZ	4244	89749	  4	  2	 19	  0	371190	371162	371162	371162	371162	371122	371122	371122	371122	371133	371133	371133	371133	371291	371291	371291	371291	371153	371153	371153	??
ZZ	4245	89770	  4	  2	 19	  0	371163	371163	371163	371163	371095	371095	371095	371095	371123	371123	371123	371123	371185	371185	371185	371185	371163	371163	371163	371163	??
ZZ	4246	89791	  4	  2	 19	  0	371220	371220	371220	371129	371129	371129	371129	371148	371148	371148	371148	371178	371178	371178	371178	371039	371039	371039	371039	371135	??
ZZ	4247	89812	  4	  2	 19	  0	371135	371135	371182	371182	371182	371182	371050	371050	371050	371050	371156	371156	371156	371156	371238	371238	371238	371238	371225	371225	??
ZZ	4248	89833	  4	  2	 19	  0	371225	371203	371203	371203	371203	371073	371073	371073	371073	371149	371149	371149	371149	371190	371190	371190	371190	371212	371212	371212	??
ZZ	4249	89854	  4	  2	 19	  0	371154	371154	371154	371154	371204	371204	371204	371204	371238	371238	371238	371238	371156	371156	371156	371156	371042	371042	371042	371042	??
ZZ	4250	89876	  2	  3	 32	  0	371099	371099	371099	371050	371050	371050	371050	371167	371167	371167	371167	371092	371092	371092	371092	371316	371316	371316	371316	371129	??
ZZ	4251	89897	  2	  3	 32	  0	371129	371129	371157	371157	371157	371157	371220	371220	371220	371220	371208	371208	371208	371208	371180	371180	371180	371180	371183	371183	??
ZZ	4252	89918	  2	  3	 32	  0	371183	371170	371170	371170	371170	371215	371215	371215	371215	371084	371084	371084	371084	371182	371182	371182	371182	371088	371088	371088	??
ZZ	4253	89939	  2	  3	 32	  0	371129	371129	371129	371129	371082	371082	371082	371082	371005	371005	371005	371005	371122	371122	371122	371122	371118	371118	371118	371118	??
ZZ	4254	89960	  2	  3	 32	  0	371095	371095	371095	371098	371098	371098	371098	371170	371170	371170	371170	371155	371155	371155	371155	371205	371205	371205	371205	371133	??
ZZ	4255	89981	  2	  3	 32	  0	371133	371133	371227	371227	371227	371227	371104	371104	371104	371104	371145	371145	371145	371145	371141	371141	371141	371141	371261	371261	??
ZZ	4256	90003	  2	  3	 32	  0	371261	371170	371170	371170	371170	371204	371204	371204	371204	371118	371118	371118	371118	370990	370990	370990	370990	371134	371134	371134	??
ZZ	4257	90024	  2	  3	 32	  0	371114	371114	371114	371114	371122	371122	371122	371122	371157	371157	371157	371157	371159	371159	371159	371159	371195	371195	371195	371195	??
ZZ	4258	90045	  2	  3	 32	  0	371088	371088	371088	371133	371133	371133	371133	371126	371126	371126	371126	371247	371247	371247	371247	371133	371133	371133	371133	371171	??
ZZ	4259	90066	  2	  3	 32	  0	371171	371171	371211	371211	371211	371211	371288	371288	371288	371288	371156	371156	371156	371156	371223	371223	371223	371223	371127	371127	??
ZZ	4260	90087	  2	  5	 32	  0	371127	371175	371175	371175	371175	371261	371261	371261	371261	371188	371188	371188	371188	371103	371103	371103	371103	371125	371125	371125	??
ZZ	4261	90108	  2	  5	 32	  0	371085	371085	371085	371085	371182	371182	371182	371182	371058	371058	371058	371058	371100	371100	371100	371100	371145	371145	371145	371145	??
ZZ	4262	90129	  2	  5	 32	  0	371135	371135	371135	371185	371185	371185	371185	371140	371140	371140	371140	371163	371163	371163	371163	371268	371268	371268	371268	371219	??
ZZ	4263	90151	  2	  5	 32	  0	371219	371219	371214	371214	371214	371214	371141	371141	371141	371141	371175	371175	371175	371175	371124	371124	371124	371124	371129	371129	??
ZZ	4264	90172	  2	  5	 32	  0	371129	371105	371105	371105	371105	371046	371046	371046	371046	371219	371219	371219	371219	371107	371107	371107	371107	371238	371238	371238	??
ZZ	4265	90193	  2	  5	 32	  0	371329	371329	371329	371329	371238	371238	371238	371238	371281	371281	371281	371281	371149	371149	371149	371149	371223	371223	371223	371223	??
ZZ	4266	90214	  2	  5	 32	  0	371167	371167	371167	371165	371165	371165	371165	371201	371201	371201	371201	371061	371061	371061	371061	371144	371144	371144	371144	371201	??
ZZ	4267	90235	  2	  5	 32	  0	371201	371201	371185	371185	371185	371185	371198	371198	371198	371198	371012	371012	371012	371012	371169	371169	371169	371169	371129	371129	??
ZZ	4268	90256	  2	  5	 32	  0	371129	371183	371183	371183	371183	371128	371128	371128	371128	371200	371200	371200	371200	371182	371182	371182	371182	371156	371156	371156	??
ZZ	4269	90278	  2	  5	 32	  0	371076	371076	371076	371076	371193	371193	371193	371193	371100	371100	371100	371100	371189	371189	371189	371189	371148	371148	371148	371148	??
ZZ	4270	90299	  1	 11	 31	  0	371080	371080	371080	371129	371129	371129	371129	371102	371102	371102	371102	371160	371160	371160	371160	371248	371248	371248	371248	371134	??
ZZ	4271	90320	  1	 11	 31	  0	371134	371134	371153	371153	371153	371153	371253	371253	371253	371253	371210	371210	371210	371210	371046	371046	371046	371046	371082	371082	??
ZZ	4272	90341	  1	 11	 31	  0	371082	371095	371095	371095	371095	371122	371122	371122	371122	371130	371130	371130	371130	371103	371103	371103	371103	371160	371160	371160	??
ZZ	4273	90362	  1	 11	 31	  0	371159	371159	371159	371159	371073	371073	371073	371073	371148	371148	371148	371148	371118	371118	371118	371118	371058	371058	371058	371058	??
ZZ	4274	90383	  1	 11	 31	  0	371184	371184	371184	371182	371182	371182	371182	371298	371298	371298	371298	371193	371193	371193	371193	371208	371208	371208	371208	371140	??
ZZ	4275	90404	  1	 11	 31	  0	371140	371140	371153	371153	371153	371153	371099	371099	371099	371099	371146	371146	371146	371146	371172	371172	371172	371172	371218	371218	??
ZZ	4276	90426	  1	 11	 31	  0	371218	371189	371189	371189	371189	371220	371220	371220	371220	371246	371246	371246	371246	371219	371219	371219	371219	371208	371208	371208	??
ZZ	4277	90447	  1	 11	 31	  0	371174	371174	371174	371174	371168	371168	371168	371168	371129	371129	371129	371129	371152	371152	371152	371152	371092	371092	371092	371092	??
ZZ	4278	90468	  1	 11	 31	  0	371121	371121	371121	371120	371120	371120	371120	371103	371103	371103	371103	371179	371179	371179	371179	371189	371189	371189	371189	371155	??
ZZ	4279	90489	  1	 11	 31	  0	371155	371155	371198	371198	371198	371198	371193	371193	371193	371193	371156	371156	371156	371156	371189	371189	371189	371189	371001	371001	??
ZZ	4280	90510	  1	 11	 31	  0	371001	371316	371316	371316	371316	371129	371129	371129	371129	371039	371039	371039	371039	371280	371280	371280	371280	371140	371140	371140	??
ZZ	4281	90531	  1	 11	 31	  0	371035	371035	371035	371035	371224	371224	371224	371224	371150	371150	371150	371150	371110	371110	371110	371110	371105	371105	371105	371105	??
ZZ	4282	90552	  1	 11	 31	  0	371313	371313	371313	371187	371187	371187	371187	371237	371237	371237	371237	371179	371179	371179	371179	371091	371091	371091	371091	371154	??
ZZ	4283	90574	  1	 12	 31	  0	371154	371154	371110	371110	371110	371110	371144	371144	371144	371144	371125	371125	371125	371125	371133	371133	371133	371133	371138	371138	??
ZZ	4284	90595	  1	 12	 31	  0	371138	371170	371170	371170	371170	371167	371167	371167	371167	371182	371182	371182	371182	371242	371242	371242	371242	371321	371321	371321	??
ZZ	4285	90616	  1	 12	 31	  0	371195	371195	371195	371195	371213	371213	371213	371213	371061	371061	371061	371061	371088	371088	371088	371088	371129	371129	371129	371129	??
ZZ	4286	90637	  1	 12	 31	  0	371090	371090	371090	371136	371136	371136	371136	371163	371163	371163	371163	371122	371122	371122	371122	371144	371144	371144	371144	371247	??
ZZ	4287	90658	  1	 12	 31	  0	371247	371247	371201	371201	371201	371201	371218	371218	371218	371218	371110	371110	371110	371110	371185	371185	371185	371185	371152	371152	??
ZZ	4288	90679	  1	 12	 31	  0	371152	371179	371179	371179	371179	371182	371182	371182	371182	371235	371235	371235	371235	371143	371143	371143	371143	371054	371054	371054	??
ZZ	4289	90701	  1	 12	 31	  0	371147	371147	371147	371147	371070	371070	371070	371070	371125	371125	371125	371125	371154	371154	371154	371154	371156	371156	371156	371156	??
ZZ	4290	90722	  1	 14	 27	  0	371170	371170	371170	371176	371176	371176	371176	371122	371122	371122	371122	371088	371088	371088	371088	371137	371137	371137	371137	371174	??
ZZ	4291	90743	  1	 14	 27	  0	371174	371174	371133	371133	371133	371133	371139	371139	371139	371139	371220	371220	371220	371220	371107	371107	371107	371107	371122	371122	??
ZZ	4292	90764	  1	 14	 27	  0	371122	371137	371137	371137	371137	371125	371125	371125	371125	371173	371173	371173	371173	371103	371103	371103	371103	371193	371193	371193	??
ZZ	4293	90785	  1	 14	 27	  0	370990	370990	370990	370990	371137	371137	371137	371137	371130	371130	371130	371130	371133	371133	371133	371133	371154	371154	371154	371154	??
ZZ	4294	90806	  1	 14	 27	  0	370989	370989	370989	371061	371061	371061	371061	371120	371120	371120	371120	371095	371095	371095	371095	371103	371103	371103	371103	371052	??
ZZ	4295	90827	  1	 14	 27	  0	371052	371052	371144	371144	371144	371144	371223	371223	371223	371223	371079	371079	371079	371079	371155	371155	371155	371155	371104	371104	??
ZZ	4296	90848	  1	 14	 27	  0	371104	371233	371233	371233	371233	371171	371171	371171	371171	371210	371210	371210	371210	371159	371159	371159	371159	371103	371103	371103	??
ZZ	4297	90870	  1	 14	 27	  0	371122	371122	371122	371122	371129	371129	371129	371129	371223	371223	371223	371223	371156	371156	371156	371156	371118	371118	371118	371118	??
ZZ	4298	90891	  1	 14	 27	  0	371139	371139	371139	371137	371137	371137	371137	371272	371272	371272	371272	371170	371170	371170	371170	371125	371125	371125	371125	371322	??
ZZ	4299	90912	  1	 14	 27	  0	371322	371322	371147	371147	371147	371147	371163	371163	371163	371163	371163	371163	371163	371163	371133	371133	371133	371133	371253	371253	??
ZZ	4300	90933	  1	 16	 27	  0	371253	371182	371182	371182	371182	371058	371058	371058	371058	371193	371193	371193	371193	371090	371090	371090	371090	371276	371276	371276	??
ZZ	4301	90954	  1	 16	 27	  0	371205	371205	371205	371205	371199	371199	371199	371199	371121	371121	371121	371121	371185	371185	371185	371185	371165	371165	371165	371165	??
ZZ	4302	90975	  1	 16	 27	  0	371076	371076	371076	371193	371193	371193	371193	371061	371061	371061	371061	371058	371058	371058	371058	371165	371165	371165	371165	371257	??
ZZ	4303	90997	  1	 16	 27	  0	371257	371257	371039	371039	371039	371039	371176	371176	371176	371176	371249	371249	371249	371249	371164	371164	371164	371164	371175	371175	??
ZZ	4304	91018	  1	 16	 27	  0	371175	371282	371282	371282	371282	371163	371163	371163	371163	371129	371129	371129	371129	371182	371182	371182	371182	371165	371165	371165	??
ZZ	4305	91039	  1	 16	 27	  0	371005	371005	371005	371005	371197	371197	371197	371197	371173	371173	371173	371173	371141	371141	371141	371141	371091	371091	371091	371091	??
ZZ	4306	91060	  1	 16	 27	  0	371213	371213	371213	371129	371129	371129	371129	371171	371171	371171	371171	371261	371261	371261	371261	371110	371110	371110	371110	371239	??
ZZ	4307	91081	  1	 16	 27	  0	371239	371239	371106	371106	371106	371106	371159	371159	371159	371159	371186	371186	371186	371186	371208	371208	371208	371208	371188	371188	??
ZZ	4308	91102	  1	 16	 27	  0	371188	371148	371148	371148	371148	371141	371141	371141	371141	371195	371195	371195	371195	371213	371213	371213	371213	371219	371219	371219	??
ZZ	4309	91123	  1	 16	 27	  0	371186	371186	371186	371186	371167	371167	371167	371167	371201	371201	371201	371201	371146	371146	371146	371146	371125	371125	371125	371125	??
ZZ	4310	91144	  2	 16	 16	  0	371110	371110	371110	371222	371222	371222	371222	371152	371152	371152	371152	371135	371135	371135	371135	371163	371163	371163	371163	371182	??
ZZ	4311	91166	  2	 16	 16	  0	371182	371182	371176	371176	371176	371176	371223	371223	371223	371223	371170	371170	371170	371170	371207	371207	371207	371207	371140	371140	??
ZZ	4312	91187	  2	 16	 16	  0	371140	371202	371202	371202	371202	371231	371231	371231	371231	371080	371080	371080	371080	371130	371130	371130	371130	371118	371118	371118	??
ZZ	4313	91208	  2	 16	 16	  0	371164	371164	371164	371164	371113	371113	371113	371113	371143	371143	371143	371143	371246	371246	371246	371246	371144	371144	371144	371144	??
ZZ	4314	91229	  2	 16	 16	  0	371242	371242	371242	371183	371183	371183	371183	371106	371106	371106	371106	371238	371238	371238	371238	371165	371165	371165	371165	371159	??
ZZ	4315	91250	  2	 16	 16	  0	371159	371159	371212	371212	371212	371212	371159	371159	371159	371159	371242	371242	371242	371242	371188	371188	371188	371188	371268	371268	??
ZZ	4316	91271	  2	 16	 16	  0	371268	371187	371187	371187	371187	371288	371288	371288	371288	371234	371234	371234	371234	371103	371103	371103	371103	371146	371146	371146	??
ZZ	4317	91293	  2	 16	 16	  0	371118	371118	371118	371118	371204	371204	371204	371204	371174	371174	371174	371174	371084	371084	371084	371084	371104	371104	371104	371104	??
ZZ	4318	91314	  2	 16	 16	  0	371205	371205	371205	371216	371216	371216	371216	371251	371251	371251	371251	371118	371118	371118	371118	371095	371095	371095	371095	371150	??
ZZ	4319	91335	  2	 16	 16	  0	371150	371150	371140	371140	371140	371140	371073	371073	371073	371073	371103	371103	371103	371103	371155	371155	371155	371155	371121	371121	??
ZZ	4320	91356	  1	 16	 15	  0	371121	371218	371218	371218	371218	371137	371137	371137	371137	371116	371116	371116	371116	371247	371247	371247	371247	371061	371061	371061	??
ZZ	4321	91377	  1	 16	 15	  0	371128	371128	371128	371128	371167	371167	371167	371167	370948	370948	370948	370948	371095	371095	371095	371095	371235	371235	371235	371235	??
ZZ	4322	91398	  1	 16	 15	  0	371123	371123	371123	371287	371287	371287	371287	371054	371054	371054	371054	371195	371195	371195	371195	371227	371227	371227	371227	371121	??
ZZ	4323	91419	  1	 16	 15	  0	371121	371121	371182	371182	371182	371182	371065	371065	371065	371065	371189	371189	371189	371189	371136	371136	371136	371136	371190	371190	??
ZZ	4324	91441	  1	 16	 15	  0	371190	371230	371230	371230	371230	371179	371179	371179	371179	371246	371246	371246	371246	371176	371176	371176	371176	371148	371148	371148	??
ZZ	4325	91462	  1	 16	 15	  0	371167	371167	371167	371167	371123	371123	371123	371123	371182	371182	371182	371182	371197	371197	371197	371197	371174	371174	371174	371174	??
ZZ	4326	91483	  1	 16	 15	  0	371189	371189	371189	371185	371185	371185	371185	371114	371114	371114	371114	371235	371235	371235	371235	371159	371159	371159	371159	371106	??
ZZ	4327	91504	  1	 16	 15	  0	371106	371106	371004	371004	371004	371004	371125	371125	371125	371125	371195	371195	371195	371195	371179	371179	371179	371179	371206	371206	??
ZZ	4328	91525	  1	 16	 15	  0	371206	371069	371069	371069	371069	371186	371186	371186	371186	371247	371247	371247	371247	371107	371107	371107	371107	371164	371164	371164	??
ZZ	4329	91546	  1	 16	 15	  0	371152	371152	371152	371152	371133	371133	371133	371133	371154	371154	371154	371154	371088	371088	371088	371088	371080	371080	371080	371080	??
ZZ	4330	91567	  1	 16	 15	  0	371190	371190	371190	371203	371203	371203	371203	371164	371164	371164	371164	371159	371159	371159	371159	371099	371099	371099	371099	371148	??
ZZ	4331	91589	  1	 16	 15	  0	371148	371148	371238	371238	371238	371238	371121	371121	371121	371121	371160	371160	371160	371160	371152	371152	371152	371152	371099	371099	??
ZZ	4332	91610	  1	 16	 15	  0	371099	371140	371140	371140	371140	371140	371140	371140	371140	371164	371164	371164	371164	371268	371268	371268	371268	371160	371160	371160	??
ZZ	4333	91631	  1	 16	 15	  0	371197	371197	371197	371197	371182	371182	371182	371182	371197	371197	371197	371197	371185	371185	371185	371185	371228	371228	371228	371228	??
ZZ	4334	91652	  1	 16	 15	  0	371181	371181	371181	371163	371163	371163	371163	371159	371159	371159	371159	371180	371180	371180	371180	371140	371140	371140	371140	371272	??
ZZ	4335	91673	  1	 16	 15	  0	371272	371272	371117	371117	371117	371117	371233	371233	371233	371233	371170	371170	371170	371170	371135	371135	371135	371135	371254	371254	??
ZZ	4336	91694	  1	 16	 15	  0	371254	371193	371193	371193	371193	371247	371247	371247	371247	371193	371193	371193	371193	371196	371196	371196	371196	371194	371194	371194	??
ZZ	4337	91715	  1	 16	 15	  0	371247	371247	371247	371247	371182	371182	371182	371182	371069	371069	371069	371069	371193	371193	371193	371193	371147	371147	371147	371147	??
ZZ	4338	91736	  1	 16	 15	  0	371210	371210	371210	371202	371202	371202	371202	371001	371001	371001	371001	371178	371178	371178	371178	371094	371094	371094	371094	371152	??
ZZ	4339	91758	  1	 16	 15	  0	371152	371152	371110	371110	371110	371110	371138	371138	371138	371138	371167	371167	371167	371167	371182	371182	371182	371182	371094	371094	??
ZZ	4340	91779	  0	 12	 17	  0	371094	371244	371244	371244	371244	371125	371125	371125	371125	371027	371027	371027	371027	371185	371185	371185	371185	371096	371096	371096	??
ZZ	4341	91800	  0	 12	 17	  0	371313	371313	371313	371313	371103	371103	371103	371103	371166	371166	371166	371166	371148	371148	371148	371148	371128	371128	371128	371128	??
ZZ	4342	91821	  0	 12	 17	  0	371020	371020	371020	371114	371114	371114	371114	371075	371075	371075	371075	371095	371095	371095	371095	370963	370963	370963	370963	371090	??
ZZ	4343	91842	  0	 12	 17	  0	371090	371090	371031	371031	371031	371031	371133	371133	371133	371133	371127	371127	371127	371127	371084	371084	371084	371084	371066	371066	??
ZZ	4344	91863	  0	 12	 17	  0	371066	371121	371121	371121	371121	371092	371092	371092	371092	371117	371117	371117	371117	371088	371088	371088	371088	371232	371232	371232	??
ZZ	4345	91885	  0	 12	 17	  0	371084	371084	371084	371084	371114	371114	371114	371114	371106	371106	371106	371106	371143	371143	371143	371143	371080	371080	371080	371080	??
ZZ	4346	91906	  0	 12	 17	  0	371145	371145	371145	371192	371192	371192	371192	371080	371080	371080	371080	371125	371125	371125	371125	371198	371198	371198	371198	371024	??
ZZ	4347	91927	  0	 12	 17	  0	371024	371024	371123	371123	371123	371123	371167	371167	371167	371167	370982	370982	370982	370982	371102	371102	371102	371102	371118	371118	??
ZZ	4348	91948	  0	 12	 17	  0	371118	371171	371171	371171	371171	371114	371114	371114	371114	371185	371185	371185	371185	371212	371212	371212	371212	371095	371095	371095	??
ZZ	4349	91969	  0	 12	 17	  0	371179	371179	371179	371179	371156	371156	371156	371156	371020	371020	371020	371020	371197	371197	371197	371197	371104	371104	371104	371104	??
ZZ	4350	91990	  0	 10	 20	  0	371136	371136	371136	371164	371164	371164	371164	371073	371073	371073	371073	371163	371163	371163	371163	371197	371197	371197	371197	371258	??
ZZ	4351	92011	  0	 10	 20	  0	371258	371258	371103	371103	371103	371103	371138	371138	371138	371138	371204	371204	371204	371204	371069	371069	371069	371069	371107	371107	??
ZZ	4352	92033	  0	 10	 20	  0	371107	371117	371117	371117	371117	371134	371134	371134	371134	371167	371167	371167	371167	371088	371088	371088	371088	371139	371139	371139	??
ZZ	4353	92054	  0	 10	 20	  0	371118	371118	371118	371118	371249	371249	371249	371249	371159	371159	371159	371159	371179	371179	371179	371179	371121	371121	371121	371121	??
ZZ	4354	92075	  0	 10	 20	  0	371219	371219	371219	371110	371110	371110	371110	371173	371173	371173	371173	371219	371219	371219	371219	371261	371261	371261	371261	371212	??
ZZ	4355	92096	  0	 10	 20	  0	371212	371212	371099	371099	371099	371099	371201	371201	371201	371201	371160	371160	371160	371160	371163	371163	371163	371163	371125	371125	??
ZZ	4356	92117	  0	 10	 20	  0	371125	371193	371193	371193	371193	371163	371163	371163	371163	371123	371123	371123	371123	371148	371148	371148	371148	370900	370900	370900	??
ZZ	4357	92138	  0	 10	 20	  0	370991	370991	370991	370991	371145	371145	371145	371145	371084	371084	371084	371084	371150	371150	371150	371150	371224	371224	371224	371224	??
ZZ	4358	92160	  0	 10	 20	  0	371178	371178	371178	371178	371178	371178	371178	370967	370967	370967	370967	371118	371118	371118	371118	371182	371182	371182	371182	371137	??
ZZ	4359	92181	  0	 10	 20	  0	371137	371137	371132	371132	371132	371132	371159	371159	371159	371159	371167	371167	371167	371167	371126	371126	371126	371126	371194	371194	??
ZZ	4360	92202	  0	  5	 25	  0	371194	371124	371124	371124	371124	371156	371156	371156	371156	371189	371189	371189	371189	371192	371192	371192	371192	371183	371183	371183	??
ZZ	4361	92223	  0	  5	 25	  0	371144	371144	371144	371144	371160	371160	371160	371160	371223	371223	371223	371223	371212	371212	371212	371212	371216	371216	371216	371216	??
ZZ	4362	92244	  0	  5	 25	  0	371088	371088	371088	371142	371142	371142	371142	371234	371234	371234	371234	371216	371216	371216	371216	371180	371180	371180	371180	371099	??
ZZ	4363	92265	  0	  5	 25	  0	371099	371099	371095	371095	371095	371095	371114	371114	371114	371114	371076	371076	371076	371076	371167	371167	371167	371167	371114	371114	??
ZZ	4364	92286	  0	  5	 25	  0	371114	371147	371147	371147	371147	371124	371124	371124	371124	371246	371246	371246	371246	371283	371283	371283	371283	371169	371169	371169	??
ZZ	4365	92308	  0	  5	 25	  0	371163	371163	371163	371163	371152	371152	371152	371152	371139	371139	371139	371139	371254	371254	371254	371254	371215	371215	371215	371215	??
ZZ	4366	92329	  0	  5	 25	  0	371182	371182	371182	371288	371288	371288	371288	371165	371165	371165	371165	371069	371069	371069	371069	371125	371125	371125	371125	371155	??
ZZ	4367	92350	  0	  5	 25	  0	371155	371155	371204	371204	371204	371204	371194	371194	371194	371194	371193	371193	371193	371193	371234	371234	371234	371234	371226	371226	??
ZZ	4368	92371	  0	  5	 25	  0	371226	371201	371201	371201	371201	371218	371218	371218	371218	371185	371185	371185	371185	371050	371050	371050	371050	371174	371174	371174	??
ZZ	4369	92392	  0	  5	 25	  0	371159	371159	371159	371159	371076	371076	371076	371076	371152	371152	371152	371152	371141	371141	371141	371141	371231	371231	371231	371231	??
ZZ	4370	92413	  0	  4	 34	  0	371169	371169	371169	371080	371080	371080	371080	371182	371182	371182	371182	371128	371128	371128	371128	371185	371185	371185	371185	371231	??
ZZ	4371	92435	  0	  4	 34	  0	371231	371231	371154	371154	371154	371154	371327	371327	371327	371327	371208	371208	371208	371208	371207	371207	371207	371207	371193	371193	??
ZZ	4372	92456	  0	  4	 34	  0	371193	371169	371169	371169	371169	371198	371198	371198	371198	371163	371163	371163	371163	371180	371180	371180	371180	371118	371118	371118	??
ZZ	4373	92477	  0	  4	 34	  0	371072	371072	371072	371072	371102	371102	371102	371102	371118	371118	371118	371118	371175	371175	371175	371175	371111	371111	371111	371111	??
ZZ	4374	92498	  0	  4	 34	  0	371012	371012	371012	371136	371136	371136	371136	371084	371084	371084	371084	371148	371148	371148	371148	371105	371105	371105	371105	370968	??
ZZ	4375	92519	  0	  4	 34	  0	370968	370968	371175	371175	371175	371175	371092	371092	371092	371092	371192	371192	371192	371192	371193	371193	371193	371193	371187	371187	??
ZZ	4376	92540	  0	  4	 34	  0	371187	371137	371137	371137	371137	371131	371131	371131	371131	371160	371160	371160	371160	371118	371118	371118	371118	371104	371104	371104	??
ZZ	4377	92562	  0	  4	 34	  0	371159	371159	371159	371159	371185	371185	371185	371185	371146	371146	371146	371146	371118	371118	371118	371118	371142	371142	371142	371142	??
ZZ	4378	92583	  0	  4	 34	  0	371068	371068	371068	370994	370994	370994	370994	371080	371080	371080	371080	371218	371218	371218	371218	371242	371242	371242	371242	371174	??
ZZ	4379	92604	  0	  4	 34	  0	371174	371174	371178	371178	371178	371178	371201	371201	371201	371201	371158	371158	371158	371158	371223	371223	371223	371223	371179	371179	??
ZZ	4380	92625	  1	  5	 30	  0	371179	371290	371290	371290	371290	371205	371205	371205	371205	371155	371155	371155	371155	371107	371107	371107	371107	371061	371061	371061	??
ZZ	4381	92646	  1	  5	 30	  0	371077	371077	371077	371077	371307	371307	371307	371307	371155	371155	371155	371155	371196	371196	371196	371196	371122	371122	371122	371122	??
ZZ	4382	92667	  1	  5	 30	  0	371106	371106	371106	371204	371204	371204	371204	371039	371039	371039	371039	371163	371163	371163	371163	371129	371129	371129	371129	371031	??
ZZ	4383	92688	  1	  5	 30	  0	371031	371031	371110	371110	371110	371110	371196	371196	371196	371196	371231	371231	371231	371231	371180	371180	371180	371180	371126	371126	??
ZZ	4384	92709	  1	  5	 30	  0	371126	371124	371124	371124	371124	371114	371114	371114	371114	371170	371170	371170	371170	371089	371089	371089	371089	371201	371201	371201	??
ZZ	4385	92731	  1	  5	 30	  0	371110	371110	371110	371110	371107	371107	371107	371107	371141	371141	371141	371141	371155	371155	371155	371155	371133	371133	371133	371133	??
ZZ	4386	92752	  1	  5	 30	  0	371203	371203	371203	371144	371144	371144	371144	371178	371178	371178	371178	371178	371178	371178	371178	371156	371156	371156	371156	371182	??
ZZ	4387	92773	  1	  5	 30	  0	371182	371182	371149	371149	371149	371149	371119	371119	371119	371119	371042	371042	371042	371042	371238	371238	371238	371238	371162	371162	??
ZZ	4388	92794	  1	  5	 30	  0	371162	370990	370990	370990	370990	371117	371117	371117	371117	371099	371099	371099	371099	371095	371095	371095	371095	371138	371138	371138	??
ZZ	4389	92815	  1	  5	 30	  0	371005	371005	371005	371005	371249	371249	371249	371249	371118	371118	371118	371118	371208	371208	371208	371208	371185	371185	371185	371185	??
ZZ	4390	92837	  1	  5	 30	  0	371258	371258	371258	371153	371153	371153	371153	371153	371153	371153	371153	371125	371125	371125	371125	371174	371174	371174	371174	371069	??
ZZ	4391	92858	  1	  5	 30	  0	371069	371069	371201	371201	371201	371201	371280	371280	371280	371280	371166	371166	371166	371166	371208	371208	371208	371208	371237	371237	??
ZZ	4392	92879	  1	  5	 30	  0	371237	371271	371271	371271	371271	371008	371008	371008	371008	371094	371094	371094	371094	371145	371145	371145	371145	371170	371170	371170	??
ZZ	4393	92900	  1	 12	 36	  0	371151	371151	371151	371151	371069	371069	371069	371069	371140	371140	371140	371140	371151	371151	371151	371151	370974	370974	370974	370974	??
ZZ	4394	92921	  1	 12	 36	  0	371194	371194	371194	371193	371193	371193	371193	371170	371170	371170	371170	371204	371204	371204	371204	371190	371190	371190	371190	371167	??
ZZ	4395	92942	  1	 12	 36	  0	371167	371167	371193	371193	371193	371193	371110	371110	371110	371110	371095	371095	371095	371095	371161	371161	371161	371161	371144	371144	??
ZZ	4396	92963	  1	 12	 36	  0	371144	371211	371211	371211	371211	371201	371201	371201	371201	371193	371193	371193	371193	371068	371068	371068	371068	371179	371179	371179	??
ZZ	4397	92984	  1	 12	 36	  0	370856	370856	370856	370856	371062	371062	371062	371062	371295	371295	371295	371295	371208	371208	371208	371208	371214	371214	371214	371214	??
ZZ	4398	93006	  1	 12	 36	  0	371155	371155	371155	371140	371140	371140	371140	371216	371216	371216	371216	371231	371231	371231	371231	371202	371202	371202	371202	371185	??
ZZ	4399	93027	  1	 12	 36	  0	371185	371185	371189	371189	371189	371189	371217	371217	371217	371217	371137	371137	371137	371137	371246	371246	371246	371246	371182	371182	??
ZZ	4400	93048	  1	 10	 28	  0	371182	371201	371201	371201	371201	371198	371198	371198	371198	371046	371046	371046	371046	371186	371186	371186	371186	371130	371130	371130	??
ZZ	4401	93069	  1	 10	 28	  0	371140	371140	371140	371140	371249	371249	371249	371249	371190	371190	371190	371190	371110	371110	371110	371110	371117	371117	371117	371117	??
ZZ	4402	93090	  1	 10	 28	  0	371272	371272	371272	371137	371137	371137	371137	371141	371141	371141	371141	371092	371092	371092	371092	371170	371170	371170	371170	371152	??
ZZ	4403	93112	  1	 10	 28	  0	371152	371152	371163	371163	371163	371163	371261	371261	371261	371261	371218	371218	371218	371218	371137	371137	371137	371137	371186	371186	??
ZZ	4404	93133	  1	 10	 28	  0	371186	371121	371121	371121	371121	371155	371155	371155	371155	371148	371148	371148	371148	371197	371197	371197	371197	371163	371163	371163	??
ZZ	4405	93154	  1	 10	 28	  0	371129	371129	371129	371129	371220	371220	371220	371220	371178	371178	371178	371178	371120	371120	371120	371120	371163	371163	371163	371163	??
ZZ	4406	93175	  1	 10	 28	  0	371140	371140	371140	371230	371230	371230	371230	371008	371008	371008	371008	371130	371130	371130	371130	371144	371144	371144	371144	371258	??
ZZ	4407	93196	  1	 10	 28	  0	371258	371258	371177	371177	371177	371177	371231	371231	371231	371231	371103	371103	371103	371103	371158	371158	371158	371158	371073	371073	??
ZZ	4408	93217	  1	 10	 28	  0	371073	371151	371151	371151	371151	371170	371170	371170	371170	371039	371039	371039	371039	371140	371140	371140	371140	371005	371005	371005	??
ZZ	4409	93238	  1	 10	 28	  0	371185	371185	371185	371185	371065	371065	371065	371065	371073	371073	371073	371073	371110	371110	371110	371110	371058	371058	371058	371058	??
ZZ	4410	93259	  2	 12	 37	  0	371069	371069	371069	371080	371080	371080	371080	371001	371001	371001	371001	371272	371272	371272	371272	371149	371149	371149	371149	371084	??
ZZ	4411	93281	  2	 12	 37	  0	371084	371084	371186	371186	371186	371186	371148	371148	371148	371148	371203	371203	371203	371203	371238	371238	371238	371238	371207	371207	??
ZZ	4412	93302	  2	 12	 37	  0	371207	371174	371174	371174	371174	371189	371189	371189	371189	371133	371133	371133	371133	371280	371280	371280	371280	371217	371217	371217	??
ZZ	4413	93323	  2	 12	 37	  0	371174	371174	371174	371174	371137	371137	371137	371137	371147	371147	371147	371147	371027	371027	371027	371027	371152	371152	371152	371152	??
ZZ	4414	93344	  2	 12	 37	  0	371095	371095	371095	371170	371170	371170	371170	371157	371157	371157	371157	371155	371155	371155	371155	371249	371249	371249	371249	371207	??
ZZ	4415	93365	  2	 12	 37	  0	371207	371207	371144	371144	371144	371144	371137	371137	371137	371137	371111	371111	371111	371111	371137	371137	371137	371137	371135	371135	??
ZZ	4416	93386	  2	 12	 37	  0	371135	371114	371114	371114	371114	371182	371182	371182	371182	371196	371196	371196	371196	371058	371058	371058	371058	371189	371189	371189	??
ZZ	4417	93408	  2	 12	 37	  0	371198	371198	371198	371198	371223	371223	371223	371223	371054	371054	371054	371054	371191	371191	371191	371191	371069	371069	371069	371069	??
ZZ	4418	93429	  2	 12	 37	  0	371206	371206	371206	371148	371148	371148	371148	371234	371234	371234	371234	371155	371155	371155	371155	371155	371155	371155	371155	371092	??
ZZ	4419	93450	  2	 12	 37	  0	371092	371092	371169	371169	371169	371169	371118	371118	371118	371118	371155	371155	371155	371155	371108	371108	371108	371108	371283	371283	??
ZZ	4420	93471	  2	 12	 17	  0	371283	371116	371116	371116	371116	371137	371137	371137	371137	371205	371205	371205	371205	371145	371145	371145	371145	371238	371238	371238	??
ZZ	4421	93492	  2	 12	 17	  0	371129	371129	371129	371129	371170	371170	371170	371170	371212	371212	371212	371212	371129	371129	371129	371129	371145	371145	371145	371145	??
ZZ	4422	93513	  2	 12	 17	  0	371167	371167	371167	371171	371171	371171	371171	371213	371213	371213	371213	371035	371035	371035	371035	371126	371126	371126	371126	371145	??
ZZ	4423	93534	  2	 12	 17	  0	371145	371145	371220	371220	371220	371220	371198	371198	371198	371198	371219	371219	371219	371219	371261	371261	371261	371261	371240	371240	??
ZZ	4424	93556	  2	 12	 17	  0	371240	371077	371077	371077	371077	371126	371126	371126	371126	371061	371061	371061	371061	371121	371121	371121	371121	371161	371161	371161	??
ZZ	4425	93577	  2	 12	 17	  0	371257	371257	371257	371257	371099	371099	371099	371099	371106	371106	371106	371106	371118	371118	371118	371118	371121	371121	371121	371121	??
ZZ	4426	93598	  2	 12	 17	  0	371118	371118	371118	371198	371198	371198	371198	371165	371165	371165	371165	371226	371226	371226	371226	371170	371170	371170	371170	371173	??
ZZ	4427	93619	  2	 12	 17	  0	371173	371173	371103	371103	371103	371103	371133	371133	371133	371133	371117	371117	371117	371117	371159	371159	371159	371159	371076	371076	??
ZZ	4428	93640	  2	 12	 17	  0	371076	371001	371001	371001	371001	371182	371182	371182	371182	371149	371149	371149	371149	371178	371178	371178	371178	371099	371099	371099	??
ZZ	4429	93661	  2	 12	 17	  0	371183	371183	371183	371183	371069	371069	371069	371069	371080	371080	371080	371080	371132	371132	371132	371132	371234	371234	371234	371234	??
ZZ	4430	93682	  2	 15	 17	  0	371160	371160	371160	371246	371246	371246	371246	371058	371058	371058	371058	371202	371202	371202	371202	371216	371216	371216	371216	371183	??
ZZ	4431	93704	  2	 15	 17	  0	371183	371183	371144	371144	371144	371144	371197	371197	371197	371197	371088	371088	371088	371088	371068	371068	371068	371068	371201	371201	??
ZZ	4432	93725	  2	 15	 17	  0	371201	371073	371073	371073	371073	371205	371205	371205	371205	371163	371163	371163	371163	371131	371131	371131	371131	371185	371185	371185	??
ZZ	4433	93746	  2	 15	 17	  0	371046	371046	371046	371046	371148	371148	371148	371148	371186	371186	371186	371186	371125	371125	371125	371125	371186	371186	371186	371186	??
ZZ	4434	93767	  2	 15	 17	  0	371213	371213	371213	371222	371222	371222	371222	371129	371129	371129	371129	371223	371223	371223	371223	371175	371175	371175	371175	371152	??
ZZ	4435	93788	  2	 15	 17	  0	371152	371152	371175	371175	371175	371175	371171	371171	371171	371171	371080	371080	371080	371080	371133	371133	371133	371133	371078	371078	??
ZZ	4436	93809	  2	 15	 17	  0	371078	371193	371193	371193	371193	371107	371107	371107	371107	371091	371091	371091	371091	371171	371171	371171	371171	371110	371110	371110	??
ZZ	4437	93830	  2	 15	 17	  0	371194	371194	371194	371194	371163	371163	371163	371163	371126	371126	371126	371126	371201	371201	371201	371201	371148	371148	371148	371148	??
ZZ	4438	93851	  2	 15	 17	  0	371184	371184	371184	371091	371091	371091	371091	371143	371143	371143	371143	371182	371182	371182	371182	371031	371031	371031	371031	371106	??
ZZ	4439	93873	  2	 15	 17	  0	371106	371106	371211	371211	371211	371211	371148	371148	371148	371148	371152	371152	371152	371152	371159	371159	371159	371159	371112	371112	??
ZZ	4440	93894	  2	 15	 17	  0	371112	371201	371201	371201	371201	371137	371137	371137	371137	371194	371194	371194	371194	371216	371216	371216	371216	371152	371152	371152	??
ZZ	4441	93915	  2	 15	 17	  0	371166	371166	371166	371166	371144	371144	371144	371144	371160	371160	371160	371160	371119	371119	371119	371119	371103	371103	371103	371103	??
ZZ	4442	93936	  2	 21	 32	  0	371218	371218	371218	371118	371118	371118	371118	371225	371225	371225	371225	371208	371208	371208	371208	371155	371155	371155	371155	371005	??
ZZ	4443	93957	  2	 21	 32	  0	371005	371005	371159	371159	371159	371159	371189	371189	371189	371189	371145	371145	371145	371145	371193	371193	371193	371193	371182	371182	??
ZZ	4444	93978	  2	 21	 32	  0	371182	371163	371163	371163	371163	371171	371171	371171	371171	371178	371178	371178	371178	371199	371199	371199	371199	371145	371145	371145	??
ZZ	4445	94000	  2	 21	 32	  0	371218	371218	371218	371218	371164	371164	371164	371164	371137	371137	371137	371137	371276	371276	371276	371276	371160	371160	371160	371160	??
ZZ	4446	94021	  2	 21	 32	  0	371189	371189	371189	371152	371152	371152	371152	371046	371046	371046	371046	371163	371163	371163	371163	371151	371151	371151	371151	371163	??
ZZ	4447	94042	  2	 21	 32	  0	371163	371163	371107	371107	371107	371107	371103	371103	371103	371103	371225	371225	371225	371225	371295	371295	371295	371295	371157	371157	??
ZZ	4448	94063	  2	 21	 32	  0	371157	371126	371126	371126	371126	371067	371067	371067	371067	371276	371276	371276	371276	371167	371167	371167	371167	371267	371267	371267	??
ZZ	4449	94084	  2	 21	 32	  0	371076	371076	371076	371076	371234	371234	371234	371234	371140	371140	371140	371140	371189	371189	371189	371189	371159	371159	371159	371159	??
ZZ	4450	94105	  2	 22	 38	  0	371225	371225	371225	371261	371261	371261	371261	371184	371184	371184	371184	371088	371088	371088	371088	371152	371152	371152	371152	371161	??
ZZ	4451	94126	  2	 22	 38	  0	371161	371161	371099	371099	371099	371099	371280	371280	371280	371280	371166	371166	371166	371166	371174	371174	371174	371174	370971	370971	??
ZZ	4452	94148	  2	 22	 38	  0	370971	371123	371123	371123	371123	371190	371190	371190	371190	371139	371139	371139	371139	371223	371223	371223	371223	371110	371110	371110	??
ZZ	4453	94169	  2	 22	 38	  0	371185	371185	371185	371185	371125	371125	371125	371125	371204	371204	371204	371204	371148	371148	371148	371148	371283	371283	371283	371283	??
ZZ	4454	94190	  2	 22	 38	  0	371227	371227	371227	371205	371205	371205	371205	371220	371220	371220	371220	371188	371188	371188	371188	371113	371113	371113	371113	371114	??
ZZ	4455	94211	  2	 22	 38	  0	371114	371114	371093	371093	371093	371093	371148	371148	371148	371148	371144	371144	371144	371144	371094	371094	371094	371094	371144	371144	??
ZZ	4456	94232	  2	 22	 38	  0	371144	371123	371123	371123	371123	371193	371193	371193	371193	371103	371103	371103	371103	371136	371136	371136	371136	371216	371216	371216	??
ZZ	4457	94253	  2	 22	 38	  0	371118	371118	371118	371118	371148	371148	371148	371148	371193	371193	371193	371193	371076	371076	371076	371076	371131	371131	371131	371131	??
ZZ	4458	94274	  2	 22	 38	  0	371139	371139	371139	371244	371244	371244	371244	371106	371106	371106	371106	371039	371039	371039	371039	371171	371171	371171	371171	370990	??
ZZ	4459	94296	  2	 22	 38	  0	370990	370990	371202	371202	371202	371202	371134	371134	371134	371134	371039	371039	371039	371039	371216	371216	371216	371216	371131	371131	??
ZZ	4460	94317	  2	 18	 20	  0	371131	371238	371238	371238	371238	371118	371118	371118	371118	371193	371193	371193	371193	371242	371242	371242	371242	371104	371104	371104	??
ZZ	4461	94338	  2	 18	 20	  0	371096	371096	371096	371096	371185	371185	371185	371185	371128	371128	371128	371128	371272	371272	371272	371272	371205	371205	371205	371205	??
ZZ	4462	94359	  2	 18	 20	  0	371135	371135	371135	371197	371197	371197	371197	371105	371105	371105	371105	371213	371213	371213	371213	371137	371137	371137	371137	371130	??
ZZ	4463	94380	  2	 18	 20	  0	371130	371130	371183	371183	371183	371183	370975	370975	370975	370975	371095	371095	371095	371095	371005	371005	371005	371005	371095	371095	??
ZZ	4464	94401	  2	 18	 20	  0	371095	371104	371104	371104	371104	371065	371065	371065	371065	371087	371087	371087	371087	371084	371084	371084	371084	371137	371137	371137	??
ZZ	4465	94422	  2	 18	 20	  0	371123	371123	371123	371123	371167	371167	371167	371167	371182	371182	371182	371182	371157	371157	371157	371157	371076	371076	371076	371076	??
ZZ	4466	94443	  2	 18	 20	  0	371178	371178	371178	371128	371128	371128	371128	371179	371179	371179	371179	371080	371080	371080	371080	371076	371076	371076	371076	371095	??
ZZ	4467	94465	  2	 18	 20	  0	371095	371095	371079	371079	371079	371079	371223	371223	371223	371223	371027	371027	371027	371027	371131	371131	371131	371131	371095	371095	??
ZZ	4468	94486	  2	 18	 20	  0	371095	371051	371051	371051	371051	371142	371142	371142	371142	371231	371231	371231	371231	371174	371174	371174	371174	371148	371148	371148	??
ZZ	4469	94507	  2	 18	 20	  0	371152	371152	371152	371152	371214	371214	371214	371214	371095	371095	371095	371095	371170	371170	371170	371170	371156	371156	371156	371156	??
ZZ	4470	94528	  1	  8	 11	  0	371065	371065	371065	371090	371090	371090	371090	371126	371126	371126	371126	371189	371189	371189	371189	371119	371119	371119	371119	371219	??
ZZ	4471	94549	  1	  8	 11	  0	371219	371219	371278	371278	371278	371278	371155	371155	371155	371155	371196	371196	371196	371196	371227	371227	371227	371227	371137	371137	??
ZZ	4472	94570	  1	  8	 11	  0	371137	371087	371087	371087	371087	371063	371063	371063	371063	371110	371110	371110	371110	371167	371167	371167	371167	371118	371118	371118	??
ZZ	4473	94592	  1	  8	 11	  0	371211	371211	371211	371211	371145	371145	371145	371145	371160	371160	371160	371160	371065	371065	371065	371065	371261	371261	371261	371261	??
ZZ	4474	94613	  1	  8	 11	  0	371202	371202	371202	371163	371163	371163	371163	371151	371151	371151	371151	371159	371159	371159	371159	371148	371148	371148	371148	371133	??
ZZ	4475	94634	  1	  8	 11	  0	371133	371133	371213	371213	371213	371213	371107	371107	371107	371107	371132	371132	371132	371132	371042	371042	371042	371042	371291	371291	??
ZZ	4476	94655	  1	  8	 11	  0	371291	371107	371107	371107	371107	371167	371167	371167	371167	371130	371130	371130	371130	371224	371224	371224	371224	371219	371219	371219	??
ZZ	4477	94676	  1	  8	 11	  0	371165	371165	371165	371165	371163	371163	371163	371163	371073	371073	371073	371073	371160	371160	371160	371160	371208	371208	371208	371208	??
ZZ	4478	94697	  1	  8	 11	  0	371182	371182	371182	371190	371190	371190	371190	371189	371189	371189	371189	371163	371163	371163	371163	371276	371276	371276	371276	371046	??
ZZ	4479	94718	  1	  8	 11	  0	371046	371046	371192	371192	371192	371192	371035	371035	371035	371035	371194	371194	371194	371194	371159	371159	371159	371159	371159	371159	??
ZZ	4480	94740	  1	  8	 11	  0	371159	371167	371167	371167	371167	371146	371146	371146	371146	371204	371204	371204	371204	371166	371166	371166	371166	371114	371114	371114	??
ZZ	4481	94761	  1	  8	 11	  0	371088	371088	371088	371088	371072	371072	371072	371072	371265	371265	371265	371265	371163	371163	371163	371163	371220	371220	371220	371220	??
ZZ	4482	94782	  1	  8	 11	  0	371110	371110	371110	371169	371169	371169	371169	371186	371186	371186	371186	371061	371061	371061	371061	371203	371203	371203	371203	371065	??
ZZ	4483	94803	  1	  5	  9	  0	371065	371065	370990	370990	370990	370990	371083	371083	371083	371083	371242	371242	371242	371242	371216	371216	371216	371216	371179	371179	??
ZZ	4484	94824	  1	  5	  9	  0	371179	371102	371102	371102	371102	371160	371160	371160	371160	371031	371031	371031	371031	371118	371118	371118	371118	371155	371155	371155	??
ZZ	4485	94845	  1	  5	  9	  0	371042	371042	371042	371042	371185	371185	371185	371185	371079	371079	371079	371079	371246	371246	371246	371246	371234	371234	371234	371234	??
ZZ	4486	94866	  1	  5	  9	  0	371142	371142	371142	371144	371144	371144	371144	371132	371132	371132	371132	371012	371012	371012	371012	371095	371095	371095	371095	371165	??
ZZ	4487	94888	  1	  5	  9	  0	371165	371165	371182	371182	371182	371182	371121	371121	371121	371121	371117	371117	371117	371117	371103	371103	371103	371103	371152	371152	??
ZZ	4488	94909	  1	  5	  9	  0	371152	371157	371157	371157	371157	371216	371216	371216	371216	371141	371141	371141	371141	371099	371099	371099	371099	371091	371091	371091	??
ZZ	4489	94930	  1	  5	  9	  0	371126	371126	371126	371126	371126	371126	371126	371126	371204	371204	371204	371204	371170	371170	371170	371170	371167	371167	371167	371167	??
ZZ	4490	94951	  1	  7	 12	  0	371065	371065	371065	371099	371099	371099	371099	371133	371133	371133	371133	371129	371129	371129	371129	371099	371099	371099	371099	371268	??
ZZ	4491	94972	  1	  7	 12	  0	371268	371268	371192	371192	371192	371192	371154	371154	371154	371154	371121	371121	371121	371121	371111	371111	371111	371111	371178	371178	??
ZZ	4492	94994	  1	  7	 12	  0	371178	371190	371190	371190	371190	371210	371210	371210	371210	371148	371148	371148	371148	371138	371138	371138	371138	371155	371155	371155	??
ZZ	4493	95015	  1	  7	 12	  0	371054	371054	371054	371054	371135	371135	371135	371135	371167	371167	371167	371167	371073	371073	371073	371073	371116	371116	371116	371116	??
ZZ	4494	95036	  1	  7	 12	  0	371253	371253	371253	371140	371140	371140	371140	371185	371185	371185	371185	371114	371114	371114	371114	371181	371181	371181	371181	371204	??
ZZ	4495	95057	  1	  7	 12	  0	371204	371204	371149	371149	371149	371149	371168	371168	371168	371168	371136	371136	371136	371136	371185	371185	371185	371185	371110	371110	??
ZZ	4496	95078	  1	  7	 12	  0	371110	371117	371117	371117	371117	371065	371065	371065	371065	371080	371080	371080	371080	371216	371216	371216	371216	371084	371084	371084	??
ZZ	4497	95099	  1	  7	 12	  0	371163	371163	371163	371163	371095	371095	371095	371095	371120	371120	371120	371120	371216	371216	371216	371216	371208	371208	371208	371208	??
ZZ	4498	95120	  1	  7	 12	  0	371215	371215	371215	371118	371118	371118	371118	371179	371179	371179	371179	371234	371234	371234	371234	371155	371155	371155	371155	371154	??
ZZ	4499	95141	  1	  7	 12	  0	371154	371154	371174	371174	371174	371174	371137	371137	371137	371137	371192	371192	371192	371192	371291	371291	371291	371291	371189	371189	??
ZZ	4500	95163	  1	 11	 16	  0	371189	371184	371184	371184	371184	371205	371205	371205	371205	371069	371069	371069	371069	371126	371126	371126	371126	371114	371114	371114	??
ZZ	4501	95184	  1	 11	 16	  0	371118	371118	371118	371118	371333	371333	371333	371333	371163	371163	371163	371163	371191	371191	371191	371191	371133	371133	371133	371133	??
ZZ	4502	95205	  1	 11	 16	  0	370960	370960	370960	371110	371110	371110	371110	371249	371249	371249	371249	371157	371157	371157	371157	371140	371140	371140	371140	371009	??
ZZ	4503	95226	  1	 11	 16	  0	371009	371009	371127	371127	371127	371127	371126	371126	371126	371126	371185	371185	371185	371185	371168	371168	371168	371168	371027	371027	??
ZZ	4504	95247	  1	 11	 16	  0	371027	371075	371075	371075	371075	371204	371204	371204	371204	371182	371182	371182	371182	371095	371095	371095	371095	371065	371065	371065	??
ZZ	4505	95268	  1	 11	 16	  0	371167	371167	371167	371167	371124	371124	371124	371124	371198	371198	371198	371198	371129	371129	371129	371129	371134	371134	371134	371134	??
ZZ	4506	95290	  1	 11	 16	  0	371171	371171	371171	371133	371133	371133	371133	371171	371171	371171	371171	371295	371295	371295	371295	371213	371213	371213	371213	371209	??
ZZ	4507	95311	  1	 11	 16	  0	371209	371209	371192	371192	371192	371192	371115	371115	371115	371115	371246	371246	371246	371246	371137	371137	371137	371137	371150	371150	??
ZZ	4508	95332	  1	 11	 16	  0	371150	371197	371197	371197	371197	371116	371116	371116	371116	371129	371129	371129	371129	370990	370990	370990	370990	371112	371112	371112	??
ZZ	4509	95353	  1	 11	 16	  0	371193	371193	371193	371193	371178	371178	371178	371178	371188	371188	371188	371188	371212	371212	371212	371212	371160	371160	371160	371160	??
ZZ	4510	95374	  1	 12	 26	  0	371172	371172	371172	371129	371129	371129	371129	371122	371122	371122	371122	371167	371167	371167	371167	371140	371140	371140	371140	371161	??
ZZ	4511	95395	  1	 12	 26	  0	371161	371161	371238	371238	371238	371238	371152	371152	371152	371152	371178	371178	371178	371178	371145	371145	371145	371145	371234	371234	??
ZZ	4512	95416	  1	 12	 26	  0	371234	371176	371176	371176	371176	371227	371227	371227	371227	371149	371149	371149	371149	371174	371174	371174	371174	371231	371231	371231	??
ZZ	4513	95438	  1	 12	 26	  0	371148	371148	371148	371148	371167	371167	371167	371167	371223	371223	371223	371223	371159	371159	371159	371159	371159	371159	371159	371159	??
ZZ	4514	95459	  1	 12	 26	  0	371167	371167	371167	371128	371128	371128	371128	371126	371126	371126	371126	371127	371127	371127	371127	371201	371201	371201	371201	371114	??
ZZ	4515	95480	  1	 12	 26	  0	371114	371114	371186	371186	371186	371186	371061	371061	371061	371061	371243	371243	371243	371243	371133	371133	371133	371133	371167	371167	??
ZZ	4516	95501	  1	 12	 26	  0	371167	371167	371167	371167	371167	371152	371152	371152	371152	371189	371189	371189	371189	371269	371269	371269	371269	371144	371144	371144	??
ZZ	4517	95522	  1	 12	 26	  0	371023	371023	371023	371023	371071	371071	371071	371071	371329	371329	371329	371329	371027	371027	371027	371027	371145	371145	371145	371145	??
ZZ	4518	95543	  1	 12	 26	  0	371178	371178	371178	371039	371039	371039	371039	371238	371238	371238	371238	371039	371039	371039	371039	371149	371149	371149	371149	371106	??
ZZ	4519	95564	  1	 12	 26	  0	371106	371106	371149	371149	371149	371149	371132	371132	371132	371132	371140	371140	371140	371140	371204	371204	371204	371204	371131	371131	??
ZZ	4520	95586	  1	 12	 26	  0	371131	371061	371061	371061	371061	371139	371139	371139	371139	371201	371201	371201	371201	371125	371125	371125	371125	371175	371175	371175	??
ZZ	4521	95607	  1	 12	 26	  0	371117	371117	371117	371117	371160	371160	371160	371160	371111	371111	371111	371111	371190	371190	371190	371190	371039	371039	371039	371039	??
ZZ	4522	95628	  1	 12	 26	  0	371064	371064	371064	371238	371238	371238	371238	371104	371104	371104	371104	371167	371167	371167	371167	371103	371103	371103	371103	371151	??
ZZ	4523	95649	  1	 12	 26	  0	371151	371151	371183	371183	371183	371183	371129	371129	371129	371129	371147	371147	371147	371147	371091	371091	371091	371091	371171	371171	??
ZZ	4524	95670	  3	 12	 28	  0	371171	371111	371111	371111	371111	371061	371061	371061	371061	371069	371069	371069	371069	371009	371009	371009	371009	371249	371249	371249	??
ZZ	4525	95691	  3	 12	 28	  0	371151	371151	371151	371151	371155	371155	371155	371155	371114	371114	371114	371114	371148	371148	371148	371148	371209	371209	371209	371209	??
ZZ	4526	95712	  3	 12	 28	  0	371242	371242	371242	371161	371161	371161	371161	371261	371261	371261	371261	371207	371207	371207	371207	371190	371190	371190	371190	371231	??
ZZ	4527	95734	  3	 12	 28	  0	371231	371231	371169	371169	371169	371169	371072	371072	371072	371072	371088	371088	371088	371088	371072	371072	371072	371072	371156	371156	??
ZZ	4528	95755	  3	 12	 28	  0	371156	371196	371196	371196	371196	371143	371143	371143	371143	371129	371129	371129	371129	371154	371154	371154	371154	371106	371106	371106	??
ZZ	4529	95776	  3	 12	 28	  0	371035	371035	371035	371035	371109	371109	371109	371109	371224	371224	371224	371224	371317	371317	371317	371317	371232	371232	371232	371232	??
ZZ	4530	95797	  3	 12	 28	  0	371076	371076	371076	371184	371184	371184	371184	371219	371219	371219	371219	371197	371197	371197	371197	371206	371206	371206	371206	371329	??
ZZ	4531	95818	  3	 12	 28	  0	371329	371329	371148	371148	371148	371148	371198	371198	371198	371198	371253	371253	371253	371253	371133	371133	371133	371133	371167	371167	??
ZZ	4532	95839	  2	 13	 35	  0	371167	371159	371159	371159	371159	371143	371143	371143	371143	371167	371167	371167	371167	371042	371042	371042	371042	371083	371083	371083	??
ZZ	4533	95861	  2	 13	 35	  0	371267	371267	371267	371267	371035	371035	371035	371035	371149	371149	371149	371149	371204	371204	371204	371204	371118	371118	371118	371118	??
ZZ	4534	95882	  2	 13	 35	  0	371154	371154	371154	371121	371121	371121	371121	371155	371155	371155	371155	371137	371137	371137	371137	371155	371155	371155	371155	371139	??
ZZ	4535	95903	  2	 13	 35	  0	371139	371139	371058	371058	371058	371058	371170	371170	371170	371170	371152	371152	371152	371152	371088	371088	371088	371088	371178	371178	??
ZZ	4536	95924	  2	 13	 35	  0	371178	371137	371137	371137	371137	371091	371091	371091	371091	371116	371116	371116	371116	371148	371148	371148	371148	371201	371201	371201	??
ZZ	4537	95945	  2	 13	 35	  0	371117	371117	371117	371117	371193	371193	371193	371193	371114	371114	371114	371114	371126	371126	371126	371126	371125	371125	371125	371125	??
ZZ	4538	95966	  2	 13	 35	  0	371216	371216	371216	371149	371149	371149	371149	371126	371126	371126	371126	371142	371142	371142	371142	371287	371287	371287	371287	371148	??
ZZ	4539	95987	  2	 13	 35	  0	371148	371148	371181	371181	371181	371181	371009	371009	371009	371009	371099	371099	371099	371099	371140	371140	371140	371140	371258	371258	??
ZZ	4540	96008	  3	 11	 25	  0	371258	371054	371054	371054	371054	371191	371191	371191	371191	371208	371208	371208	371208	371178	371178	371178	371178	371223	371223	371223	??
ZZ	4541	96030	  3	 11	 25	  0	371189	371189	371189	371189	371137	371137	371137	371137	371058	371058	371058	371058	371193	371193	371193	371193	371132	371132	371132	371132	??
ZZ	4542	96051	  3	 11	 25	  0	371148	371148	371148	371144	371144	371144	371144	371175	371175	371175	371175	371208	371208	371208	371208	371146	371146	371146	371146	371141	??
ZZ	4543	96072	  3	 11	 25	  0	371141	371141	371136	371136	371136	371136	371127	371127	371127	371127	371208	371208	371208	371208	371050	371050	371050	371050	371150	371150	??
ZZ	4544	96093	  3	 11	 25	  0	371150	371091	371091	371091	371091	371188	371188	371188	371188	371160	371160	371160	371160	371121	371121	371121	371121	371142	371142	371142	??
ZZ	4545	96114	  3	 11	 25	  0	371058	371058	371058	371058	371148	371148	371148	371148	371138	371138	371138	371138	371189	371189	371189	371189	371253	371253	371253	371253	??
ZZ	4546	96135	  3	 11	 25	  0	371170	371170	371170	371186	371186	371186	371186	371089	371089	371089	371089	371114	371114	371114	371114	371231	371231	371231	371231	371175	??
ZZ	4547	96157	  3	 11	 25	  0	371175	371175	371197	371197	371197	371197	371103	371103	371103	371103	371105	371105	371105	371105	371238	371238	371238	371238	371106	371106	??
ZZ	4548	96178	  3	 11	 25	  0	371106	371126	371126	371126	371126	371249	371249	371249	371249	371172	371172	371172	371172	371249	371249	371249	371249	371208	371208	371208	??
ZZ	4549	96199	  3	 11	 25	  0	371171	371171	371171	371171	371129	371129	371129	371129	371140	371140	371140	371140	371135	371135	371135	371135	371122	371122	371122	371122	??
ZZ	4550	96220	  2	 10	 30	  0	371155	371155	371155	371167	371167	371167	371167	371012	371012	371012	371012	371182	371182	371182	371182	371174	371174	371174	371174	371198	??
ZZ	4551	96241	  2	 10	 30	  0	371198	371198	371123	371123	371123	371123	371181	371181	371181	371181	371216	371216	371216	371216	371105	371105	371105	371105	371140	371140	??
ZZ	4552	96262	  2	 10	 30	  0	371140	371133	371133	371133	371133	371088	371088	371088	371088	371251	371251	371251	371251	371155	371155	371155	371155	371213	371213	371213	??
ZZ	4553	96283	  2	 10	 30	  0	371233	371233	371233	371233	371255	371255	371255	371255	371246	371246	371246	371246	371106	371106	371106	371106	371165	371165	371165	371165	??
ZZ	4554	96305	  2	 10	 30	  0	371148	371148	371148	371164	371164	371164	371164	371167	371167	371167	371167	371058	371058	371058	371058	371140	371140	371140	371140	371050	??
ZZ	4555	96326	  2	 10	 30	  0	371050	371050	371166	371166	371166	371166	371133	371133	371133	371133	371148	371148	371148	371148	371103	371103	371103	371103	371129	371129	??
ZZ	4556	96347	  2	 10	 30	  0	371129	371129	371129	371129	371129	371158	371158	371158	371158	371156	371156	371156	371156	371208	371208	371208	371208	371132	371132	371132	??
ZZ	4557	96368	  2	 10	 30	  0	371170	371170	371170	371170	371201	371201	371201	371201	371161	371161	371161	371161	371121	371121	371121	371121	371167	371167	371167	371167	??
ZZ	4558	96389	  2	 10	 30	  0	371127	371127	371127	371170	371170	371170	371170	371162	371162	371162	371162	371246	371246	371246	371246	371129	371129	371129	371129	371144	??
ZZ	4559	96410	  2	 10	 30	  0	371144	371144	371137	371137	371137	371137	371235	371235	371235	371235	371143	371143	371143	371143	371076	371076	371076	371076	371148	371148	??
ZZ	4560	96431	  3	 11	 20	  0	371148	371092	371092	371092	371092	371193	371193	371193	371193	371161	371161	371161	371161	371103	371103	371103	371103	371132	371132	371132	??
ZZ	4561	96453	  3	 11	 20	  0	371171	371171	371171	371171	371251	371251	371251	371251	371155	371155	371155	371155	371224	371224	371224	371224	371288	371288	371288	371288	??
ZZ	4562	96474	  3	 11	 20	  0	371035	371035	371035	371133	371133	371133	371133	371219	371219	371219	371219	371074	371074	371074	371074	371073	371073	371073	371073	371122	??
ZZ	4563	96495	  3	 11	 20	  0	371122	371122	371113	371113	371113	371113	371126	371126	371126	371126	371084	371084	371084	371084	371117	371117	371117	371117	371058	371058	??
ZZ	4564	96516	  3	 11	 20	  0	371058	371031	371031	371031	371031	371111	371111	371111	371111	371126	371126	371126	371126	371193	371193	371193	371193	371140	371140	371140	??
ZZ	4565	96537	  3	 11	 20	  0	371140	371140	371140	371140	371107	371107	371107	371107	371069	371069	371069	371069	371197	371197	371197	371197	371169	371169	371169	371169	??
ZZ	4566	96558	  3	 11	 20	  0	371046	371046	371046	371147	371147	371147	371147	371090	371090	371090	371090	371227	371227	371227	371227	371104	371104	371104	371104	371012	??
ZZ	4567	96580	  3	 11	 20	  0	371012	371012	371219	371219	371219	371219	371056	371056	371056	371056	371114	371114	371114	371114	371106	371106	371106	371106	371119	371119	??
ZZ	4568	96601	  3	 11	 20	  0	371119	371099	371099	371099	371099	371153	371153	371153	371153	371257	371257	371257	371257	371103	371103	371103	371103	371169	371169	371169	??
ZZ	4569	96622	  3	 11	 20	  0	371185	371185	371185	371185	371179	371179	371179	371179	371156	371156	371156	371156	371114	371114	371114	371114	371061	371061	371061	371061	??
ZZ	4570	96643	  1	 11	 22	  0	371112	371112	371112	371058	371058	371058	371058	371150	371150	371150	371150	371265	371265	371265	371265	371170	371170	371170	371170	371193	??
ZZ	4571	96664	  1	 11	 22	  0	371193	371193	371306	371306	371306	371306	371204	371204	371204	371204	371208	371208	371208	371208	371133	371133	371133	371133	371283	371283	??
ZZ	4572	96685	  1	 11	 22	  0	371283	371181	371181	371181	371181	371171	371171	371171	371171	371234	371234	371234	371234	371212	371212	371212	371212	371223	371223	371223	??
ZZ	4573	96706	  1	 11	 22	  0	371130	371130	371130	371130	371110	371110	371110	371110	371189	371189	371189	371189	371113	371113	371113	371113	371076	371076	371076	371076	??
ZZ	4574	96728	  1	 11	 22	  0	371076	371076	371076	371118	371118	371118	371118	371144	371144	371144	371144	371131	371131	371131	371131	371065	371065	371065	371065	371125	??
ZZ	4575	96749	  1	 11	 22	  0	371125	371125	371180	371180	371180	371180	371148	371148	371148	371148	371095	371095	371095	371095	371159	371159	371159	371159	371167	371167	??
ZZ	4576	96770	  1	 11	 22	  0	371167	371208	371208	371208	371208	371116	371116	371116	371116	371091	371091	371091	371091	371108	371108	371108	371108	371189	371189	371189	??
ZZ	4577	96791	  1	 11	 22	  0	371140	371140	371140	371140	371163	371163	371163	371163	371171	371171	371171	371171	371114	371114	371114	371114	371119	371119	371119	371119	??
ZZ	4578	96812	  1	 11	 22	  0	371249	371249	371249	371159	371159	371159	371159	371171	371171	371171	371171	371283	371283	371283	371283	371221	371221	371221	371221	371201	??
ZZ	4579	96833	  1	 11	 22	  0	371201	371201	371182	371182	371182	371182	371196	371196	371196	371196	371118	371118	371118	371118	370982	370982	370982	370982	371091	371091	??
ZZ	4580	96855	  1	  7	 21	  0	371091	371027	371027	371027	371027	371114	371114	371114	371114	371178	371178	371178	371178	371046	371046	371046	371046	371149	371149	371149	??
ZZ	4581	96876	  1	  7	 21	  0	371174	371174	371174	371174	371288	371288	371288	371288	371187	371187	371187	371187	371234	371234	371234	371234	371141	371141	371141	371141	??
ZZ	4582	96897	  1	  7	 21	  0	371140	371140	371140	371189	371189	371189	371189	371155	371155	371155	371155	371178	371178	371178	371178	371125	371125	371125	371125	371137	??
ZZ	4583	96918	  1	  7	 21	  0	371137	371137	371125	371125	371125	371125	371216	371216	371216	371216	371101	371101	371101	371101	371061	371061	371061	371061	371182	371182	??
ZZ	4584	96939	  1	  7	 21	  0	371182	371133	371133	371133	371133	371009	371009	371009	371009	371154	371154	371154	371154	371163	371163	371163	371163	371148	371148	371148	??
ZZ	4585	96960	  1	  7	 21	  0	371137	371137	371137	371137	371046	371046	371046	371046	371084	371084	371084	371084	371148	371148	371148	371148	371027	371027	371027	371027	??
ZZ	4586	96981	  1	  7	 21	  0	371178	371178	371178	371115	371115	371115	371115	371178	371178	371178	371178	371134	371134	371134	371134	371054	371054	371054	371054	371046	??
ZZ	4587	97003	  1	  7	 21	  0	371046	371046	371117	371117	371117	371117	371163	371163	371163	371163	371042	371042	371042	371042	371156	371156	371156	371156	371058	371058	??
ZZ	4588	97024	  1	  7	 21	  0	371058	370979	370979	370979	370979	371097	371097	371097	371097	371147	371147	371147	371147	371109	371109	371109	371109	371031	371031	371031	??
ZZ	4589	97045	  1	  7	 21	  0	371050	371050	371050	371050	371125	371125	371125	371125	371194	371194	371194	371194	371140	371140	371140	371140	371171	371171	371171	371171	??
ZZ	4590	97066	  1	  7	 21	  0	371016	371016	371016	371170	371170	371170	371170	371096	371096	371096	371096	371080	371080	371080	371080	371159	371159	371159	371159	371012	??
ZZ	4591	97087	  1	  7	 21	  0	371012	371012	371217	371217	371217	371217	371124	371124	371124	371124	371069	371069	371069	371069	371144	371144	371144	371144	371098	371098	??
ZZ	4592	97108	  1	  7	 21	  0	371098	371182	371182	371182	371182	371103	371103	371103	371103	371159	371159	371159	371159	371144	371144	371144	371144	371092	371092	371092	??
ZZ	4593	97130	  1	  5	 34	  0	371088	371088	371088	371088	371088	371088	371088	371088	371090	371090	371090	371090	371204	371204	371204	371204	371144	371144	371144	371144	??
ZZ	4594	97151	  1	  5	 34	  0	371159	371159	371159	371155	371155	371155	371155	371150	371150	371150	371150	371141	371141	371141	371141	371223	371223	371223	371223	371182	??
ZZ	4595	97172	  1	  5	 34	  0	371182	371182	371042	371042	371042	371042	371133	371133	371133	371133	371098	371098	371098	371098	371189	371189	371189	371189	371295	371295	??
ZZ	4596	97193	  1	  5	 34	  0	371295	371220	371220	371220	371220	371099	371099	371099	371099	371202	371202	371202	371202	371125	371125	371125	371125	371152	371152	371152	??
ZZ	4597	97214	  1	  5	 34	  0	371142	371142	371142	371142	371144	371144	371144	371144	370994	370994	370994	370994	371051	371051	371051	371051	371091	371091	371091	371091	??
ZZ	4598	97235	  1	  5	 34	  0	371118	371118	371118	371120	371120	371120	371120	371073	371073	371073	371073	371142	371142	371142	371142	371178	371178	371178	371178	371099	??
ZZ	4599	97256	  1	  5	 34	  0	371099	371099	371166	371166	371166	371166	371095	371095	371095	371095	371121	371121	371121	371121	371163	371163	371163	371163	371213	371213	??
ZZ	4600	97277	  1	  6	 30	  0	371213	371233	371233	371233	371233	371208	371208	371208	371208	371065	371065	371065	371065	371177	371177	371177	371177	371009	371009	371009	??
ZZ	4601	97299	  1	  6	 30	  0	371204	371204	371204	371204	371166	371166	371166	371166	371117	371117	371117	371117	371163	371163	371163	371163	371172	371172	371172	371172	??
ZZ	4602	97320	  1	  6	 30	  0	371204	371204	371204	371050	371050	371050	371050	371138	371138	371138	371138	371214	371214	371214	371214	371143	371143	371143	371143	371276	??
ZZ	4603	97341	  1	  6	 30	  0	371276	371276	371129	371129	371129	371129	371141	371141	371141	371141	371239	371239	371239	371239	371140	371140	371140	371140	371216	371216	??
ZZ	4604	97362	  1	  6	 30	  0	371216	371253	371253	371253	371253	371160	371160	371160	371160	371103	371103	371103	371103	371185	371185	371185	371185	371121	371121	371121	??
ZZ	4605	97383	  1	  6	 30	  0	371167	371167	371167	371167	371020	371020	371020	371020	371115	371115	371115	371115	371144	371144	371144	371144	371080	371080	371080	371080	??
ZZ	4606	97404	  1	  6	 30	  0	371147	371147	371147	371024	371024	371024	371024	371113	371113	371113	371113	371129	371129	371129	371129	371084	371084	371084	371084	371103	??
ZZ	4607	97426	  1	  6	 30	  0	371103	371103	371031	371031	371031	371031	371273	371273	371273	371273	371155	371155	371155	371155	371076	371076	371076	371076	371118	371118	??
ZZ	4608	97447	  1	  6	 30	  0	371118	371103	371103	371103	371103	371167	371167	371167	371167	371109	371109	371109	371109	371208	371208	371208	371208	371125	371125	371125	??
ZZ	4609	97468	  1	  6	 30	  0	371147	371147	371147	371147	371103	371103	371103	371103	371091	371091	371091	371091	371044	371044	371044	371044	371050	371050	371050	371050	??
ZZ	4610	97489	  1	  6	 46	  0	371249	371249	371249	371132	371132	371132	371132	371261	371261	371261	371261	371122	371122	371122	371122	370983	370983	370983	370983	371163	??
ZZ	4611	97510	  1	  6	 46	  0	371163	371163	371110	371110	371110	371110	371159	371159	371159	371159	371212	371212	371212	371212	371169	371169	371169	371169	371076	371076	??
ZZ	4612	97531	  1	  6	 46	  0	371076	371261	371261	371261	371261	371151	371151	371151	371151	371190	371190	371190	371190	371131	371131	371131	371131	371152	371152	371152	??
ZZ	4613	97552	  1	  6	 46	  0	371159	371159	371159	371159	371087	371087	371087	371087	371084	371084	371084	371084	371001	371001	371001	371001	371087	371087	371087	371087	??
ZZ	4614	97574	  1	  6	 46	  0	371242	371242	371242	371103	371103	371103	371103	371221	371221	371221	371221	371125	371125	371125	371125	371199	371199	371199	371199	371159	??
ZZ	4615	97595	  1	  6	 46	  0	371159	371159	371008	371008	371008	371008	371123	371123	371123	371123	370979	370979	370979	370979	371137	371137	371137	371137	371155	371155	??
ZZ	4616	97616	  1	  6	 46	  0	371155	371227	371227	371227	371227	371220	371220	371220	371220	371197	371197	371197	371197	371214	371214	371214	371214	371239	371239	371239	??
ZZ	4617	97637	  1	  6	 46	  0	371087	371087	371087	371087	371213	371213	371213	371213	371138	371138	371138	371138	371261	371261	371261	371261	371307	371307	371307	371307	??
ZZ	4618	97658	  1	  6	 46	  0	371178	371178	371178	371210	371210	371210	371210	371200	371200	371200	371200	371167	371167	371167	371167	371174	371174	371174	371174	371199	??
ZZ	4619	97679	  1	  6	 46	  0	371199	371199	371221	371221	371221	371221	371261	371261	371261	371261	371226	371226	371226	371226	371152	371152	371152	371152	371129	371129	??
ZZ	4620	97701	  1	 12	 29	  0	371129	371114	371114	371114	371114	371234	371234	371234	371234	371182	371182	371182	371182	371159	371159	371159	371159	371099	371099	371099	??
ZZ	4621	97722	  1	 12	 29	  0	371144	371144	371144	371144	371141	371141	371141	371141	371197	371197	371197	371197	371151	371151	371151	371151	371148	371148	371148	371148	??
ZZ	4622	97743	  1	 12	 29	  0	371091	371091	371091	371060	371060	371060	371060	371277	371277	371277	371277	371117	371117	371117	371117	371125	371125	371125	371125	371110	??
ZZ	4623	97764	  1	 12	 29	  0	371110	371110	371080	371080	371080	371080	371182	371182	371182	371182	371212	371212	371212	371212	371125	371125	371125	371125	371042	371042	??
ZZ	4624	97785	  1	 12	 29	  0	371042	371065	371065	371065	371065	371106	371106	371106	371106	371080	371080	371080	371080	371133	371133	371133	371133	371129	371129	371129	??
ZZ	4625	97806	  1	 12	 29	  0	371189	371189	371189	371189	371202	371202	371202	371202	371231	371231	371231	371231	371076	371076	371076	371076	371173	371173	371173	371173	??
ZZ	4626	97827	  1	 12	 29	  0	371016	371016	371016	371170	371170	371170	371170	371083	371083	371083	371083	371185	371185	371185	371185	371127	371127	371127	371127	371185	??
ZZ	4627	97848	  1	 12	 29	  0	371185	371185	371216	371216	371216	371216	371122	371122	371122	371122	371220	371220	371220	371220	371118	371118	371118	371118	371118	371118	??
ZZ	4628	97870	  1	 12	 29	  0	371118	371095	371095	371095	371095	371223	371223	371223	371223	371125	371125	371125	371125	371238	371238	371238	371238	371157	371157	371157	??
ZZ	4629	97891	  1	 12	 29	  0	371201	371201	371201	371201	371099	371099	371099	371099	371130	371130	371130	371130	371088	371088	371088	371088	371118	371118	371118	371118	??
ZZ	4630	97912	  2	 15	 38	  0	371103	371103	371103	371208	371208	371208	371208	371182	371182	371182	371182	371327	371327	371327	371327	371054	371054	371054	371054	371152	??
ZZ	4631	97933	  2	 15	 38	  0	371152	371152	371080	371080	371080	371080	371167	371167	371167	371167	371141	371141	371141	371141	371201	371201	371201	371201	371155	371155	??
ZZ	4632	97954	  2	 15	 38	  0	371155	371161	371161	371161	371161	371238	371238	371238	371238	371201	371201	371201	371201	371046	371046	371046	371046	371238	371238	371238	??
ZZ	4633	97975	  2	 15	 38	  0	371129	371129	371129	371129	371145	371145	371145	371145	371178	371178	371178	371178	371101	371101	371101	371101	371254	371254	371254	371254	??
ZZ	4634	97997	  2	 15	 38	  0	370922	370922	370922	371130	371130	371130	371130	371216	371216	371216	371216	371203	371203	371203	371203	371193	371193	371193	371193	371061	??
ZZ	4635	98018	  2	 15	 38	  0	371061	371061	371118	371118	371118	371118	371152	371152	371152	371152	371058	371058	371058	371058	371137	371137	371137	371137	371194	371194	??
ZZ	4636	98039	  2	 15	 38	  0	371194	371159	371159	371159	371159	371138	371138	371138	371138	371212	371212	371212	371212	371178	371178	371178	371178	371280	371280	371280	??
ZZ	4637	98060	  2	 15	 38	  0	371152	371152	371152	371152	371193	371193	371193	371193	371224	371224	371224	371224	371182	371182	371182	371182	371146	371146	371146	371146	??
ZZ	4638	98081	  2	 15	 38	  0	371194	371194	371194	371140	371140	371140	371140	371125	371125	371125	371125	371080	371080	371080	371080	371136	371136	371136	371136	371148	??
ZZ	4639	98102	  2	 15	 38	  0	371148	371148	371140	371140	371140	371140	371141	371141	371141	371141	371234	371234	371234	371234	371197	371197	371197	371197	371149	371149	??
ZZ	4640	98123	  2	 15	 38	  0	371149	371039	371039	371039	371039	371205	371205	371205	371205	371126	371126	371126	371126	371020	371020	371020	371020	371156	371156	371156	??
ZZ	4641	98145	  2	 15	 38	  0	371121	371121	371121	371121	371144	371144	371144	371144	371172	371172	371172	371172	371159	371159	371159	371159	371163	371163	371163	371163	??
ZZ	4642	98166	  1	 16	 19	  0	371094	371094	371094	371114	371114	371114	371114	371174	371174	371174	371174	371120	371120	371120	371120	371148	371148	371148	371148	371127	??
ZZ	4643	98187	  1	 16	 19	  0	371127	371127	371091	371091	371091	371091	371174	371174	371174	371174	371109	371109	371109	371109	371163	371163	371163	371163	371091	371091	??
ZZ	4644	98208	  1	 16	 19	  0	371091	371162	371162	371162	371162	371133	371133	371133	371133	371171	371171	371171	371171	371148	371148	371148	371148	371114	371114	371114	??
ZZ	4645	98229	  1	 16	 19	  0	371144	371144	371144	371144	371215	371215	371215	371215	371223	371223	371223	371223	371153	371153	371153	371153	371239	371239	371239	371239	??
ZZ	4646	98250	  1	 16	 19	  0	371155	371155	371155	371202	371202	371202	371202	371178	371178	371178	371178	371148	371148	371148	371148	370963	370963	370963	370963	371054	??
ZZ	4647	98272	  1	 16	 19	  0	371054	371054	371028	371028	371028	371028	371088	371088	371088	371088	371170	371170	371170	371170	371149	371149	371149	371149	371174	371174	??
ZZ	4648	98293	  1	 16	 19	  0	371174	371167	371167	371167	371167	371160	371160	371160	371160	371155	371155	371155	371155	371151	371151	371151	371151	371178	371178	371178	??
ZZ	4649	98314	  1	 16	 19	  0	371134	371134	371134	371134	371128	371128	371128	371128	371103	371103	371103	371103	371227	371227	371227	371227	371166	371166	371166	371166	??
ZZ	4650	98335	  1	 19	 21	  0	371141	371141	371141	371162	371162	371162	371162	371159	371159	371159	371159	371076	371076	371076	371076	371122	371122	371122	371122	370903	??
ZZ	4651	98356	  1	 19	 21	  0	370903	370903	371149	371149	371149	371149	371063	371063	371063	371063	371128	371128	371128	371128	371163	371163	371163	371163	371137	371137	??
ZZ	4652	98377	  1	 19	 21	  0	371137	371226	371226	371226	371226	371122	371122	371122	371122	371150	371150	371150	371150	371179	371179	371179	371179	371212	371212	371212	??
ZZ	4653	98399	  1	 19	 21	  0	371091	371091	371091	371091	371110	371110	371110	371110	371120	371120	371120	371120	371223	371223	371223	371223	371069	371069	371069	371069	??
ZZ	4654	98420	  1	 19	 21	  0	371083	371083	371083	371167	371167	371167	371167	371146	371146	371146	371146	371206	371206	371206	371206	371205	371205	371205	371205	371121	??
ZZ	4655	98441	  1	 19	 21	  0	371121	371121	371042	371042	371042	371042	371020	371020	371020	371020	371109	371109	371109	371109	371129	371129	371129	371129	371152	371152	??
ZZ	4656	98462	  1	 19	 21	  0	371152	371131	371131	371131	371131	371216	371216	371216	371216	371156	371156	371156	371156	371238	371238	371238	371238	371076	371076	371076	??
ZZ	4657	98483	  1	 19	 21	  0	371167	371167	371167	371167	371137	371137	371137	371137	371219	371219	371219	371219	371141	371141	371141	371141	371095	371095	371095	371095	??
ZZ	4658	98504	  1	 19	 21	  0	371197	371197	371197	371102	371102	371102	371102	371145	371145	371145	371145	371192	371192	371192	371192	371121	371121	371121	371121	371122	??
ZZ	4659	98525	  1	 19	 21	  0	371122	371122	371095	371095	371095	371095	371256	371256	371256	371256	371027	371027	371027	371027	371124	371124	371124	371124	371121	371121	??
ZZ	4660	98546	  1	 20	 31	  0	371121	371174	371174	371174	371174	371160	371160	371160	371160	371088	371088	371088	371088	371178	371178	371178	371178	371196	371196	371196	??
ZZ	4661	98568	  1	 20	 31	  0	371198	371198	371198	371198	371164	371164	371164	371164	371147	371147	371147	371147	371170	371170	371170	371170	371122	371122	371122	371122	??
ZZ	4662	98589	  1	 20	 31	  0	371182	371182	371182	371204	371204	371204	371204	371137	371137	371137	371137	371141	371141	371141	371141	371163	371163	371163	371163	371220	??
ZZ	4663	98610	  1	 20	 31	  0	371220	371220	371189	371189	371189	371189	371154	371154	371154	371154	371174	371174	371174	371174	371137	371137	371137	371137	371074	371074	??
ZZ	4664	98631	  1	 20	 31	  0	371074	371133	371133	371133	371133	371163	371163	371163	371163	371112	371112	371112	371112	371035	371035	371035	371035	371091	371091	371091	??
ZZ	4665	98652	  1	 20	 31	  0	371163	371163	371163	371163	371031	371031	371031	371031	371120	371120	371120	371120	371133	371133	371133	371133	371069	371069	371069	371069	??
ZZ	4666	98673	  1	 20	 31	  0	371103	371103	371103	371133	371133	371133	371133	371159	371159	371159	371159	371117	371117	371117	371117	371194	371194	371194	371194	371149	??
ZZ	4667	98695	  1	 20	 31	  0	371149	371149	371016	371016	371016	371016	371185	371185	371185	371185	371137	371137	371137	371137	371148	371148	371148	371148	371076	371076	??
ZZ	4668	98716	  1	 20	 31	  0	371076	371154	371154	371154	371154	371163	371163	371163	371163	371106	371106	371106	371106	371129	371129	371129	371129	371163	371163	371163	??
ZZ	4669	98737	  1	 20	 31	  0	371118	371118	371118	371118	371197	371197	371197	371197	371001	371001	371001	371001	371141	371141	371141	371141	371076	371076	371076	371076	??
ZZ	4670	98758	  3	 11	 39	  0	371103	371103	371103	371146	371146	371146	371146	371126	371126	371126	371126	371171	371171	371171	371171	371178	371178	371178	371178	371167	??
ZZ	4671	98779	  3	 11	 39	  0	371167	371167	371105	371105	371105	371105	371117	371117	371117	371117	371058	371058	371058	371058	371151	371151	371151	371151	371212	371212	??
ZZ	4672	98800	  3	 11	 39	  0	371212	371170	371170	371170	371170	371184	371184	371184	371184	371204	371204	371204	371204	371185	371185	371185	371185	371027	371027	371027	??
ZZ	4673	98821	  3	 11	 39	  0	371137	371137	371137	371137	371066	371066	371066	371066	371095	371095	371095	371095	371144	371144	371144	371144	371152	371152	371152	371152	??
ZZ	4674	98842	  3	 11	 39	  0	371201	371201	371201	371065	371065	371065	371065	371137	371137	371137	371137	371201	371201	371201	371201	371100	371100	371100	371100	371179	??
ZZ	4675	98864	  3	 11	 39	  0	371179	371179	371245	371245	371245	371245	371208	371208	371208	371208	371144	371144	371144	371144	371042	371042	371042	371042	371184	371184	??
ZZ	4676	98885	  3	 11	 39	  0	371184	371054	371054	371054	371054	371185	371185	371185	371185	371158	371158	371158	371158	371163	371163	371163	371163	371158	371158	371158	??
ZZ	4677	98906	  3	 11	 39	  0	371152	371152	371152	371152	371174	371174	371174	371174	371192	371192	371192	371192	371295	371295	371295	371295	371227	371227	371227	371227	??
ZZ	4678	98927	  3	 11	 39	  0	371179	371179	371179	371162	371162	371162	371162	371213	371213	371213	371213	371107	371107	371107	371107	371144	371144	371144	371144	371089	??
ZZ	4679	98948	  3	 11	 39	  0	371089	371089	371148	371148	371148	371148	371103	371103	371103	371103	371127	371127	371127	371127	371125	371125	371125	371125	371061	371061	??
ZZ	4680	98969	  3	 11	 39	  0	371061	371114	371114	371114	371114	371254	371254	371254	371254	371245	371245	371245	371245	371171	371171	371171	371171	371137	371137	371137	??
ZZ	4681	98991	  3	 11	 39	  0	371169	371169	371169	371169	371020	371020	371020	371020	370982	370982	370982	370982	371080	371080	371080	371080	371080	371080	371080	371080	??
ZZ	4682	99012	  3	 11	 39	  0	371133	371133	371133	371088	371088	371088	371088	371272	371272	371272	371272	371095	371095	371095	371095	371113	371113	371113	371113	371194	??
ZZ	4683	99033	  3	  7	 31	  0	371194	371194	371163	371163	371163	371163	371151	371151	371151	371151	371058	371058	371058	371058	371124	371124	371124	371124	371182	371182	??
ZZ	4684	99054	  3	  7	 31	  0	371182	371084	371084	371084	371084	371150	371150	371150	371150	371155	371155	371155	371155	371144	371144	371144	371144	371249	371249	371249	??
ZZ	4685	99075	  3	  7	 31	  0	371211	371211	371211	371211	371190	371190	371190	371190	371054	371054	371054	371054	371084	371084	371084	371084	371076	371076	371076	371076	??
ZZ	4686	99096	  3	  7	 31	  0	371058	371058	371058	371177	371177	371177	371177	371132	371132	371132	371132	371170	371170	371170	371170	371152	371152	371152	371152	371069	??
ZZ	4687	99117	  3	  7	 31	  0	371069	371069	371163	371163	371163	371163	371121	371121	371121	371121	371058	371058	371058	371058	371258	371258	371258	371258	371133	371133	??
ZZ	4688	99139	  3	  7	 31	  0	371133	371118	371118	371118	371118	371095	371095	371095	371095	371121	371121	371121	371121	371208	371208	371208	371208	371158	371158	371158	??
ZZ	4689	99160	  3	  7	 31	  0	371201	371201	371201	371201	371238	371238	371238	371238	371231	371231	371231	371231	371137	371137	371137	371137	371091	371091	371091	371091	??
ZZ	4690	99181	  3	  6	  7	  0	371064	371064	371064	371050	371050	371050	371050	371118	371118	371118	371118	371120	371120	371120	371120	371009	371009	371009	371009	371159	??
ZZ	4691	99202	  3	  6	  7	  0	371159	371159	371077	371077	371077	371077	371058	371058	371058	371058	371128	371128	371128	371128	371268	371268	371268	371268	371227	371227	??
ZZ	4692	99223	  3	  6	  7	  0	371227	371215	371215	371215	371215	371099	371099	371099	371099	371167	371167	371167	371167	371012	371012	371012	371012	371247	371247	371247	??
ZZ	4693	99244	  3	  6	  7	  0	371182	371182	371182	371182	371278	371278	371278	371278	371216	371216	371216	371216	371210	371210	371210	371210	371175	371175	371175	371175	??
ZZ	4694	99266	  3	  6	  7	  0	371317	371317	371317	371216	371216	371216	371216	371106	371106	371106	371106	371119	371119	371119	371119	371296	371296	371296	371296	371238	??
ZZ	4695	99287	  3	  6	  7	  0	371238	371238	371178	371178	371178	371178	371121	371121	371121	371121	371243	371243	371243	371243	371213	371213	371213	371213	371039	371039	??
ZZ	4696	99308	  3	  6	  7	  0	371039	371174	371174	371174	371174	371131	371131	371131	371131	371103	371103	371103	371103	371180	371180	371180	371180	371137	371137	371137	??
ZZ	4697	99329	  3	  6	  7	  0	371046	371046	371046	371046	371129	371129	371129	371129	371065	371065	371065	371065	371118	371118	371118	371118	371099	371099	371099	371099	??
ZZ	4698	99350	  3	  6	  7	  0	371141	371141	371141	371170	371170	371170	371170	371122	371122	371122	371122	371155	371155	371155	371155	371124	371124	371124	371124	371258	??
ZZ	4699	99371	  3	  6	  7	  0	371258	371258	371293	371293	371293	371293	371246	371246	371246	371246	371155	371155	371155	371155	371201	371201	371201	371201	371173	371173	??
ZZ	4700	99392	  4	  7	  8	  0	371173	371151	371151	371151	371151	371107	371107	371107	371107	371167	371167	371167	371167	371114	371114	371114	371114	371198	371198	371198	??
ZZ	4701	99414	  4	  7	  8	  0	371168	371168	371168	371168	371174	371174	371174	371174	371140	371140	371140	371140	371156	371156	371156	371156	371276	371276	371276	371276	??
ZZ	4702	99435	  4	  7	  8	  0	371206	371206	371206	371192	371192	371192	371192	371084	371084	371084	371084	371129	371129	371129	371129	371216	371216	371216	371216	371143	??
ZZ	4703	99456	  4	  7	  8	  0	371143	371143	371084	371084	371084	371084	371212	371212	371212	371212	371105	371105	371105	371105	371121	371121	371121	371121	371121	371121	??
ZZ	4704	99477	  4	  7	  8	  0	371121	371125	371125	371125	371125	371110	371110	371110	371110	371154	371154	371154	371154	371113	371113	371113	371113	371207	371207	371207	??
ZZ	4705	99498	  4	  7	  8	  0	371191	371191	371191	371191	371254	371254	371254	371254	371155	371155	371155	371155	371166	371166	371166	371166	371212	371212	371212	371212	??
ZZ	4706	99519	  4	  7	  8	  0	371145	371145	371145	371156	371156	371156	371156	371031	371031	371031	371031	371171	371171	371171	371171	371186	371186	371186	371186	371061	??
ZZ	4707	99540	  4	  7	  8	  0	371061	371061	371082	371082	371082	371082	371137	371137	371137	371137	371261	371261	371261	371261	371174	371174	371174	371174	371016	371016	??
ZZ	4708	99562	  4	  7	  8	  0	371016	371118	371118	371118	371118	371026	371026	371026	371026	371186	371186	371186	371186	371124	371124	371124	371124	371144	371144	371144	??
ZZ	4709	99583	  4	  7	  8	  0	371194	371194	371194	371194	371121	371121	371121	371121	371177	371177	371177	371177	371061	371061	371061	371061	371124	371124	371124	371124	??
ZZ	4710	99604	  4	  5	 11	  0	371227	371227	371227	371265	371265	371265	371265	371189	371189	371189	371189	371031	371031	371031	371031	371112	371112	371112	371112	371174	??
ZZ	4711	99625	  4	  5	 11	  0	371174	371174	370947	370947	370947	370947	371131	371131	371131	371131	371182	371182	371182	371182	371152	371152	371152	371152	371170	371170	??
ZZ	4712	99646	  4	  5	 11	  0	371170	371129	371129	371129	371129	371208	371208	371208	371208	371160	371160	371160	371160	371159	371159	371159	371159	371158	371158	371158	??
ZZ	4713	99667	  4	  5	 11	  0	371306	371306	371306	371306	371133	371133	371133	371133	371183	371183	371183	371183	371204	371204	371204	371204	371268	371268	371268	371268	??
ZZ	4714	99688	  4	  5	 11	  0	371174	371174	371174	371099	371099	371099	371099	371185	371185	371185	371185	371164	371164	371164	371164	371171	371171	371171	371171	371090	??
ZZ	4715	99709	  4	  5	 11	  0	371090	371090	371175	371175	371175	371175	371054	371054	371054	371054	371131	371131	371131	371131	371110	371110	371110	371110	371227	371227	??
ZZ	4716	99731	  4	  5	 11	  0	371227	371157	371157	371157	371157	371035	371035	371035	371035	371208	371208	371208	371208	371138	371138	371138	371138	371156	371156	371156	??
ZZ	4717	99752	  4	  5	 11	  0	371176	371176	371176	371176	371118	371118	371118	371118	371185	371185	371185	371185	371150	371150	371150	371150	371118	371118	371118	371118	??
ZZ	4718	99773	  4	  5	 11	  0	371220	371220	371220	371087	371087	371087	371087	371220	371220	371220	371220	371146	371146	371146	371146	371169	371169	371169	371169	371178	??
ZZ	4719	99794	  4	  5	 11	  0	371178	371178	371167	371167	371167	371167	371204	371204	371204	371204	371227	371227	371227	371227	371146	371146	371146	371146	371249	371249	??
ZZ	4720	99815	  2	  8	 19	  0	371249	371208	371208	371208	371208	371168	371168	371168	371168	370971	370971	370971	370971	371070	371070	371070	371070	371076	371076	371076	??
ZZ	4721	99837	  2	  8	 19	  0	371039	371039	371039	371039	371115	371115	371115	371115	371169	371169	371169	371169	371204	371204	371204	371204	371185	371185	371185	371185	??
ZZ	4722	99858	  2	  8	 19	  0	370979	370979	370979	371118	371118	371118	371118	371127	371127	371127	371127	371080	371080	371080	371080	371164	371164	371164	371164	371118	??
ZZ	4723	99879	  2	  8	 19	  0	371118	371118	371170	371170	371170	371170	371087	371087	371087	371087	371129	371129	371129	371129	371159	371159	371159	371159	371110	371110	??
ZZ	4724	99900	  2	  8	 19	  0	371110	371203	371203	371203	371203	371118	371118	371118	371118	371143	371143	371143	371143	371152	371152	371152	371152	371163	371163	371163	??
ZZ	4725	99921	  2	  8	 19	  0	371170	371170	371170	371170	371194	371194	371194	371194	371165	371165	371165	371165	371179	371179	371179	371179	371144	371144	371144	371144	??
ZZ	4726	99942	  2	  8	 19	  0	371229	371229	371229	370975	370975	370975	370975	371129	371129	371129	371129	371163	371163	371163	371163	371031	371031	371031	371031	371132	??
ZZ	4727	99963	  2	  8	 19	  0	371132	371132	371069	371069	371069	371069	371160	371160	371160	371160	371214	371214	371214	371214	371005	371005	371005	371005	371156	371156	??
ZZ	4728	99984	  2	  8	 19	  0	371156	371078	371078	371078	371078	371129	371129	371129	371129	371159	371159	371159	371159	371110	371110	371110	371110	371020	371020	371020	??
ZZ	4729	100006	  2	  8	 19	  0	371013	371013	371013	371013	371065	371065	371065	371065	371069	371069	371069	371069	371113	371113	371113	371113	371231	371231	371231	371231	??
ZZ	4730	100027	  2	  8	 19	  0	371242	371242	371242	371191	371191	371191	371191	371118	371118	371118	371118	371189	371189	371189	371189	371174	371174	371174	371174	371084	??
ZZ	4731	100048	  2	  8	 19	  0	371084	371084	371158	371158	371158	371158	371156	371156	371156	371156	371046	371046	371046	371046	371129	371129	371129	371129	371190	371190	??
ZZ	4732	100069	  2	 12	 29	  0	371190	371227	371227	371227	371227	371162	371162	371162	371162	371095	371095	371095	371095	371140	371140	371140	371140	371110	371110	371110	??
ZZ	4733	100090	  2	 12	 29	  0	371050	371050	371050	371050	371109	371109	371109	371109	371174	371174	371174	371174	371193	371193	371193	371193	371166	371166	371166	371166	??
ZZ	4734	100111	  2	 12	 29	  0	371249	371249	371249	371198	371198	371198	371198	371207	371207	371207	371207	371167	371167	371167	371167	371151	371151	371151	371151	371170	??
ZZ	4735	100132	  2	 12	 29	  0	371170	371170	371160	371160	371160	371160	371155	371155	371155	371155	371073	371073	371073	371073	3
