ZZ	7693	163190	  3	  5	  9	  0	371479	371479	371479	371479	371506	371506	371506	371506	371479	371479	371479	371479	371317	371317	371317	371317	371458	371458	371458	371458	??
ZZ	7694	163211	  3	  5	  9	  0	371408	371408	371408	371520	371520	371520	371520	371454	371454	371454	371454	371448	371448	371448	371448	371453	371453	371453	371453	371413	??
ZZ	7695	163232	  3	  2	 15	  0	371413	371413	371432	371432	371432	371432	371423	371423	371423	371423	371408	371408	371408	371408	371355	371355	371355	371355	371421	371421	??
ZZ	7696	163253	  3	  2	 15	  0	371421	371429	371429	371429	371429	371427	371427	371427	371427	371455	371455	371455	371455	371376	371376	371376	371376	371404	371404	371404	??
ZZ	7697	163274	  3	  2	 15	  0	371425	371425	371425	371425	371359	371359	371359	371359	371434	371434	371434	371434	371462	371462	371462	371462	371404	371404	371404	371404	??
ZZ	7698	163295	  3	  2	 15	  0	371445	371445	371445	371423	371423	371423	371423	371535	371535	371535	371535	371439	371439	371439	371439	371453	371453	371453	371453	371509	??
ZZ	7699	163317	  3	  2	 15	  0	371509	371509	371512	371512	371512	371512	371415	371415	371415	371415	371408	371408	371408	371408	371479	371479	371479	371479	371404	371404	??
ZZ	7700	163338	  3	  2	 15	  0	371404	371409	371409	371409	371409	371355	371355	371355	371355	371551	371551	371551	371551	371436	371436	371436	371436	371482	371482	371482	??
ZZ	7701	163359	  3	  2	 15	  0	371453	371453	371453	371453	371432	371432	371432	371432	371462	371462	371462	371462	371389	371389	371389	371389	371412	371412	371412	371412	??
ZZ	7702	163380	  3	  2	 15	  0	371417	371417	371417	371424	371424	371424	371424	371379	371379	371379	371379	371423	371423	371423	371423	371379	371379	371379	371379	371398	??
ZZ	7703	163401	  3	  2	 15	  0	371398	371398	371442	371442	371442	371442	371419	371419	371419	371419	371372	371372	371372	371372	371498	371498	371498	371498	371449	371449	??
ZZ	7704	163422	  3	  2	 15	  0	371449	371342	371342	371342	371342	371408	371408	371408	371408	371507	371507	371507	371507	371528	371528	371528	371528	371491	371491	371491	??
ZZ	7705	163444	  5	  1	 13	  0	371398	371398	371398	371398	371502	371502	371502	371502	371436	371436	371436	371436	371385	371385	371385	371385	371405	371405	371405	371405	??
ZZ	7706	163465	  5	  1	 13	  0	371468	371468	371468	371493	371493	371493	371493	371489	371489	371489	371489	371472	371472	371472	371472	371396	371396	371396	371396	371456	??
ZZ	7707	163486	  5	  1	 13	  0	371456	371456	371402	371402	371402	371402	371491	371491	371491	371491	371415	371415	371415	371415	371423	371423	371423	371423	371443	371443	??
ZZ	7708	163507	  5	  1	 13	  0	371443	371440	371440	371440	371440	371468	371468	371468	371468	371451	371451	371451	371451	371472	371472	371472	371472	371353	371353	371353	??
ZZ	7709	163528	  5	  1	 13	  0	371414	371414	371414	371414	371417	371417	371417	371417	371366	371366	371366	371366	371423	371423	371423	371423	371404	371404	371404	371404	??
ZZ	7710	163549	  5	  1	 13	  0	371365	371365	371365	371410	371410	371410	371410	371581	371581	371581	371581	371435	371435	371435	371435	371374	371374	371374	371374	371406	??
ZZ	7711	163570	  5	  1	 13	  0	371406	371406	371413	371413	371413	371413	371442	371442	371442	371442	371421	371421	371421	371421	371448	371448	371448	371448	371351	371351	??
ZZ	7712	163591	  5	  1	 13	  0	371351	371372	371372	371372	371372	371491	371491	371491	371491	371427	371427	371427	371427	371416	371416	371416	371416	371451	371451	371451	??
ZZ	7713	163613	  5	  1	 13	  0	371608	371608	371608	371608	371443	371443	371443	371443	371509	371509	371509	371509	371472	371472	371472	371472	371449	371449	371449	371449	??
ZZ	7714	163634	  5	  1	 13	  0	371427	371427	371427	371466	371466	371466	371466	371417	371417	371417	371417	371453	371453	371453	371453	371433	371433	371433	371433	371443	??
ZZ	7715	163655	  6	  2	 13	  0	371443	371443	371434	371434	371434	371434	371432	371432	371432	371432	371444	371444	371444	371444	371404	371404	371404	371404	371389	371389	??
ZZ	7716	163676	  6	  2	 13	  0	371389	371381	371381	371381	371381	371393	371393	371393	371393	371396	371396	371396	371396	371491	371491	371491	371491	371456	371456	371456	??
ZZ	7717	163697	  6	  2	 13	  0	371578	371578	371578	371578	371483	371483	371483	371483	371499	371499	371499	371499	371429	371429	371429	371429	371436	371436	371436	371436	??
ZZ	7718	163718	  6	  2	 13	  0	371442	371442	371442	371368	371368	371368	371368	371413	371413	371413	371413	371378	371378	371378	371378	371468	371468	371468	371468	371388	??
ZZ	7719	163740	  6	  2	 13	  0	371388	371388	371449	371449	371449	371449	371493	371493	371493	371493	371420	371420	371420	371420	371344	371344	371344	371344	371409	371409	??
ZZ	7720	163761	  6	  2	 13	  0	371409	371457	371457	371457	371457	371509	371509	371509	371509	371429	371429	371429	371429	371453	371453	371453	371453	371476	371476	371476	??
ZZ	7721	163782	  6	  2	 13	  0	371401	371401	371401	371401	371355	371355	371355	371355	371472	371472	371472	371472	371393	371393	371393	371393	371501	371501	371501	371501	??
ZZ	7722	163803	  6	  2	 13	  0	371443	371443	371443	371444	371444	371444	371444	371389	371389	371389	371389	371422	371422	371422	371422	371460	371460	371460	371460	371521	??
ZZ	7723	163824	  6	  2	 13	  0	371521	371521	371439	371439	371439	371439	371453	371453	371453	371453	371459	371459	371459	371459	371465	371465	371465	371465	371400	371400	??
ZZ	7724	163845	  6	  2	 13	  0	371400	371451	371451	371451	371451	371419	371419	371419	371419	371381	371381	371381	371381	371469	371469	371469	371469	371498	371498	371498	??
ZZ	7725	163866	  5	  2	 14	  0	371576	371576	371576	371576	371524	371524	371524	371524	371379	371379	371379	371379	371509	371509	371509	371509	371449	371449	371449	371449	??
ZZ	7726	163888	  5	  2	 14	  0	371442	371442	371442	371449	371449	371449	371449	371453	371453	371453	371453	371457	371457	371457	371457	371467	371467	371467	371467	371479	??
ZZ	7727	163909	  5	  2	 14	  0	371479	371479	371406	371406	371406	371406	371478	371478	371478	371478	371445	371445	371445	371445	371449	371449	371449	371449	371483	371483	??
ZZ	7728	163930	  5	  2	 14	  0	371483	371485	371485	371485	371485	371486	371486	371486	371486	371596	371596	371596	371596	371378	371378	371378	371378	371489	371489	371489	??
ZZ	7729	163951	  5	  2	 14	  0	371376	371376	371376	371376	371543	371543	371543	371543	371430	371430	371430	371430	371347	371347	371347	371347	371395	371395	371395	371395	??
ZZ	7730	163972	  5	  2	 14	  0	371445	371445	371445	371457	371457	371457	371457	371439	371439	371439	371439	371415	371415	371415	371415	371434	371434	371434	371434	371444	??
ZZ	7731	163993	  5	  2	 14	  0	371444	371444	371428	371428	371428	371428	371396	371396	371396	371396	371382	371382	371382	371382	371430	371430	371430	371430	371418	371418	??
ZZ	7732	164014	  5	  2	 14	  0	371418	371425	371425	371425	371425	371506	371506	371506	371506	371415	371415	371415	371415	371402	371402	371402	371402	371453	371453	371453	??
ZZ	7733	164036	  5	  2	 14	  0	371381	371381	371381	371381	371462	371462	371462	371462	371445	371445	371445	371445	371463	371463	371463	371463	371577	371577	371577	371577	??
ZZ	7734	164057	  5	  2	 14	  0	371489	371489	371489	371432	371432	371432	371432	371366	371366	371366	371366	371429	371429	371429	371429	371421	371421	371421	371421	371517	??
ZZ	7735	164078	  5	  2	 14	  0	371517	371517	371475	371475	371475	371475	371460	371460	371460	371460	371321	371321	371321	371321	371400	371400	371400	371400	371464	371464	??
ZZ	7736	164099	  5	  2	 14	  0	371464	371402	371402	371402	371402	371490	371490	371490	371490	371457	371457	371457	371457	371472	371472	371472	371472	371445	371445	371445	??
ZZ	7737	164120	  6	  2	 13	  0	371472	371472	371472	371472	371464	371464	371464	371464	371508	371508	371508	371508	371524	371524	371524	371524	371325	371325	371325	371325	??
ZZ	7738	164141	  6	  2	 13	  0	371387	371387	371387	371404	371404	371404	371404	371406	371406	371406	371406	371408	371408	371408	371408	371380	371380	371380	371380	371355	??
ZZ	7739	164162	  6	  2	 13	  0	371355	371355	371474	371474	371474	371474	371408	371408	371408	371408	371344	371344	371344	371344	371428	371428	371428	371428	371415	371415	??
ZZ	7740	164184	  6	  2	 13	  0	371415	371521	371521	371521	371521	371520	371520	371520	371520	371434	371434	371434	371434	371411	371411	371411	371411	371418	371418	371418	??
ZZ	7741	164205	  6	  2	 13	  0	371485	371485	371485	371485	371374	371374	371374	371374	371404	371404	371404	371404	371340	371340	371340	371340	371373	371373	371373	371373	??
ZZ	7742	164226	  6	  2	 13	  0	371466	371466	371466	371423	371423	371423	371423	371442	371442	371442	371442	371472	371472	371472	371472	371457	371457	371457	371457	371454	??
ZZ	7743	164247	  6	  2	 13	  0	371454	371454	371482	371482	371482	371482	371430	371430	371430	371430	371440	371440	371440	371440	371347	371347	371347	371347	371453	371453	??
ZZ	7744	164268	  6	  2	 13	  0	371453	371466	371466	371466	371466	371385	371385	371385	371385	371405	371405	371405	371405	371444	371444	371444	371444	371430	371430	371430	??
ZZ	7745	164289	  6	  2	  8	  0	371441	371441	371441	371441	371478	371478	371478	371478	371506	371506	371506	371506	371468	371468	371468	371468	371415	371415	371415	371415	??
ZZ	7746	164311	  6	  2	  8	  0	371385	371385	371385	371443	371443	371443	371443	371592	371592	371592	371592	371464	371464	371464	371464	371525	371525	371525	371525	371464	??
ZZ	7747	164332	  6	  2	  8	  0	371464	371464	371483	371483	371483	371483	371479	371479	371479	371479	371417	371417	371417	371417	371335	371335	371335	371335	371551	371551	??
ZZ	7748	164353	  6	  2	  8	  0	371551	371387	371387	371387	371387	371513	371513	371513	371513	371472	371472	371472	371472	371423	371423	371423	371423	371385	371385	371385	??
ZZ	7749	164374	  6	  2	  8	  0	371438	371438	371438	371438	371384	371384	371384	371384	371404	371404	371404	371404	371465	371465	371465	371465	371415	371415	371415	371415	??
ZZ	7750	164395	  6	  2	  8	  0	371448	371448	371448	371464	371464	371464	371464	371466	371466	371466	371466	371528	371528	371528	371528	371468	371468	371468	371468	371394	??
ZZ	7751	164416	  6	  2	  8	  0	371394	371394	371476	371476	371476	371476	371430	371430	371430	371430	371393	371393	371393	371393	371376	371376	371376	371376	371478	371478	??
ZZ	7752	164437	  6	  2	  8	  0	371478	371355	371355	371355	371355	371423	371423	371423	371423	371449	371449	371449	371449	371483	371483	371483	371483	371463	371463	371463	??
ZZ	7753	164458	  6	  2	  8	  0	371504	371504	371504	371504	371411	371411	371411	371411	371430	371430	371430	371430	371394	371394	371394	371394	371425	371425	371425	371425	??
ZZ	7754	164480	  6	  2	  8	  0	371415	371415	371415	371364	371364	371364	371364	371406	371406	371406	371406	371542	371542	371542	371542	371415	371415	371415	371415	371446	??
ZZ	7755	164501	  7	  1	  5	  0	371446	371446	371464	371464	371464	371464	371345	371345	371345	371345	371427	371427	371427	371427	371378	371378	371378	371378	371414	371414	??
ZZ	7756	164522	  7	  1	  5	  0	371414	371512	371512	371512	371512	371415	371415	371415	371415	371473	371473	371473	371473	371402	371402	371402	371402	371411	371411	371411	??
ZZ	7757	164543	  7	  1	  5	  0	371417	371417	371417	371417	371498	371498	371498	371498	371408	371408	371408	371408	371453	371453	371453	371453	371485	371485	371485	371485	??
ZZ	7758	164564	  7	  1	  5	  0	371405	371405	371405	371462	371462	371462	371462	371404	371404	371404	371404	371401	371401	371401	371401	371400	371400	371400	371400	371449	??
ZZ	7759	164585	  7	  1	  5	  0	371449	371449	371434	371434	371434	371434	371340	371340	371340	371340	371436	371436	371436	371436	371460	371460	371460	371460	371513	371513	??
ZZ	7760	164607	  7	  1	  5	  0	371513	371478	371478	371478	371478	371396	371396	371396	371396	371438	371438	371438	371438	371421	371421	371421	371421	371430	371430	371430	??
ZZ	7761	164628	  7	  1	  5	  0	371440	371440	371440	371440	371427	371427	371427	371427	371464	371464	371464	371464	371411	371411	371411	371411	371366	371366	371366	371366	??
ZZ	7762	164649	  7	  1	  5	  0	371427	371427	371427	371394	371394	371394	371394	371445	371445	371445	371445	371355	371355	371355	371355	371389	371389	371389	371389	371408	??
ZZ	7763	164670	  7	  1	  5	  0	371408	371408	371402	371402	371402	371402	371406	371406	371406	371406	371406	371406	371406	371406	371414	371414	371414	371414	371415	371415	??
ZZ	7764	164691	  7	  1	  5	  0	371415	371444	371444	371444	371444	371405	371405	371405	371405	371423	371423	371423	371423	371502	371502	371502	371502	371493	371493	371493	??
ZZ	7765	164712	  6	  1	  4	  0	371554	371554	371554	371554	371506	371506	371506	371506	371494	371494	371494	371494	371394	371394	371394	371394	371467	371467	371467	371467	??
ZZ	7766	164733	  6	  1	  4	  0	371349	371349	371349	371464	371464	371464	371464	371410	371410	371410	371410	371321	371321	371321	371321	371445	371445	371445	371445	371365	??
ZZ	7767	164755	  6	  1	  4	  0	371365	371365	371562	371562	371562	371562	371470	371470	371470	371470	371399	371399	371399	371399	371387	371387	371387	371387	371416	371416	??
ZZ	7768	164776	  6	  1	  4	  0	371416	371402	371402	371402	371402	371479	371479	371479	371479	371426	371426	371426	371426	371359	371359	371359	371359	371521	371521	371521	??
ZZ	7769	164797	  6	  1	  4	  0	371450	371450	371450	371450	371385	371385	371385	371385	371352	371352	371352	371352	371359	371359	371359	371359	371476	371476	371476	371476	??
ZZ	7770	164818	  6	  1	  4	  0	371420	371420	371420	371462	371462	371462	371462	371389	371389	371389	371389	371439	371439	371439	371439	371345	371345	371345	371345	371344	??
ZZ	7771	164839	  6	  1	  4	  0	371344	371344	371362	371362	371362	371362	371445	371445	371445	371445	371382	371382	371382	371382	371525	371525	371525	371525	371506	371506	??
ZZ	7772	164860	  6	  1	  4	  0	371506	371493	371493	371493	371493	371389	371389	371389	371389	371445	371445	371445	371445	371414	371414	371414	371414	371434	371434	371434	??
ZZ	7773	164882	  6	  1	  4	  0	371440	371440	371440	371440	371434	371434	371434	371434	371535	371535	371535	371535	371536	371536	371536	371536	371427	371427	371427	371427	??
ZZ	7774	164903	  6	  1	  4	  0	371442	371442	371442	371399	371399	371399	371399	371400	371400	371400	371400	371559	371559	371559	371559	371462	371462	371462	371462	371449	??
ZZ	7775	164924	  6	  1	  4	  0	371449	371449	371509	371509	371509	371509	371443	371443	371443	371443	371491	371491	371491	371491	371398	371398	371398	371398	371429	371429	??
ZZ	7776	164945	  6	  1	  4	  0	371429	371476	371476	371476	371476	371464	371464	371464	371464	371347	371347	371347	371347	371479	371479	371479	371479	371425	371425	371425	??
ZZ	7777	164966	  6	  1	  4	  0	371501	371501	371501	371501	371448	371448	371448	371448	371406	371406	371406	371406	371295	371295	371295	371295	371331	371331	371331	371331	??
ZZ	7778	164987	  6	  2	  9	  0	371305	371305	371305	371355	371355	371355	371355	371358	371358	371358	371358	371536	371536	371536	371536	371381	371381	371381	371381	371435	??
ZZ	7779	165009	  6	  2	  9	  0	371435	371435	371472	371472	371472	371472	371447	371447	371447	371447	371340	371340	371340	371340	371445	371445	371445	371445	371391	371391	??
ZZ	7780	165030	  6	  2	  9	  0	371391	371361	371361	371361	371361	371459	371459	371459	371459	371360	371360	371360	371360	371445	371445	371445	371445	371404	371404	371404	??
ZZ	7781	165051	  6	  2	  9	  0	371464	371464	371464	371464	371417	371417	371417	371417	371426	371426	371426	371426	371374	371374	371374	371374	371396	371396	371396	371396	??
ZZ	7782	165072	  6	  2	  9	  0	371421	371421	371421	371449	371449	371449	371449	371460	371460	371460	371460	371441	371441	371441	371441	371340	371340	371340	371340	371359	??
ZZ	7783	165093	  6	  2	  9	  0	371359	371359	371337	371337	371337	371337	371342	371342	371342	371342	371395	371395	371395	371395	371415	371415	371415	371415	371464	371464	??
ZZ	7784	165114	  6	  2	  9	  0	371464	371449	371449	371449	371449	371442	371442	371442	371442	371434	371434	371434	371434	371399	371399	371399	371399	371460	371460	371460	??
ZZ	7785	165135	  6	  1	 13	  0	371349	371349	371349	371349	371388	371388	371388	371388	371359	371359	371359	371359	371410	371410	371410	371410	371413	371413	371413	371413	??
ZZ	7786	165156	  6	  1	 13	  0	371415	371415	371415	371396	371396	371396	371396	371423	371423	371423	371423	371404	371404	371404	371404	371398	371398	371398	371398	371438	??
ZZ	7787	165178	  6	  1	 13	  0	371438	371438	371376	371376	371376	371376	371382	371382	371382	371382	371467	371467	371467	371467	371387	371387	371387	371387	371564	371564	??
ZZ	7788	165199	  6	  1	 13	  0	371564	371476	371476	371476	371476	371476	371476	371476	371476	371381	371381	371381	371381	371393	371393	371393	371393	371424	371424	371424	??
ZZ	7789	165220	  6	  1	 13	  0	371445	371445	371445	371445	371439	371439	371439	371439	371427	371427	371427	371427	371366	371366	371366	371366	371414	371414	371414	371414	??
ZZ	7790	165241	  6	  1	 13	  0	371372	371372	371372	371351	371351	371351	371351	371426	371426	371426	371426	371423	371423	371423	371423	371491	371491	371491	371491	371501	??
ZZ	7791	165262	  6	  1	 13	  0	371501	371501	371474	371474	371474	371474	371428	371428	371428	371428	371421	371421	371421	371421	371415	371415	371415	371415	371434	371434	??
ZZ	7792	165283	  6	  1	 13	  0	371434	371569	371569	371569	371569	371423	371423	371423	371423	371479	371479	371479	371479	371457	371457	371457	371457	371491	371491	371491	??
ZZ	7793	165305	  6	  1	 13	  0	371455	371455	371455	371455	371449	371449	371449	371449	371438	371438	371438	371438	371445	371445	371445	371445	371463	371463	371463	371463	??
ZZ	7794	165326	  6	  1	 13	  0	371452	371452	371452	371319	371319	371319	371319	371445	371445	371445	371445	371394	371394	371394	371394	371366	371366	371366	371366	371408	??
ZZ	7795	165347	  5	  1	 15	  0	371408	371408	371397	371397	371397	371397	371477	371477	371477	371477	371404	371404	371404	371404	371355	371355	371355	371355	371408	371408	??
ZZ	7796	165368	  5	  1	 15	  0	371408	371362	371362	371362	371362	371423	371423	371423	371423	371411	371411	371411	371411	371394	371394	371394	371394	371491	371491	371491	??
ZZ	7797	165389	  5	  1	 15	  0	371374	371374	371374	371374	371425	371425	371425	371425	371460	371460	371460	371460	371482	371482	371482	371482	371411	371411	371411	371411	??
ZZ	7798	165410	  5	  1	 15	  0	371410	371410	371410	371357	371357	371357	371357	371502	371502	371502	371502	371408	371408	371408	371408	371427	371427	371427	371427	371460	??
ZZ	7799	165431	  5	  1	 15	  0	371460	371460	371384	371384	371384	371384	371472	371472	371472	371472	371434	371434	371434	371434	371448	371448	371448	371448	371445	371445	??
ZZ	7800	165453	  5	  1	 15	  0	371445	371478	371478	371478	371478	371417	371417	371417	371417	371509	371509	371509	371509	371513	371513	371513	371513	371479	371479	371479	??
ZZ	7801	165474	  5	  1	 15	  0	371530	371530	371530	371530	371433	371433	371433	371433	371460	371460	371460	371460	371374	371374	371374	371374	371408	371408	371408	371408	??
ZZ	7802	165495	  5	  1	 15	  0	371417	371417	371417	371419	371419	371419	371419	371455	371455	371455	371455	371385	371385	371385	371385	371404	371404	371404	371404	371410	??
ZZ	7803	165516	  5	  1	 15	  0	371410	371410	371539	371539	371539	371539	371435	371435	371435	371435	371406	371406	371406	371406	371427	371427	371427	371427	371408	371408	??
ZZ	7804	165537	  5	  1	 15	  0	371408	371350	371350	371350	371350	371464	371464	371464	371464	371469	371469	371469	371469	371379	371379	371379	371379	371445	371445	371445	??
ZZ	7805	165558	  5	  1	 11	  0	371402	371402	371402	371402	371338	371338	371338	371338	371339	371339	371339	371339	371457	371457	371457	371457	371434	371434	371434	371434	??
ZZ	7806	165579	  5	  1	 11	  0	371441	371441	371441	371391	371391	371391	371391	371513	371513	371513	371513	371417	371417	371417	371417	371351	371351	371351	371351	371457	??
ZZ	7807	165601	  5	  1	 11	  0	371457	371457	371404	371404	371404	371404	371410	371410	371410	371410	371429	371429	371429	371429	371491	371491	371491	371491	371460	371460	??
ZZ	7808	165622	  5	  1	 11	  0	371460	371436	371436	371436	371436	371379	371379	371379	371379	371411	371411	371411	371411	371375	371375	371375	371375	371381	371381	371381	??
ZZ	7809	165643	  5	  1	 11	  0	371384	371384	371384	371384	371487	371487	371487	371487	371483	371483	371483	371483	371414	371414	371414	371414	371359	371359	371359	371359	??
ZZ	7810	165664	  5	  1	 11	  0	371540	371540	371540	371460	371460	371460	371460	371457	371457	371457	371457	371451	371451	371451	371451	371477	371477	371477	371477	371408	??
ZZ	7811	165685	  5	  1	 11	  0	371408	371408	371368	371368	371368	371368	371442	371442	371442	371442	371317	371317	371317	371317	371400	371400	371400	371400	371368	371368	??
ZZ	7812	165706	  5	  1	 11	  0	371368	371385	371385	371385	371385	371372	371372	371372	371372	371427	371427	371427	371427	371378	371378	371378	371378	371380	371380	371380	??
ZZ	7813	165728	  5	  1	 11	  0	371421	371421	371421	371421	371445	371445	371445	371445	371460	371460	371460	371460	371438	371438	371438	371438	371471	371471	371471	371471	??
ZZ	7814	165749	  5	  1	 11	  0	371411	371411	371411	371498	371498	371498	371498	371446	371446	371446	371446	371370	371370	371370	371370	371359	371359	371359	371359	371372	??
ZZ	7815	165770	  5	  1	 11	  0	371372	371372	371440	371440	371440	371440	371448	371448	371448	371448	371336	371336	371336	371336	371389	371389	371389	371389	371409	371409	??
ZZ	7816	165791	  5	  1	 11	  0	371409	371485	371485	371485	371485	371577	371577	371577	371577	371484	371484	371484	371484	371432	371432	371432	371432	371415	371415	371415	??
ZZ	7817	165812	  5	  1	 11	  0	371419	371419	371419	371419	371374	371374	371374	371374	371394	371394	371394	371394	371479	371479	371479	371479	371449	371449	371449	371449	??
ZZ	7818	165833	  5	  1	 11	  0	371423	371423	371423	371334	371334	371334	371334	371502	371502	371502	371502	371422	371422	371422	371422	371449	371449	371449	371449	371387	??
ZZ	7819	165854	  7	  1	  9	  0	371387	371387	371425	371425	371425	371425	371419	371419	371419	371419	371418	371418	371418	371418	371385	371385	371385	371385	371400	371400	??
ZZ	7820	165876	  7	  1	  9	  0	371400	371353	371353	371353	371353	371400	371400	371400	371400	371555	371555	371555	371555	371497	371497	371497	371497	371378	371378	371378	??
ZZ	7821	165897	  7	  1	  9	  0	371454	371454	371454	371454	371471	371471	371471	371471	371360	371360	371360	371360	371467	371467	371467	371467	371491	371491	371491	371491	??
ZZ	7822	165918	  7	  1	  9	  0	371393	371393	371393	371470	371470	371470	371470	371442	371442	371442	371442	371449	371449	371449	371449	371417	371417	371417	371417	371438	??
ZZ	7823	165939	  7	  1	  9	  0	371438	371438	371464	371464	371464	371464	371359	371359	371359	371359	371313	371313	371313	371313	371379	371379	371379	371379	371491	371491	??
ZZ	7824	165960	  7	  1	  9	  0	371491	371491	371491	371491	371491	371458	371458	371458	371458	371410	371410	371410	371410	371396	371396	371396	371396	371439	371439	371439	??
ZZ	7825	165981	  7	  1	  9	  0	371512	371512	371512	371512	371432	371432	371432	371432	371432	371432	371432	371432	371434	371434	371434	371434	371409	371409	371409	371409	??
ZZ	7826	166002	  7	  1	  9	  0	371415	371415	371415	371419	371419	371419	371419	371387	371387	371387	371387	371370	371370	371370	371370	371347	371347	371347	371347	371372	??
ZZ	7827	166024	  6	  1	  3	  0	371372	371372	371359	371359	371359	371359	371379	371379	371379	371379	371372	371372	371372	371372	371415	371415	371415	371415	371417	371417	??
ZZ	7828	166045	  6	  1	  3	  0	371417	371372	371372	371372	371372	371374	371374	371374	371374	371408	371408	371408	371408	371483	371483	371483	371483	371336	371336	371336	??
ZZ	7829	166066	  6	  1	  3	  0	371404	371404	371404	371404	371430	371430	371430	371430	371379	371379	371379	371379	371459	371459	371459	371459	371404	371404	371404	371404	??
ZZ	7830	166087	  6	  1	  3	  0	371393	371393	371393	371387	371387	371387	371387	371442	371442	371442	371442	371395	371395	371395	371395	371474	371474	371474	371474	371401	??
ZZ	7831	166108	  6	  1	  3	  0	371401	371401	371463	371463	371463	371463	371464	371464	371464	371464	371407	371407	371407	371407	371468	371468	371468	371468	371536	371536	??
ZZ	7832	166129	  6	  1	  3	  0	371536	371460	371460	371460	371460	371447	371447	371447	371447	371370	371370	371370	371370	371382	371382	371382	371382	371476	371476	371476	??
ZZ	7833	166151	  6	  1	  3	  0	371386	371386	371386	371386	371493	371493	371493	371493	371389	371389	371389	371389	371437	371437	371437	371437	371525	371525	371525	371525	??
ZZ	7834	166172	  6	  1	  3	  0	371468	371468	371468	371461	371461	371461	371461	371430	371430	371430	371430	371449	371449	371449	371449	371436	371436	371436	371436	371457	??
ZZ	7835	166193	  6	  2	  3	  0	371457	371457	371443	371443	371443	371443	371394	371394	371394	371394	371415	371415	371415	371415	371426	371426	371426	371426	371423	371423	??
ZZ	7836	166214	  6	  2	  3	  0	371423	371479	371479	371479	371479	371433	371433	371433	371433	371370	371370	371370	371370	371483	371483	371483	371483	371409	371409	371409	??
ZZ	7837	166235	  6	  2	  3	  0	371466	371466	371466	371466	371401	371401	371401	371401	371413	371413	371413	371413	371408	371408	371408	371408	371463	371463	371463	371463	??
ZZ	7838	166256	  6	  2	  3	  0	371411	371411	371411	371406	371406	371406	371406	371453	371453	371453	371453	371378	371378	371378	371378	371404	371404	371404	371404	371430	??
ZZ	7839	166277	  6	  2	  3	  0	371430	371430	371513	371513	371513	371513	371454	371454	371454	371454	371536	371536	371536	371536	371400	371400	371400	371400	371429	371429	??
ZZ	7840	166299	  6	  2	  3	  0	371429	371383	371383	371383	371383	371370	371370	371370	371370	371435	371435	371435	371435	371385	371385	371385	371385	371394	371394	371394	??
ZZ	7841	166320	  6	  2	  3	  0	371560	371560	371560	371560	371540	371540	371540	371540	371529	371529	371529	371529	371400	371400	371400	371400	371491	371491	371491	371491	??
ZZ	7842	166341	  6	  2	  3	  0	371431	371431	371431	371437	371437	371437	371437	371383	371383	371383	371383	371429	371429	371429	371429	371457	371457	371457	371457	371407	??
ZZ	7843	166362	  6	  2	  3	  0	371407	371407	371429	371429	371429	371429	371415	371415	371415	371415	371429	371429	371429	371429	371464	371464	371464	371464	371332	371332	??
ZZ	7844	166383	  6	  2	  3	  0	371332	371427	371427	371427	371427	371430	371430	371430	371430	371536	371536	371536	371536	371459	371459	371459	371459	371396	371396	371396	??
ZZ	7845	166404	  6	  1	  3	  0	371451	371451	371451	371451	371434	371434	371434	371434	371366	371366	371366	371366	371408	371408	371408	371408	371366	371366	371366	371366	??
ZZ	7846	166425	  6	  1	  3	  0	371404	371404	371404	371394	371394	371394	371394	371516	371516	371516	371516	371438	371438	371438	371438	371449	371449	371449	371449	371419	??
ZZ	7847	166446	  6	  1	  3	  0	371419	371419	371435	371435	371435	371435	371427	371427	371427	371427	371385	371385	371385	371385	371409	371409	371409	371409	371383	371383	??
ZZ	7848	166468	  6	  1	  3	  0	371383	371427	371427	371427	371427	371455	371455	371455	371455	371525	371525	371525	371525	371408	371408	371408	371408	371471	371471	371471	??
ZZ	7849	166489	  6	  1	  3	  0	371361	371361	371361	371361	371434	371434	371434	371434	371479	371479	371479	371479	371393	371393	371393	371393	371418	371418	371418	371418	??
ZZ	7850	166510	  6	  1	  3	  0	371493	371493	371493	371419	371419	371419	371419	371427	371427	371427	371427	371302	371302	371302	371302	371536	371536	371536	371536	371401	??
ZZ	7851	166531	  6	  1	  3	  0	371401	371401	371417	371417	371417	371417	371416	371416	371416	371416	371393	371393	371393	371393	371400	371400	371400	371400	371408	371408	??
ZZ	7852	166552	  6	  1	  3	  0	371408	371346	371346	371346	371346	371379	371379	371379	371379	371377	371377	371377	371377	371483	371483	371483	371483	371386	371386	371386	??
ZZ	7853	166574	  6	  1	  3	  0	371398	371398	371398	371398	371449	371449	371449	371449	371422	371422	371422	371422	371396	371396	371396	371396	371449	371449	371449	371449	??
ZZ	7854	166595	  6	  1	  3	  0	371405	371405	371405	371432	371432	371432	371432	371415	371415	371415	371415	371418	371418	371418	371418	371313	371313	371313	371313	371357	??
ZZ	7855	166616	  6	  1	  4	  0	371357	371357	371379	371379	371379	371379	371393	371393	371393	371393	371360	371360	371360	371360	371319	371319	371319	371319	371317	371317	??
ZZ	7856	166637	  6	  1	  4	  0	371317	371377	371377	371377	371377	371562	371562	371562	371562	371460	371460	371460	371460	371472	371472	371472	371472	371493	371493	371493	??
ZZ	7857	166658	  6	  1	  4	  0	371425	371425	371425	371425	371391	371391	371391	371391	371404	371404	371404	371404	371376	371376	371376	371376	371463	371463	371463	371463	??
ZZ	7858	166679	  6	  1	  4	  0	371366	371366	371366	371402	371402	371402	371402	371498	371498	371498	371498	371521	371521	371521	371521	371473	371473	371473	371473	371512	??
ZZ	7859	166700	  6	  1	  4	  0	371512	371512	371420	371420	371420	371420	371466	371466	371466	371466	371445	371445	371445	371445	371456	371456	371456	371456	371344	371344	??
ZZ	7860	166721	  6	  1	  4	  0	371344	371436	371436	371436	371436	371430	371430	371430	371430	371429	371429	371429	371429	371321	371321	371321	371321	371402	371402	371402	??
ZZ	7861	166742	  6	  1	  4	  0	371398	371398	371398	371398	371434	371434	371434	371434	371370	371370	371370	371370	371464	371464	371464	371464	371408	371408	371408	371408	??
ZZ	7862	166764	  6	  1	  4	  0	371385	371385	371385	371387	371387	371387	371387	371380	371380	371380	371380	371385	371385	371385	371385	371404	371404	371404	371404	371488	??
ZZ	7863	166785	  6	  1	  4	  0	371488	371488	371329	371329	371329	371329	371414	371414	371414	371414	371427	371427	371427	371427	371393	371393	371393	371393	371412	371412	??
ZZ	7864	166806	  6	  1	  4	  0	371412	371366	371366	371366	371366	371391	371391	371391	371391	371396	371396	371396	371396	371374	371374	371374	371374	371423	371423	371423	??
ZZ	7865	166827	  5	  2	  3	  0	371483	371483	371483	371483	371351	371351	371351	371351	371404	371404	371404	371404	371453	371453	371453	371453	371395	371395	371395	371395	??
ZZ	7866	166848	  5	  2	  3	  0	371373	371373	371373	371330	371330	371330	371330	371389	371389	371389	371389	371381	371381	371381	371381	371336	371336	371336	371336	371393	??
ZZ	7867	166869	  5	  2	  3	  0	371393	371393	371391	371391	371391	371391	371464	371464	371464	371464	371386	371386	371386	371386	371389	371389	371389	371389	371423	371423	??
ZZ	7868	166891	  5	  2	  3	  0	371423	371400	371400	371400	371400	371436	371436	371436	371436	371374	371374	371374	371374	371387	371387	371387	371387	371502	371502	371502	??
ZZ	7869	166912	  5	  2	  3	  0	371415	371415	371415	371415	371442	371442	371442	371442	371319	371319	371319	371319	371366	371366	371366	371366	371396	371396	371396	371396	??
ZZ	7870	166933	  5	  2	  3	  0	371338	371338	371338	371376	371376	371376	371376	371394	371394	371394	371394	371347	371347	371347	371347	371432	371432	371432	371432	371457	??
ZZ	7871	166954	  5	  2	  3	  0	371457	371457	371469	371469	371469	371469	371455	371455	371455	371455	371408	371408	371408	371408	371398	371398	371398	371398	371513	371513	??
ZZ	7872	166975	  5	  2	  3	  0	371513	371527	371527	371527	371527	371492	371492	371492	371492	371365	371365	371365	371365	371351	371351	371351	371351	371374	371374	371374	??
ZZ	7873	166996	  5	  2	  3	  0	371406	371406	371406	371406	371400	371400	371400	371400	371449	371449	371449	371449	371423	371423	371423	371423	371423	371423	371423	371423	??
ZZ	7874	167017	  5	  2	  3	  0	371445	371445	371445	371396	371396	371396	371396	371433	371433	371433	371433	371430	371430	371430	371430	371449	371449	371449	371449	371417	??
ZZ	7875	167039	  7	  2	  2	  0	371417	371417	371319	371319	371319	371319	371358	371358	371358	371358	371351	371351	371351	371351	371411	371411	371411	371411	371373	371373	??
ZZ	7876	167060	  7	  2	  2	  0	371373	371523	371523	371523	371523	371468	371468	371468	371468	371423	371423	371423	371423	371338	371338	371338	371338	371366	371366	371366	??
ZZ	7877	167081	  7	  2	  2	  0	371304	371304	371304	371304	371442	371442	371442	371442	371370	371370	371370	371370	371372	371372	371372	371372	371400	371400	371400	371400	??
ZZ	7878	167102	  7	  2	  2	  0	371382	371382	371382	371402	371402	371402	371402	371359	371359	371359	371359	371388	371388	371388	371388	371398	371398	371398	371398	371363	??
ZZ	7879	167123	  7	  2	  2	  0	371363	371363	371455	371455	371455	371455	371362	371362	371362	371362	371409	371409	371409	371409	371504	371504	371504	371504	371442	371442	??
ZZ	7880	167144	  7	  2	  2	  0	371442	371390	371390	371390	371390	371421	371421	371421	371421	371381	371381	371381	371381	371392	371392	371392	371392	371376	371376	371376	??
ZZ	7881	167165	  7	  2	  2	  0	371421	371421	371421	371421	371368	371368	371368	371368	371457	371457	371457	371457	371461	371461	371461	371461	371432	371432	371432	371432	??
ZZ	7882	167187	  7	  2	  2	  0	371468	371468	371468	371433	371433	371433	371433	371389	371389	371389	371389	371491	371491	371491	371491	371407	371407	371407	371407	371455	??
ZZ	7883	167208	  7	  2	  2	  0	371455	371455	371405	371405	371405	371405	371364	371364	371364	371364	371396	371396	371396	371396	371396	371396	371396	371396	371326	371326	??
ZZ	7884	167229	  7	  2	  2	  0	371326	371400	371400	371400	371400	371395	371395	371395	371395	371479	371479	371479	371479	371409	371409	371409	371409	371301	371301	371301	??
ZZ	7885	167250	  7	  2	  2	  0	371341	371341	371341	371341	371337	371337	371337	371337	371462	371462	371462	371462	371325	371325	371325	371325	371403	371403	371403	371403	??
ZZ	7886	167271	  7	  2	  2	  0	371319	371319	371319	371498	371498	371498	371498	371424	371424	371424	371424	371349	371349	371349	371349	371341	371341	371341	371341	371460	??
ZZ	7887	167292	  7	  2	  2	  0	371460	371460	371368	371368	371368	371368	371381	371381	371381	371381	371364	371364	371364	371364	371479	371479	371479	371479	371377	371377	??
ZZ	7888	167314	  7	  2	  2	  0	371377	371458	371458	371458	371458	371438	371438	371438	371438	371426	371426	371426	371426	371453	371453	371453	371453	371394	371394	371394	??
ZZ	7889	167335	  7	  2	  2	  0	371448	371448	371448	371448	371427	371427	371427	371427	371439	371439	371439	371439	371400	371400	371400	371400	371419	371419	371419	371419	??
ZZ	7890	167356	  7	  2	  2	  0	371442	371442	371442	371408	371408	371408	371408	371378	371378	371378	371378	371425	371425	371425	371425	371393	371393	371393	371393	371448	??
ZZ	7891	167377	  7	  2	  2	  0	371448	371448	371379	371379	371379	371379	371381	371381	371381	371381	371449	371449	371449	371449	371321	371321	371321	371321	371491	371491	??
ZZ	7892	167398	  7	  2	  2	  0	371491	371410	371410	371410	371410	371355	371355	371355	371355	371487	371487	371487	371487	371419	371419	371419	371419	371444	371444	371444	??
ZZ	7893	167419	  7	  2	  2	  0	371422	371422	371422	371422	371523	371523	371523	371523	371540	371540	371540	371540	371503	371503	371503	371503	371419	371419	371419	371419	??
ZZ	7894	167440	  7	  2	  2	  0	371379	371379	371379	371427	371427	371427	371427	371455	371455	371455	371455	371395	371395	371395	371395	371419	371419	371419	371419	371329	??
ZZ	7895	167462	  7	  2	  5	  0	371329	371329	371386	371386	371386	371386	371457	371457	371457	371457	371430	371430	371430	371430	371431	371431	371431	371431	371415	371415	??
ZZ	7896	167483	  7	  2	  5	  0	371415	371413	371413	371413	371413	371431	371431	371431	371431	371383	371383	371383	371383	371409	371409	371409	371409	371347	371347	371347	??
ZZ	7897	167504	  7	  2	  5	  0	371413	371413	371413	371413	371408	371408	371408	371408	371527	371527	371527	371527	371359	371359	371359	371359	371478	371478	371478	371478	??
ZZ	7898	167525	  7	  2	  5	  0	371404	371404	371404	371396	371396	371396	371396	371412	371412	371412	371412	371411	371411	371411	371411	371406	371406	371406	371406	371387	??
ZZ	7899	167546	  7	  2	  5	  0	371387	371387	371457	371457	371457	371457	371416	371416	371416	371416	371411	371411	371411	371411	371389	371389	371389	371389	371398	371398	??
ZZ	7900	167567	  7	  2	  5	  0	371398	371398	371398	371398	371398	371491	371491	371491	371491	371464	371464	371464	371464	371423	371423	371423	371423	371410	371410	371410	??
ZZ	7901	167588	  7	  2	  5	  0	371406	371406	371406	371406	371543	371543	371543	371543	371472	371472	371472	371472	371411	371411	371411	371411	371362	371362	371362	371362	??
ZZ	7902	167610	  7	  2	  5	  0	371434	371434	371434	371421	371421	371421	371421	371464	371464	371464	371464	371426	371426	371426	371426	371415	371415	371415	371415	371451	??
ZZ	7903	167631	  7	  2	  5	  0	371451	371451	371430	371430	371430	371430	371417	371417	371417	371417	371426	371426	371426	371426	371487	371487	371487	371487	371449	371449	??
ZZ	7904	167652	  7	  2	  5	  0	371449	371453	371453	371453	371453	371400	371400	371400	371400	371483	371483	371483	371483	371423	371423	371423	371423	371438	371438	371438	??
ZZ	7905	167673	  7	  2	 10	  0	371385	371385	371385	371385	371498	371498	371498	371498	371442	371442	371442	371442	371401	371401	371401	371401	371427	371427	371427	371427	??
ZZ	7906	167694	  7	  2	 10	  0	371479	371479	371479	371404	371404	371404	371404	371317	371317	371317	371317	371393	371393	371393	371393	371381	371381	371381	371381	371415	??
ZZ	7907	167715	  7	  2	 10	  0	371415	371415	371397	371397	371397	371397	371408	371408	371408	371408	371453	371453	371453	371453	371470	371470	371470	371470	371463	371463	??
ZZ	7908	167736	  7	  2	 10	  0	371463	371460	371460	371460	371460	371433	371433	371433	371433	371351	371351	371351	371351	371413	371413	371413	371413	371423	371423	371423	??
ZZ	7909	167758	  7	  2	 10	  0	371459	371459	371459	371459	371407	371407	371407	371407	371444	371444	371444	371444	371385	371385	371385	371385	371415	371415	371415	371415	??
ZZ	7910	167779	  7	  2	 10	  0	371502	371502	371502	371451	371451	371451	371451	371433	371433	371433	371433	371453	371453	371453	371453	371432	371432	371432	371432	371400	??
ZZ	7911	167800	  7	  2	 10	  0	371400	371400	371357	371357	371357	371357	371341	371341	371341	371341	371467	371467	371467	371467	371487	371487	371487	371487	371404	371404	??
ZZ	7912	167821	  7	  2	 10	  0	371404	371347	371347	371347	371347	371372	371372	371372	371372	371396	371396	371396	371396	371336	371336	371336	371336	371405	371405	371405	??
ZZ	7913	167842	  7	  2	 10	  0	371355	371355	371355	371355	371400	371400	371400	371400	371406	371406	371406	371406	371438	371438	371438	371438	371468	371468	371468	371468	??
ZZ	7914	167863	  7	  2	 10	  0	371388	371388	371388	371391	371391	371391	371391	371389	371389	371389	371389	371402	371402	371402	371402	371329	371329	371329	371329	371405	??
ZZ	7915	167884	  8	  4	 11	  0	371405	371405	371436	371436	371436	371436	371408	371408	371408	371408	371434	371434	371434	371434	371406	371406	371406	371406	371312	371312	??
ZZ	7916	167906	  8	  4	 11	  0	371312	371394	371394	371394	371394	371411	371411	371411	371411	371461	371461	371461	371461	371484	371484	371484	371484	371351	371351	371351	??
ZZ	7917	167927	  8	  4	 11	  0	371471	371471	371471	371471	371389	371389	371389	371389	371494	371494	371494	371494	371422	371422	371422	371422	371379	371379	371379	371379	??
ZZ	7918	167948	  8	  4	 11	  0	371329	371329	371329	371355	371355	371355	371355	371385	371385	371385	371385	371389	371389	371389	371389	371442	371442	371442	371442	371421	??
ZZ	7919	167969	  8	  4	 11	  0	371421	371421	371438	371438	371438	371438	371428	371428	371428	371428	371434	371434	371434	371434	371449	371449	371449	371449	371423	371423	??
ZZ	7920	167990	  8	  4	 11	  0	371423	371383	371383	371383	371383	371422	371422	371422	371422	371509	371509	371509	371509	371448	371448	371448	371448	371512	371512	371512	??
ZZ	7921	168011	  8	  4	 11	  0	371389	371389	371389	371389	371452	371452	371452	371452	371400	371400	371400	371400	371359	371359	371359	371359	371368	371368	371368	371368	??
ZZ	7922	168032	  8	  4	 11	  0	371417	371417	371417	371442	371442	371442	371442	371388	371388	371388	371388	371400	371400	371400	371400	371374	371374	371374	371374	371396	??
ZZ	7923	168054	  8	  4	 11	  0	371396	371396	371463	371463	371463	371463	371395	371395	371395	371395	371374	371374	371374	371374	371317	371317	371317	371317	371381	371381	??
ZZ	7924	168075	  8	  4	 11	  0	371381	371496	371496	371496	371496	371340	371340	371340	371340	371409	371409	371409	371409	371374	371374	371374	371374	371436	371436	371436	??
ZZ	7925	168096	  7	  1	 12	  0	371448	371448	371448	371448	371411	371411	371411	371411	371385	371385	371385	371385	371321	371321	371321	371321	371372	371372	371372	371372	??
ZZ	7926	168117	  7	  1	 12	  0	371375	371375	371375	371332	371332	371332	371332	371459	371459	371459	371459	371412	371412	371412	371412	371337	371337	371337	371337	371453	??
ZZ	7927	168138	  7	  1	 12	  0	371453	371453	371336	371336	371336	371336	371364	371364	371364	371364	371386	371386	371386	371386	371438	371438	371438	371438	371332	371332	??
ZZ	7928	168159	  7	  1	 12	  0	371332	371380	371380	371380	371380	371421	371421	371421	371421	371461	371461	371461	371461	371396	371396	371396	371396	371442	371442	371442	??
ZZ	7929	168181	  7	  1	 12	  0	371398	371398	371398	371398	371370	371370	371370	371370	371508	371508	371508	371508	371444	371444	371444	371444	371359	371359	371359	371359	??
ZZ	7930	168202	  7	  1	 12	  0	371453	371453	371453	371385	371385	371385	371385	371360	371360	371360	371360	371371	371371	371371	371371	371385	371385	371385	371385	371434	??
ZZ	7931	168223	  7	  1	 12	  0	371434	371434	371405	371405	371405	371405	371411	371411	371411	371411	371406	371406	371406	371406	371388	371388	371388	371388	371347	371347	??
ZZ	7932	168244	  7	  1	 12	  0	371347	371379	371379	371379	371379	371367	371367	371367	371367	371447	371447	371447	371447	371402	371402	371402	371402	371415	371415	371415	??
ZZ	7933	168265	  7	  1	 12	  0	371394	371394	371394	371394	371413	371413	371413	371413	371452	371452	371452	371452	371460	371460	371460	371460	371446	371446	371446	371446	??
ZZ	7934	168286	  7	  1	 12	  0	371449	371449	371449	371400	371400	371400	371400	371426	371426	371426	371426	371471	371471	371471	371471	371432	371432	371432	371432	371489	??
ZZ	7935	168308	  7	  1	 12	  0	371489	371489	371419	371419	371419	371419	371447	371447	371447	371447	371394	371394	371394	371394	371396	371396	371396	371396	371464	371464	??
ZZ	7936	168329	  7	  1	 12	  0	371464	371360	371360	371360	371360	371440	371440	371440	371440	371398	371398	371398	371398	371353	371353	371353	371353	371407	371407	371407	??
ZZ	7937	168350	  8	  1	  1	  0	371430	371430	371430	371430	371545	371545	371545	371545	371416	371416	371416	371416	371351	371351	371351	371351	371423	371423	371423	371423	??
ZZ	7938	168371	  8	  1	  1	  0	371381	371381	371381	371391	371391	371391	371391	371394	371394	371394	371394	371430	371430	371430	371430	371430	371430	371430	371430	371445	??
ZZ	7939	168392	  8	  1	  1	  0	371445	371445	371478	371478	371478	371478	371321	371321	371321	371321	371395	371395	371395	371395	371442	371442	371442	371442	371436	371436	??
ZZ	7940	168413	  8	  1	  1	  0	371436	371464	371464	371464	371464	371432	371432	371432	371432	371445	371445	371445	371445	371355	371355	371355	371355	371408	371408	371408	??
ZZ	7941	168434	  8	  1	  1	  0	371352	371352	371352	371352	371408	371408	371408	371408	371478	371478	371478	371478	371461	371461	371461	371461	371464	371464	371464	371464	??
ZZ	7942	168456	  8	  1	  1	  0	371366	371366	371366	371413	371413	371413	371413	371506	371506	371506	371506	371453	371453	371453	371453	371364	371364	371364	371364	371430	??
ZZ	7943	168477	  8	  1	  1	  0	371430	371430	371386	371386	371386	371386	371329	371329	371329	371329	371445	371445	371445	371445	371383	371383	371383	371383	371362	371362	??
ZZ	7944	168498	  8	  1	  1	  0	371362	371338	371338	371338	371338	371347	371347	371347	371347	371396	371396	371396	371396	371399	371399	371399	371399	371498	371498	371498	??
ZZ	7945	168519	  8	  1	 -1	  0	371404	371404	371404	371404	371425	371425	371425	371425	371411	371411	371411	371411	371393	371393	371393	371393	371432	371432	371432	371432	??
ZZ	7946	168540	  8	  1	 -1	  0	371381	371381	371381	371511	371511	371511	371511	371425	371425	371425	371425	371410	371410	371410	371410	371405	371405	371405	371405	371393	??
ZZ	7947	168561	  8	  1	 -1	  0	371393	371393	371330	371330	371330	371330	371425	371425	371425	371425	371395	371395	371395	371395	371415	371415	371415	371415	371421	371421	??
ZZ	7948	168583	  8	  1	 -1	  0	371421	371304	371304	371304	371304	371409	371409	371409	371409	371378	371378	371378	371378	371468	371468	371468	371468	371405	371405	371405	??
ZZ	7949	168604	  8	  1	 -1	  0	371406	371406	371406	371406	371445	371445	371445	371445	371389	371389	371389	371389	371455	371455	371455	371455	371393	371393	371393	371393	??
ZZ	7950	168625	  8	  1	 -1	  0	371410	371410	371410	371500	371500	371500	371500	371414	371414	371414	371414	371394	371394	371394	371394	371344	371344	371344	371344	371386	??
ZZ	7951	168646	  8	  1	 -1	  0	371386	371386	371288	371288	371288	371288	371423	371423	371423	371423	371323	371323	371323	371323	371466	371466	371466	371466	371362	371362	??
ZZ	7952	168667	  8	  1	 -1	  0	371362	371372	371372	371372	371372	371432	371432	371432	371432	371419	371419	371419	371419	371313	371313	371313	371313	371383	371383	371383	??
ZZ	7953	168688	  8	  1	 -1	  0	371415	371415	371415	371415	371319	371319	371319	371319	371400	371400	371400	371400	371340	371340	371340	371340	371442	371442	371442	371442	??
ZZ	7954	168709	  8	  1	 -1	  0	371391	371391	371391	371442	371442	371442	371442	371429	371429	371429	371429	371419	371419	371419	371419	371457	371457	371457	371457	371341	??
ZZ	7955	168730	  8	  1	  3	  0	371341	371341	371385	371385	371385	371385	371359	371359	371359	371359	371357	371357	371357	371357	371338	371338	371338	371338	371400	371400	??
ZZ	7956	168752	  8	  1	  3	  0	371400	371378	371378	371378	371378	371402	371402	371402	371402	371471	371471	371471	371471	371495	371495	371495	371495	371351	371351	371351	??
ZZ	7957	168773	  8	  1	  3	  0	371410	371410	371410	371410	371441	371441	371441	371441	371329	371329	371329	371329	371379	371379	371379	371379	371378	371378	371378	371378	??
ZZ	7958	168794	  8	  1	  3	  0	371396	371396	371396	371404	371404	371404	371404	371449	371449	371449	371449	371411	371411	371411	371411	371401	371401	371401	371401	371513	??
ZZ	7959	168815	  8	  1	  3	  0	371513	371513	371476	371476	371476	371476	371443	371443	371443	371443	371419	371419	371419	371419	371460	371460	371460	371460	371401	371401	??
ZZ	7960	168836	  8	  1	  3	  0	371401	371387	371387	371387	371387	371389	371389	371389	371389	371417	371417	371417	371417	371476	371476	371476	371476	371415	371415	371415	??
ZZ	7961	168858	  8	  1	  3	  0	371421	371421	371421	371421	371464	371464	371464	371464	371477	371477	371477	371477	371472	371472	371472	371472	371396	371396	371396	371396	??
ZZ	7962	168879	  8	  1	  3	  0	371465	371465	371465	371383	371383	371383	371383	371361	371361	371361	371361	371393	371393	371393	371393	371427	371427	371427	371427	371418	??
ZZ	7963	168900	  8	  1	  3	  0	371418	371418	371382	371382	371382	371382	371448	371448	371448	371448	371416	371416	371416	371416	371400	371400	371400	371400	371317	371317	??
ZZ	7964	168921	  8	  1	  3	  0	371317	371393	371393	371393	371393	371415	371415	371415	371415	371401	371401	371401	371401	371468	371468	371468	371468	371359	371359	371359	??
ZZ	7965	168942	  7	  1	  3	  0	371378	371378	371378	371378	371513	371513	371513	371513	371421	371421	371421	371421	371458	371458	371458	371458	371355	371355	371355	371355	??
ZZ	7966	168963	  7	  1	  3	  0	371419	371419	371419	371423	371423	371423	371423	371520	371520	371520	371520	371446	371446	371446	371446	371400	371400	371400	371400	371381	??
ZZ	7967	168984	  7	  1	  3	  0	371381	371381	371391	371391	371391	371391	371434	371434	371434	371434	371497	371497	371497	371497	371426	371426	371426	371426	371400	371400	??
ZZ	7968	169006	  7	  1	  3	  0	371400	371400	371400	371400	371400	371449	371449	371449	371449	371483	371483	371483	371483	371442	371442	371442	371442	371411	371411	371411	??
ZZ	7969	169027	  7	  1	  3	  0	371329	371329	371329	371329	371401	371401	371401	371401	371472	371472	371472	371472	371322	371322	371322	371322	371423	371423	371423	371423	??
ZZ	7970	169048	  7	  1	  3	  0	371487	371487	371487	371436	371436	371436	371436	371483	371483	371483	371483	371404	371404	371404	371404	371435	371435	371435	371435	371406	??
ZZ	7971	169069	  7	  1	  3	  0	371406	371406	371355	371355	371355	371355	371374	371374	371374	371374	371366	371366	371366	371366	371491	371491	371491	371491	371423	371423	??
ZZ	7972	169090	  7	  1	  3	  0	371423	371421	371421	371421	371421	371420	371420	371420	371420	371415	371415	371415	371415	371227	371227	371227	371227	371360	371360	371360	??
ZZ	7973	169111	  7	  1	  3	  0	371413	371413	371413	371413	371468	371468	371468	371468	371400	371400	371400	371400	371513	371513	371513	371513	371381	371381	371381	371381	??
ZZ	7974	169132	  7	  1	  3	  0	371410	371410	371410	371466	371466	371466	371466	371437	371437	371437	371437	371551	371551	371551	371551	371315	371315	371315	371315	371421	??
ZZ	7975	169154	  7	  1	  3	  0	371421	371421	371459	371459	371459	371459	371400	371400	371400	371400	371409	371409	371409	371409	371393	371393	371393	371393	371381	371381	??
ZZ	7976	169175	  7	  1	  3	  0	371381	371400	371400	371400	371400	371385	371385	371385	371385	371421	371421	371421	371421	371344	371344	371344	371344	371381	371381	371381	??
ZZ	7977	169196	  7	  1	  3	  0	371364	371364	371364	371364	371411	371411	371411	371411	371419	371419	371419	371419	371353	371353	371353	371353	371487	371487	371487	371487	??
ZZ	7978	169217	  6	  0	  5	  0	371474	371474	371474	371419	371419	371419	371419	371434	371434	371434	371434	371410	371410	371410	371410	371476	371476	371476	371476	371332	??
ZZ	7979	169238	  6	  0	  5	  0	371332	371332	371372	371372	371372	371372	371411	371411	371411	371411	371402	371402	371402	371402	371406	371406	371406	371406	371370	371370	??
ZZ	7980	169259	  6	  0	  5	  0	371370	371380	371380	371380	371380	371487	371487	371487	371487	371374	371374	371374	371374	371412	371412	371412	371412	371376	371376	371376	??
ZZ	7981	169281	  6	  0	  5	  0	371476	371476	371476	371476	371444	371444	371444	371444	371374	371374	371374	371374	371494	371494	371494	371494	371420	371420	371420	371420	??
ZZ	7982	169302	  6	  0	  5	  0	371344	371344	371344	371346	371346	371346	371346	371359	371359	371359	371359	371402	371402	371402	371402	371397	371397	371397	371397	371378	??
ZZ	7983	169323	  6	  0	  5	  0	371378	371378	371448	371448	371448	371448	371402	371402	371402	371402	371483	371483	371483	371483	371398	371398	371398	371398	371420	371420	??
ZZ	7984	169344	  6	  0	  5	  0	371420	371525	371525	371525	371525	371439	371439	371439	371439	371408	371408	371408	371408	371460	371460	371460	371460	371424	371424	371424	??
ZZ	7985	169365	  6	  1	  2	  0	371508	371508	371508	371508	371438	371438	371438	371438	371406	371406	371406	371406	371419	371419	371419	371419	371470	371470	371470	371470	??
ZZ	7986	169386	  6	  1	  2	  0	371474	371474	371474	371411	371411	371411	371411	371451	371451	371451	371451	371442	371442	371442	371442	371385	371385	371385	371385	371402	??
ZZ	7987	169407	  6	  1	  2	  0	371402	371402	371535	371535	371535	371535	371411	371411	371411	371411	371472	371472	371472	371472	371345	371345	371345	371345	371393	371393	??
ZZ	7988	169429	  6	  1	  2	  0	371393	371372	371372	371372	371372	371396	371396	371396	371396	371360	371360	371360	371360	371406	371406	371406	371406	371374	371374	371374	??
ZZ	7989	169450	  6	  1	  2	  0	371397	371397	371397	371397	371389	371389	371389	371389	371359	371359	371359	371359	371371	371371	371371	371371	371417	371417	371417	371417	??
ZZ	7990	169471	  6	  1	  2	  0	371365	371365	371365	371462	371462	371462	371462	371468	371468	371468	371468	371454	371454	371454	371454	371430	371430	371430	371430	371379	??
ZZ	7991	169492	  6	  1	  2	  0	371379	371379	371449	371449	371449	371449	371372	371372	371372	371372	371321	371321	371321	371321	371340	371340	371340	371340	371513	371513	??
ZZ	7992	169513	  6	  1	  2	  0	371513	371403	371403	371403	371403	371338	371338	371338	371338	371393	371393	371393	371393	371405	371405	371405	371405	371509	371509	371509	??
ZZ	7993	169534	  6	  1	  2	  0	371394	371394	371394	371394	371423	371423	371423	371423	371389	371389	371389	371389	371415	371415	371415	371415	371400	371400	371400	371400	??
ZZ	7994	169555	  6	  1	  2	  0	371393	371393	371393	371362	371362	371362	371362	371359	371359	371359	371359	371302	371302	371302	371302	371357	371357	371357	371357	371457	??
ZZ	7995	169577	  5	  1	  4	  0	371457	371457	371381	371381	371381	371381	371399	371399	371399	371399	371427	371427	371427	371427	371438	371438	371438	371438	371420	371420	??
ZZ	7996	169598	  5	  1	  4	  0	371420	371404	371404	371404	371404	371394	371394	371394	371394	371362	371362	371362	371362	371434	371434	371434	371434	371410	371410	371410	??
ZZ	7997	169619	  5	  1	  4	  0	371428	371428	371428	371428	371491	371491	371491	371491	371414	371414	371414	371414	371442	371442	371442	371442	371272	371272	371272	371272	??
ZZ	7998	169640	  5	  1	  4	  0	371360	371360	371360	371460	371460	371460	371460	371381	371381	371381	371381	371396	371396	371396	371396	371336	371336	371336	371336	371389	??
ZZ	7999	169661	  5	  1	  4	  0	371389	371389	371406	371406	371406	371406	371472	371472	371472	371472	371422	371422	371422	371422	371532	371532	371532	371532	371481	371481	??
ZZ	8000	169682	  5	  1	  4	  0	371481	371338	371338	371338	371338	371381	371381	371381	371381	371379	371379	371379	371379	371451	371451	371451	371451	371396	371396	371396	??
ZZ	8001	169704	  5	  1	  4	  0	371429	371429	371429	371429	371396	371396	371396	371396	371464	371464	371464	371464	371401	371401	371401	371401	371411	371411	371411	371411	??
ZZ	8002	169725	  5	  1	  4	  0	371460	371460	371460	371398	371398	371398	371398	371448	371448	371448	371448	371430	371430	371430	371430	371434	371434	371434	371434	371411	??
ZZ	8003	169746	  5	  1	  4	  0	371411	371411	371378	371378	371378	371378	371482	371482	371482	371482	371393	371393	371393	371393	371412	371412	371412	371412	371415	371415	??
ZZ	8004	169767	  5	  1	  4	  0	371415	371406	371406	371406	371406	371516	371516	371516	371516	371347	371347	371347	371347	371420	371420	371420	371420	371415	371415	371415	??
ZZ	8005	169788	  6	  1	  4	  0	371417	371417	371417	371417	371381	371381	371381	371381	371398	371398	371398	371398	371427	371427	371427	371427	371425	371425	371425	371425	??
ZZ	8006	169809	  6	  1	  4	  0	371456	371456	371456	371419	371419	371419	371419	371423	371423	371423	371423	371355	371355	371355	371355	371391	371391	371391	371391	371540	??
ZZ	8007	169830	  6	  1	  4	  0	371540	371540	371429	371429	371429	371429	371472	371472	371472	371472	371374	371374	371374	371374	371430	371430	371430	371430	371402	371402	??
ZZ	8008	169851	  6	  1	  4	  0	371402	371367	371367	371367	371367	371392	371392	371392	371392	371411	371411	371411	371411	371472	371472	371472	371472	371475	371475	371475	??
ZZ	8009	169873	  6	  1	  4	  0	371413	371413	371413	371413	371417	371417	371417	371417	371431	371431	371431	371431	371445	371445	371445	371445	371456	371456	371456	371456	??
ZZ	8010	169894	  6	  1	  4	  0	371423	371423	371423	371329	371329	371329	371329	371395	371395	371395	371395	371449	371449	371449	371449	371359	371359	371359	371359	371404	??
ZZ	8011	169915	  6	  1	  4	  0	371404	371404	371426	371426	371426	371426	371448	371448	371448	371448	371445	371445	371445	371445	371423	371423	371423	371423	371437	371437	??
ZZ	8012	169936	  6	  1	  4	  0	371437	371470	371470	371470	371470	371359	371359	371359	371359	371380	371380	371380	371380	371400	371400	371400	371400	371340	371340	371340	??
ZZ	8013	169957	  6	  1	  4	  0	371435	371435	371435	371435	371385	371385	371385	371385	371457	371457	371457	371457	371437	371437	371437	371437	371404	371404	371404	371404	??
ZZ	8014	169978	  6	  1	  4	  0	371403	371403	371403	371360	371360	371360	371360	371400	371400	371400	371400	371385	371385	371385	371385	371307	371307	371307	371307	371430	??
ZZ	8015	169999	  5	  1	  1	  0	371430	371430	371387	371387	371387	371387	371298	371298	371298	371298	371517	371517	371517	371517	371424	371424	371424	371424	371389	371389	??
ZZ	8016	170021	  5	  1	  1	  0	371389	371392	371392	371392	371392	371468	371468	371468	371468	371400	371400	371400	371400	371401	371401	371401	371401	371359	371359	371359	??
ZZ	8017	170042	  5	  1	  1	  0	371408	371408	371408	371408	371372	371372	371372	371372	371408	371408	371408	371408	371379	371379	371379	371379	371414	371414	371414	371414	??
ZZ	8018	170063	  5	  1	  1	  0	371453	371453	371453	371405	371405	371405	371405	371476	371476	371476	371476	371517	371517	371517	371517	371490	371490	371490	371490	371366	??
ZZ	8019	170084	  5	  1	  1	  0	371366	371366	371364	371364	371364	371364	371415	371415	371415	371415	371528	371528	371528	371528	371389	371389	371389	371389	371434	371434	??
ZZ	8020	170105	  5	  1	  1	  0	371434	371453	371453	371453	371453	371388	371388	371388	371388	371457	371457	371457	371457	371423	371423	371423	371423	371418	371418	371418	??
ZZ	8021	170126	  5	  1	  1	  0	371368	371368	371368	371368	371506	371506	371506	371506	371453	371453	371453	371453	371385	371385	371385	371385	371378	371378	371378	371378	??
ZZ	8022	170148	  5	  1	  1	  0	371479	371479	371479	371362	371362	371362	371362	371391	371391	371391	371391	371400	371400	371400	371400	371347	371347	371347	371347	371425	??
ZZ	8023	170169	  5	  1	  1	  0	371425	371425	371440	371440	371440	371440	371359	371359	371359	371359	371386	371386	371386	371386	371498	371498	371498	371498	371449	371449	??
ZZ	8024	170190	  5	  1	  1	  0	371449	371451	371451	371451	371451	371411	371411	371411	371411	371400	371400	371400	371400	371341	371341	371341	371341	371419	371419	371419	??
ZZ	8025	170211	  5	  1	  1	  0	371378	371378	371378	371378	371426	371426	371426	371426	371404	371404	371404	371404	371418	371418	371418	371418	371429	371429	371429	371429	??
ZZ	8026	170232	  5	  1	  1	  0	371436	371436	371436	371537	371537	371537	371537	371411	371411	371411	371411	371432	371432	371432	371432	371359	371359	371359	371359	371394	??
ZZ	8027	170253	  6	  1	  4	  0	371394	371394	371409	371409	371409	371409	371428	371428	371428	371428	371513	371513	371513	371513	371450	371450	371450	371450	371438	371438	??
ZZ	8028	170274	  6	  1	  4	  0	371438	371426	371426	371426	371426	371411	371411	371411	371411	371487	371487	371487	371487	371469	371469	371469	371469	371423	371423	371423	??
ZZ	8029	170295	  6	  1	  4	  0	371463	371463	371463	371463	371454	371454	371454	371454	371496	371496	371496	371496	371317	371317	371317	371317	371385	371385	371385	371385	??
ZZ	8030	170317	  6	  1	  4	  0	371393	371393	371393	371425	371425	371425	371425	371372	371372	371372	371372	371430	371430	371430	371430	371426	371426	371426	371426	371521	??
ZZ	8031	170338	  6	  1	  4	  0	371521	371521	371478	371478	371478	371478	371447	371447	371447	371447	371474	371474	371474	371474	371477	371477	371477	371477	371421	371421	??
ZZ	8032	170359	  6	  1	  4	  0	371421	371438	371438	371438	371438	371429	371429	371429	371429	371387	371387	371387	371387	371423	371423	371423	371423	371367	371367	371367	??
ZZ	8033	170380	  6	  1	  4	  0	371410	371410	371410	371410	371396	371396	371396	371396	371351	371351	371351	371351	371338	371338	371338	371338	371372	371372	371372	371372	??
ZZ	8034	170401	  6	  1	  4	  0	371381	371381	371381	371372	371372	371372	371372	371415	371415	371415	371415	371459	371459	371459	371459	371400	371400	371400	371400	371385	??
ZZ	8035	170422	  6	  1	  2	  0	371385	371385	371462	371462	371462	371462	371393	371393	371393	371393	371389	371389	371389	371389	371460	371460	371460	371460	371383	371383	??
ZZ	8036	170443	  6	  1	  2	  0	371383	371444	371444	371444	371444	371419	371419	371419	371419	371415	371415	371415	371415	371614	371614	371614	371614	371415	371415	371415	??
ZZ	8037	170465	  6	  1	  2	  0	371470	371470	371470	371470	371410	371410	371410	371410	371355	371355	371355	371355	371391	371391	371391	371391	371411	371411	371411	371411	??
ZZ	8038	170486	  6	  1	  2	  0	371468	371468	371468	371429	371429	371429	371429	371464	371464	371464	371464	371371	371371	371371	371371	371457	371457	371457	371457	371364	??
ZZ	8039	170507	  6	  1	  2	  0	371364	371364	371391	371391	371391	371391	371442	371442	371442	371442	371476	371476	371476	371476	371451	371451	371451	371451	371411	371411	??
ZZ	8040	170528	  6	  1	  2	  0	371411	371398	371398	371398	371398	371466	371466	371466	371466	371332	371332	371332	371332	371422	371422	371422	371422	371393	371393	371393	??
ZZ	8041	170549	  6	  1	  2	  0	371417	371417	371417	371417	371405	371405	371405	371405	371380	371380	371380	371380	371325	371325	371325	371325	371379	371379	371379	371379	??
ZZ	8042	170570	  6	  1	  2	  0	371325	371325	371325	371412	371412	371412	371412	371347	371347	371347	371347	371374	371374	371374	371374	371398	371398	371398	371398	371381	??
ZZ	8043	170592	  6	  1	  2	  0	371381	371381	371455	371455	371455	371455	371405	371405	371405	371405	371381	371381	371381	371381	371348	371348	371348	371348	371374	371374	??
ZZ	8044	170613	  6	  1	  2	  0	371374	371512	371512	371512	371512	371397	371397	371397	371397	371445	371445	371445	371445	371340	371340	371340	371340	371402	371402	371402	??
ZZ	8045	170634	  8	  0	  5	  0	371383	371383	371383	371383	371445	371445	371445	371445	371391	371391	371391	371391	371415	371415	371415	371415	371387	371387	371387	371387	??
ZZ	8046	170655	  8	  0	  5	  0	371406	371406	371406	371362	371362	371362	371362	371373	371373	371373	371373	371381	371381	371381	371381	371340	371340	371340	371340	371364	??
ZZ	8047	170676	  8	  0	  5	  0	371364	371364	371410	371410	371410	371410	371408	371408	371408	371408	371391	371391	371391	371391	371460	371460	371460	371460	371399	371399	??
ZZ	8048	170697	  8	  0	  5	  0	371399	371417	371417	371417	371417	371378	371378	371378	371378	371405	371405	371405	371405	371482	371482	371482	371482	371438	371438	371438	??
ZZ	8049	170718	  8	  0	  5	  0	371452	371452	371452	371452	371389	371389	371389	371389	371430	371430	371430	371430	371408	371408	371408	371408	371478	371478	371478	371478	??
ZZ	8050	170739	  8	  0	  5	  0	371389	371389	371389	371417	371417	371417	371417	371438	371438	371438	371438	371409	371409	371409	371409	371505	371505	371505	371505	371425	??
ZZ	8051	170761	  8	  0	  5	  0	371425	371425	371441	371441	371441	371441	371338	371338	371338	371338	371408	371408	371408	371408	371413	371413	371413	371413	371415	371415	??
ZZ	8052	170782	  8	  0	  5	  0	371415	371431	371431	371431	371431	371445	371445	371445	371445	371451	371451	371451	371451	371428	371428	371428	371428	371344	371344	371344	??
ZZ	8053	170803	  8	  0	  5	  0	371338	371338	371338	371338	371342	371342	371342	371342	371413	371413	371413	371413	371411	371411	371411	371411	371389	371389	371389	371389	??
ZZ	8054	170824	  8	  0	  5	  0	371389	371389	371389	371428	371428	371428	371428	371368	371368	371368	371368	371404	371404	371404	371404	371357	371357	371357	371357	371483	??
ZZ	8055	170845	  8	  1	  8	  0	371483	371483	371394	371394	371394	371394	371384	371384	371384	371384	371398	371398	371398	371398	371360	371360	371360	371360	371340	371340	??
ZZ	8056	170866	  8	  1	  8	  0	371340	371464	371464	371464	371464	371424	371424	371424	371424	371355	371355	371355	371355	371325	371325	371325	371325	371342	371342	371342	??
ZZ	8057	170888	  8	  1	  8	  0	371408	371408	371408	371408	371451	371451	371451	371451	371367	371367	371367	371367	371430	371430	371430	371430	371396	371396	371396	371396	??
ZZ	8058	170909	  8	  1	  8	  0	371379	371379	371379	371455	371455	371455	371455	371413	371413	371413	371413	371449	371449	371449	371449	371430	371430	371430	371430	371407	??
ZZ	8059	170930	  8	  1	  8	  0	371407	371407	371547	371547	371547	371547	371442	371442	371442	371442	371471	371471	371471	371471	371453	371453	371453	371453	371377	371377	??
ZZ	8060	170951	  8	  1	  8	  0	371377	371425	371425	371425	371425	371389	371389	371389	371389	371401	371401	371401	371401	371474	371474	371474	371474	371362	371362	371362	??
ZZ	8061	170972	  8	  1	  8	  0	371416	371416	371416	371416	371366	371366	371366	371366	371400	371400	371400	371400	371373	371373	371373	371373	371423	371423	371423	371423	??
ZZ	8062	170993	  8	  1	  8	  0	371395	371395	371395	371523	371523	371523	371523	371479	371479	371479	371479	371468	371468	371468	371468	371423	371423	371423	371423	371470	??
ZZ	8063	171014	  8	  1	  8	  0	371470	371470	371420	371420	371420	371420	371387	371387	371387	371387	371408	371408	371408	371408	371426	371426	371426	371426	371415	371415	??
ZZ	8064	171036	  8	  1	  8	  0	371415	371400	371400	371400	371400	371322	371322	371322	371322	371378	371378	371378	371378	371412	371412	371412	371412	371517	371517	371517	??
ZZ	8065	171057	  7	  0	  4	  0	371413	371413	371413	371413	371423	371423	371423	371423	371429	371429	371429	371429	371402	371402	371402	371402	371503	371503	371503	371503	??
ZZ	8066	171078	  7	  0	  4	  0	371385	371385	371385	371403	371403	371403	371403	371389	371389	371389	371389	371381	371381	371381	371381	371396	371396	371396	371396	371451	??
ZZ	8067	171099	  7	  0	  4	  0	371451	371451	371445	371445	371445	371445	371445	371445	371445	371445	371475	371475	371475	371475	371450	371450	371450	371450	371494	371494	??
ZZ	8068	171120	  7	  0	  4	  0	371494	371429	371429	371429	371429	371459	371459	371459	371459	371353	371353	371353	371353	371408	371408	371408	371408	371426	371426	371426	??
ZZ	8069	171141	  7	  0	  4	  0	371349	371349	371349	371349	371291	371291	371291	371291	371356	371356	371356	371356	371528	371528	371528	371528	371434	371434	371434	371434	??
ZZ	8070	171162	  7	  0	  4	  0	371408	371408	371408	371527	371527	371527	371527	371435	371435	371435	371435	371442	371442	371442	371442	371400	371400	371400	371400	371370	??
ZZ	8071	171184	  7	  0	  4	  0	371370	371370	371249	371249	371249	371249	371387	371387	371387	371387	371354	371354	371354	371354	371344	371344	371344	371344	371354	371354	??
ZZ	8072	171205	  7	  0	  4	  0	371354	371415	371415	371415	371415	371315	371315	371315	371315	371390	371390	371390	371390	371364	371364	371364	371364	371434	371434	371434	??
ZZ	8073	171226	  7	  0	  4	  0	371398	371398	371398	371398	371434	371434	371434	371434	371438	371438	371438	371438	371376	371376	371376	371376	371391	371391	371391	371391	??
ZZ	8074	171247	  7	  0	  4	  0	371388	371388	371388	371383	371383	371383	371383	371491	371491	371491	371491	371456	371456	371456	371456	371410	371410	371410	371410	371487	??
ZZ	8075	171268	  8	  1	  3	  0	371487	371487	371433	371433	371433	371433	371479	371479	371479	371479	371400	371400	371400	371400	371478	371478	371478	371478	371434	371434	??
ZZ	8076	171289	  8	  1	  3	  0	371434	371393	371393	371393	371393	371460	371460	371460	371460	371406	371406	371406	371406	371443	371443	371443	371443	371374	371374	371374	??
ZZ	8077	171311	  8	  1	  3	  0	371398	371398	371398	371398	371441	371441	371441	371441	371423	371423	371423	371423	371484	371484	371484	371484	371419	371419	371419	371419	??
ZZ	8078	171332	  8	  1	  3	  0	371498	371498	371498	371404	371404	371404	371404	371362	371362	371362	371362	371366	371366	371366	371366	371359	371359	371359	371359	371396	??
ZZ	8079	171353	  8	  1	  3	  0	371396	371396	371474	371474	371474	371474	371416	371416	371416	371416	371460	371460	371460	371460	371421	371421	371421	371421	371430	371430	??
ZZ	8080	171374	  8	  1	  3	  0	371430	371287	371287	371287	371287	371402	371402	371402	371402	371396	371396	371396	371396	371438	371438	371438	371438	371450	371450	371450	??
ZZ	8081	171395	  8	  1	  3	  0	371364	371364	371364	371364	371396	371396	371396	371396	371389	371389	371389	371389	371423	371423	371423	371423	371406	371406	371406	371406	??
ZZ	8082	171416	  8	  1	  3	  0	371411	371411	371411	371417	371417	371417	371417	371403	371403	371403	371403	371451	371451	371451	371451	371374	371374	371374	371374	371377	??
ZZ	8083	171437	  8	  1	  3	  0	371377	371377	371466	371466	371466	371466	371411	371411	371411	371411	371433	371433	371433	371433	371400	371400	371400	371400	371368	371368	??
ZZ	8084	171459	  8	  1	  3	  0	371368	371415	371415	371415	371415	371378	371378	371378	371378	371342	371342	371342	371342	371374	371374	371374	371374	371438	371438	371438	??
ZZ	8085	171480	  8	  1	  3	  0	371397	371397	371397	371397	371374	371374	371374	371374	371386	371386	371386	371386	371430	371430	371430	371430	371472	371472	371472	371472	??
ZZ	8086	171501	  8	  1	  3	  0	371432	371432	371432	371383	371383	371383	371383	371362	371362	371362	371362	371399	371399	371399	371399	371360	371360	371360	371360	371411	??
ZZ	8087	171522	  8	  1	  3	  0	371411	371411	371418	371418	371418	371418	371400	371400	371400	371400	371402	371402	371402	371402	371482	371482	371482	371482	371366	371366	??
ZZ	8088	171543	  8	  1	  2	  0	371366	371384	371384	371384	371384	371457	371457	371457	371457	371493	371493	371493	371493	371460	371460	371460	371460	371370	371370	371370	??
ZZ	8089	171564	  8	  1	  2	  0	371368	371368	371368	371368	371376	371376	371376	371376	371351	371351	371351	371351	371363	371363	371363	371363	371393	371393	371393	371393	??
ZZ	8090	171585	  8	  1	  2	  0	371415	371415	371415	371409	371409	371409	371409	371389	371389	371389	371389	371321	371321	371321	371321	371345	371345	371345	371345	371268	??
ZZ	8091	171607	  8	  1	  2	  0	371268	371268	371453	371453	371453	371453	371374	371374	371374	371374	371423	371423	371423	371423	371453	371453	371453	371453	371425	371425	??
ZZ	8092	171628	  8	  1	  2	  0	371425	371402	371402	371402	371402	371391	371391	371391	371391	371441	371441	371441	371441	371385	371385	371385	371385	371362	371362	371362	??
ZZ	8093	171649	  8	  1	  2	  0	371445	371445	371445	371445	371429	371429	371429	371429	371361	371361	371361	371361	371449	371449	371449	371449	371360	371360	371360	371360	??
ZZ	8094	171670	  8	  1	  2	  0	371485	371485	371485	371381	371381	371381	371381	371417	371417	371417	371417	371389	371389	371389	371389	371509	371509	371509	371509	371435	??
ZZ	8095	171691	  8	  2	  1	  0	371435	371435	371481	371481	371481	371481	371404	371404	371404	371404	371402	371402	371402	371402	371280	371280	371280	371280	371376	371376	??
ZZ	8096	171712	  8	  2	  1	  0	371376	371463	371463	371463	371463	371291	371291	371291	371291	371386	371386	371386	371386	371517	371517	371517	371517	371438	371438	371438	??
ZZ	8097	171734	  8	  2	  1	  0	371422	371422	371422	371422	371362	371362	371362	371362	371386	371386	371386	371386	371415	371415	371415	371415	371338	371338	371338	371338	??
ZZ	8098	171755	  8	  2	  1	  0	371430	371430	371430	371444	371444	371444	371444	371483	371483	371483	371483	371446	371446	371446	371446	371411	371411	371411	371411	371440	??
ZZ	8099	171776	  8	  2	  1	  0	371440	371440	371415	371415	371415	371415	371330	371330	371330	371330	371429	371429	371429	371429	371393	371393	371393	371393	371442	371442	??
ZZ	8100	171797	  8	  2	  1	  0	371442	371415	371415	371415	371415	371353	371353	371353	371353	371340	371340	371340	371340	371357	371357	371357	371357	371464	371464	371464	??
ZZ	8101	171818	  8	  2	  1	  0	371357	371357	371357	371357	371388	371388	371388	371388	371425	371425	371425	371425	371400	371400	371400	371400	371468	371468	371468	371468	??
ZZ	8102	171839	  8	  2	  1	  0	371344	371344	371344	371381	371381	371381	371381	371404	371404	371404	371404	371417	371417	371417	371417	371381	371381	371381	371381	371411	??
ZZ	8103	171860	  8	  2	  1	  0	371411	371411	371448	371448	371448	371448	371390	371390	371390	371390	371467	371467	371467	371467	371378	371378	371378	371378	371419	371419	??
ZZ	8104	171881	  8	  2	  1	  0	371419	371394	371394	371394	371394	371409	371409	371409	371409	371427	371427	371427	371427	371419	371419	371419	371419	371401	371401	371401	??
ZZ	8105	171903	  7	  1	  2	  0	371387	371387	371387	371387	371366	371366	371366	371366	371370	371370	371370	371370	371378	371378	371378	371378	371371	371371	371371	371371	??
ZZ	8106	171924	  7	  1	  2	  0	371362	371362	371362	371368	371368	371368	371368	371387	371387	371387	371387	371380	371380	371380	371380	371381	371381	371381	371381	371437	??
ZZ	8107	171945	  7	  1	  2	  0	371437	371437	371391	371391	371391	371391	371436	371436	371436	371436	371428	371428	371428	371428	371411	371411	371411	371411	371445	371445	??
ZZ	8108	171966	  7	  1	  2	  0	371445	371382	371382	371382	371382	371321	371321	371321	371321	371351	371351	371351	371351	371355	371355	371355	371355	371404	371404	371404	??
ZZ	8109	171987	  7	  1	  2	  0	371402	371402	371402	371402	371400	371400	371400	371400	371496	371496	371496	371496	371451	371451	371451	371451	371372	371372	371372	371372	??
ZZ	8110	172008	  7	  1	  2	  0	371415	371415	371415	371455	371455	371455	371455	371419	371419	371419	371419	371418	371418	371418	371418	371396	371396	371396	371396	371460	??
ZZ	8111	172030	  7	  1	  2	  0	371460	371460	371428	371428	371428	371428	371415	371415	371415	371415	371379	371379	371379	371379	371430	371430	371430	371430	371393	371393	??
ZZ	8112	172051	  7	  1	  2	  0	371393	371392	371392	371392	371392	371502	371502	371502	371502	371421	371421	371421	371421	371424	371424	371424	371424	371393	371393	371393	??
ZZ	8113	172072	  7	  1	  2	  0	371417	371417	371417	371417	371374	371374	371374	371374	371330	371330	371330	371330	371372	371372	371372	371372	371396	371396	371396	371396	??
ZZ	8114	172093	  7	  1	  2	  0	371423	371423	371423	371409	371409	371409	371409	371389	371389	371389	371389	371419	371419	371419	371419	371425	371425	371425	371425	371400	??
ZZ	8115	172114	  7	  2	  2	  0	371400	371400	371455	371455	371455	371455	371424	371424	371424	371424	371411	371411	371411	371411	371404	371404	371404	371404	371380	371380	??
ZZ	8116	172136	  7	  2	  2	  0	371380	371451	371451	371451	371451	371401	371401	371401	371401	371345	371345	371345	371345	371472	371472	371472	371472	371388	371388	371388	??
ZZ	8117	172157	  7	  2	  2	  0	371413	371413	371413	371413	371395	371395	371395	371395	371353	371353	371353	371353	371427	371427	371427	371427	371392	371392	371392	371392	??
ZZ	8118	172178	  7	  2	  2	  0	371415	371415	371415	371353	371353	371353	371353	371387	371387	371387	371387	371496	371496	371496	371496	371438	371438	371438	371438	371444	??
ZZ	8119	172199	  7	  2	  2	  0	371444	371444	371379	371379	371379	371379	371399	371399	371399	371399	371391	371391	371391	371391	371487	371487	371487	371487	371376	371376	??
ZZ	8120	172220	  7	  2	  2	  0	371376	371353	371353	371353	371353	371291	371291	371291	371291	371370	371370	371370	371370	371376	371376	371376	371376	371381	371381	371381	??
ZZ	8121	172241	  7	  2	  2	  0	371373	371373	371373	371373	371364	371364	371364	371364	371431	371431	371431	371431	371355	371355	371355	371355	371404	371404	371404	371404	??
ZZ	8122	172262	  7	  2	  2	  0	371357	371357	371357	371372	371372	371372	371372	371355	371355	371355	371355	371333	371333	371333	371333	371408	371408	371408	371408	371393	??
ZZ	8123	172283	  7	  2	  2	  0	371393	371393	371376	371376	371376	371376	371483	371483	371483	371483	371426	371426	371426	371426	371389	371389	371389	371389	371351	371351	??
ZZ	8124	172305	  7	  2	  2	  0	371351	371412	371412	371412	371412	371321	371321	371321	371321	371396	371396	371396	371396	371391	371391	371391	371391	371404	371404	371404	??
ZZ	8125	172326	  7	  2	  3	  0	371449	371449	371449	371449	371394	371394	371394	371394	371479	371479	371479	371479	371406	371406	371406	371406	371350	371350	371350	371350	??
ZZ	8126	172347	  7	  2	  3	  0	371449	371449	371449	371399	371399	371399	371399	371443	371443	371443	371443	371374	371374	371374	371374	371375	371375	371375	371375	371408	??
ZZ	8127	172368	  7	  2	  3	  0	371408	371408	371407	371407	371407	371407	371498	371498	371498	371498	371360	371360	371360	371360	371389	371389	371389	371389	371434	371434	??
ZZ	8128	172389	  7	  2	  3	  0	371434	371494	371494	371494	371494	371436	371436	371436	371436	371359	371359	371359	371359	371479	371479	371479	371479	371390	371390	371390	??
ZZ	8129	172411	  7	  2	  3	  0	371421	371421	371421	371421	371500	371500	371500	371500	371455	371455	371455	371455	371502	371502	371502	371502	371441	371441	371441	371441	??
ZZ	8130	172432	  7	  2	  3	  0	371472	371472	371472	371463	371463	371463	371463	371451	371451	371451	371451	371385	371385	371385	371385	371504	371504	371504	371504	371401	??
ZZ	8131	172453	  7	  2	  3	  0	371401	371401	371421	371421	371421	371421	371394	371394	371394	371394	371379	371379	371379	371379	371344	371344	371344	371344	371352	371352	??
ZZ	8132	172474	  7	  2	  3	  0	371352	371410	371410	371410	371410	371453	371453	371453	371453	371433	371433	371433	371433	371396	371396	371396	371396	371406	371406	371406	??
ZZ	8133	172495	  7	  2	  3	  0	371388	371388	371388	371388	371429	371429	371429	371429	371383	371383	371383	371383	371378	371378	371378	371378	371449	371449	371449	371449	??
ZZ	8134	172516	  7	  2	  3	  0	371377	371377	371377	371455	371455	371455	371455	371385	371385	371385	371385	371415	371415	371415	371415	371336	371336	371336	371336	371421	??
ZZ	8135	172537	  7	  2	  3	  0	371421	371421	371366	371366	371366	371366	371345	371345	371345	371345	371377	371377	371377	371377	371389	371389	371389	371389	371389	371389	??
ZZ	8136	172559	  7	  2	  3	  0	371389	371366	371366	371366	371366	371442	371442	371442	371442	371425	371425	371425	371425	371426	371426	371426	371426	371479	371479	371479	??
ZZ	8137	172580	  7	  1	  3	  0	371413	371413	371413	371413	371388	371388	371388	371388	371464	371464	371464	371464	371444	371444	371444	371444	371415	371415	371415	371415	??
ZZ	8138	172601	  7	  1	  3	  0	371349	371349	371349	371347	371347	371347	371347	371406	371406	371406	371406	371400	371400	371400	371400	371336	371336	371336	371336	371341	??
ZZ	8139	172622	  7	  1	  3	  0	371341	371341	371297	371297	371297	371297	371362	371362	371362	371362	371411	371411	371411	371411	371382	371382	371382	371382	371351	371351	??
ZZ	8140	172643	  7	  1	  3	  0	371351	371410	371410	371410	371410	371366	371366	371366	371366	371547	371547	371547	371547	371415	371415	371415	371415	371413	371413	371413	??
ZZ	8141	172664	  7	  1	  3	  0	371474	371474	371474	371474	371381	371381	371381	371381	371455	371455	371455	371455	371366	371366	371366	371366	371388	371388	371388	371388	??
ZZ	8142	172685	  7	  1	  3	  0	371438	371438	371438	371353	371353	371353	371353	371394	371394	371394	371394	371385	371385	371385	371385	371355	371355	371355	371355	371410	??
ZZ	8143	172706	  7	  1	  3	  0	371410	371410	371326	371326	371326	371326	371400	371400	371400	371400	371351	371351	371351	371351	371359	371359	371359	371359	371365	371365	??
ZZ	8144	172728	  7	  1	  3	  0	371365	371415	371415	371415	371415	371436	371436	371436	371436	371428	371428	371428	371428	371355	371355	371355	371355	371393	371393	371393	??
ZZ	8145	172749	  7	  2	  1	  0	371403	371403	371403	371403	371359	371359	371359	371359	371398	371398	371398	371398	371336	371336	371336	371336	371479	371479	371479	371479	??
ZZ	8146	172770	  7	  2	  1	  0	371381	371381	371381	371436	371436	371436	371436	371479	371479	371479	371479	371429	371429	371429	371429	371344	371344	371344	371344	371417	??
ZZ	8147	172791	  7	  2	  1	  0	371417	371417	371384	371384	371384	371384	371478	371478	371478	371478	371427	371427	371427	371427	371491	371491	371491	371491	371389	371389	??
ZZ	8148	172812	  7	  2	  1	  0	371389	371451	371451	371451	371451	371378	371378	371378	371378	371366	371366	371366	371366	371398	371398	371398	371398	371430	371430	371430	??
ZZ	8149	172834	  7	  2	  1	  0	371417	371417	371417	371417	371467	371467	371467	371467	371404	371404	371404	371404	371415	371415	371415	371415	371509	371509	371509	371509	??
ZZ	8150	172855	  7	  2	  1	  0	371502	371502	371502	371481	371481	371481	371481	371463	371463	371463	371463	371419	371419	371419	371419	371434	371434	371434	371434	371425	??
ZZ	8151	172876	  7	  2	  1	  0	371425	371425	371439	371439	371439	371439	371353	371353	371353	371353	371404	371404	371404	371404	371422	371422	371422	371422	371396	371396	??
ZZ	8152	172897	  7	  2	  1	  0	371396	371425	371425	371425	371425	371398	371398	371398	371398	371400	371400	371400	371400	371404	371404	371404	371404	371376	371376	371376	??
ZZ	8153	172918	  7	  2	  1	  0	371406	371406	371406	371406	371352	371352	371352	371352	371326	371326	371326	371326	371483	371483	371483	371483	371395	371395	371395	371395	??
ZZ	8154	172939	  7	  2	  1	  0	371411	371411	371411	371341	371341	371341	371341	371410	371410	371410	371410	371411	371411	371411	371411	371353	371353	371353	371353	371399	??
ZZ	8155	172960	  7	  1	  2	  0	371399	371399	371436	371436	371436	371436	371459	371459	371459	371459	371460	371460	371460	371460	371472	371472	371472	371472	371439	371439	??
ZZ	8156	172981	  7	  1	  2	  0	371439	371394	371394	371394	371394	371355	371355	371355	371355	371428	371428	371428	371428	371402	371402	371402	371402	371498	371498	371498	??
ZZ	8157	173003	  7	  1	  2	  0	371451	371451	371451	371451	371430	371430	371430	371430	371401	371401	371401	371401	371410	371410	371410	371410	371355	371355	371355	371355	??
ZZ	8158	173024	  7	  1	  2	  0	371398	371398	371398	371341	371341	371341	371341	371449	371449	371449	371449	371425	371425	371425	371425	371419	371419	371419	371419	371396	??
ZZ	8159	173045	  7	  1	  2	  0	371396	371396	371455	371455	371455	371455	371423	371423	371423	371423	371433	371433	371433	371433	371400	371400	371400	371400	371355	371355	??
ZZ	8160	173066	  7	  1	  2	  0	371355	371378	371378	371378	371378	371421	371421	371421	371421	371408	371408	371408	371408	371378	371378	371378	371378	371472	371472	371472	??
ZZ	8161	173087	  7	  1	  2	  0	371423	371423	371423	371423	371345	371345	371345	371345	371457	371457	371457	371457	371382	371382	371382	371382	371476	371476	371476	371476	??
ZZ	8162	173108	  7	  1	  2	  0	371351	371351	371351	371426	371426	371426	371426	371394	371394	371394	371394	371445	371445	371445	371445	371419	371419	371419	371419	371411	??
ZZ	8163	173129	  7	  1	  2	  0	371411	371411	371445	371445	371445	371445	371430	371430	371430	371430	371427	371427	371427	371427	371442	371442	371442	371442	371381	371381	??
ZZ	8164	173150	  7	  1	  2	  0	371381	371453	371453	371453	371453	371449	371449	371449	371449	371340	371340	371340	371340	371396	371396	371396	371396	371381	371381	371381	??
ZZ	8165	173172	  6	  1	  1	  0	371408	371408	371408	371408	371431	371431	371431	371431	371370	371370	371370	371370	371453	371453	371453	371453	371420	371420	371420	371420	??
ZZ	8166	173193	  6	  1	  1	  0	371464	371464	371464	371474	371474	371474	371474	371426	371426	371426	371426	371366	371366	371366	371366	371329	371329	371329	371329	371387	??
ZZ	8167	173214	  6	  1	  1	  0	371387	371387	371512	371512	371512	371512	371435	371435	371435	371435	371430	371430	371430	371430	371370	371370	371370	371370	371385	371385	??
ZZ	8168	173235	  6	  1	  1	  0	371385	371408	371408	371408	371408	371364	371364	371364	371364	371394	371394	371394	371394	371389	371389	371389	371389	371394	371394	371394	??
ZZ	8169	173256	  6	  1	  1	  0	371356	371356	371356	371356	371410	371410	371410	371410	371427	371427	371427	371427	371498	371498	371498	371498	371449	371449	371449	371449	??
ZZ	8170	173278	  6	  1	  1	  0	371413	371413	371413	371415	371415	371415	371415	371338	371338	371338	371338	371376	371376	371376	371376	371400	371400	371400	371400	371428	??
ZZ	8171	173299	  6	  1	  1	  0	371428	371428	371436	371436	371436	371436	371479	371479	371479	371479	371442	371442	371442	371442	371351	371351	371351	371351	371336	371336	??
ZZ	8172	173320	  6	  1	  1	  0	371336	371358	371358	371358	371358	371396	371396	371396	371396	371341	371341	371341	371341	371365	371365	371365	371365	371487	371487	371487	??
ZZ	8173	173341	  6	  1	  1	  0	371447	371447	371447	371447	371355	371355	371355	371355	371468	371468	371468	371468	371417	371417	371417	371417	371487	371487	371487	371487	??
ZZ	8174	173362	  6	  1	  1	  0	371476	371476	371476	371453	371453	371453	371453	371460	371460	371460	371460	371472	371472	371472	371472	371464	371464	371464	371464	371448	??
ZZ	8175	173383	  6	  1	  1	  0	371448	371448	371400	371400	371400	371400	371427	371427	371427	371427	371468	371468	371468	371468	371421	371421	371421	371421	371442	371442	??
ZZ	8176	173404	  6	  1	  1	  0	371442	371466	371466	371466	371466	371434	371434	371434	371434	371395	371395	371395	371395	371415	371415	371415	371415	371382	371382	371382	??
ZZ	8177	173426	  6	  1	  1	  0	371391	371391	371391	371391	371381	371381	371381	371381	371368	371368	371368	371368	371421	371421	371421	371421	371372	371372	371372	371372	??
ZZ	8178	173447	  7	  1	  4	  0	371479	371479	371479	371351	371351	371351	371351	371378	371378	371378	371378	371442	371442	371442	371442	371367	371367	371367	371367	371398	??
ZZ	8179	173468	  7	  1	  4	  0	371398	371398	371374	371374	371374	371374	371398	371398	371398	371398	371402	371402	371402	371402	371347	371347	371347	371347	371392	371392	??
ZZ	8180	173489	  7	  1	  4	  0	371392	371432	371432	371432	371432	371419	371419	371419	371419	371398	371398	371398	371398	371387	371387	371387	371387	371359	371359	371359	??
ZZ	8181	173510	  7	  1	  4	  0	371379	371379	371379	371379	371498	371498	371498	371498	371462	371462	371462	371462	371332	371332	371332	371332	371440	371440	371440	371440	??
ZZ	8182	173531	  7	  1	  4	  0	371376	371376	371376	371402	371402	371402	371402	371351	371351	371351	371351	371366	371366	371366	371366	371327	371327	371327	371327	371395	??
ZZ	8183	173552	  7	  1	  4	  0	371395	371395	371470	371470	371470	371470	371347	371347	371347	371347	371386	371386	371386	371386	371423	371423	371423	371423	371400	371400	??
ZZ	8184	173574	  7	  1	  4	  0	371400	371397	371397	371397	371397	371398	371398	371398	371398	371472	371472	371472	371472	371431	371431	371431	371431	371336	371336	371336	??
ZZ	8185	173595	  8	  1	  4	  0	371381	371381	371381	371381	371400	371400	371400	371400	371357	371357	371357	371357	371396	371396	371396	371396	371404	371404	371404	371404	??
ZZ	8186	173616	  8	  1	  4	  0	371408	371408	371408	371390	371390	371390	371390	371453	371453	371453	371453	371404	371404	371404	371404	371406	371406	371406	371406	371345	??
ZZ	8187	173637	  8	  1	  4	  0	371345	371345	371329	371329	371329	371329	371396	371396	371396	371396	371498	371498	371498	371498	371436	371436	371436	371436	371425	371425	??
ZZ	8188	173658	  8	  1	  4	  0	371425	371411	371411	371411	371411	371401	371401	371401	371401	371359	371359	371359	371359	371450	371450	371450	371450	371398	371398	371398	??
ZZ	8189	173680	  8	  1	  4	  0	371381	371381	371381	371381	371396	371396	371396	371396	371349	371349	371349	371349	371472	371472	371472	371472	371391	371391	371391	371391	??
ZZ	8190	173701	  8	  1	  4	  0	371378	371378	371378	371440	371440	371440	371440	371406	371406	371406	371406	371415	371415	371415	371415	371467	371467	371467	371467	371460	??
ZZ	8191	173722	  8	  1	  4	  0	371460	371460	371438	371438	371438	371438	371425	371425	371425	371425	371468	371468	371468	371468	371351	371351	371351	371351	371387	371387	??
ZZ	8192	173743	  8	  1	  4	  0	371387	371337	371337	371337	371337	371372	371372	371372	371372	371367	371367	371367	371367	371272	371272	371272	371272	371352	371352	371352	??
ZZ	8193	173764	  8	  1	  4	  0	371442	371442	371442	371442	371398	371398	371398	371398	371380	371380	371380	371380	371472	371472	371472	371472	371374	371374	371374	371374	??
ZZ	8194	173785	  8	  1	  4	  0	371433	371433	371433	371429	371429	371429	371429	371400	371400	371400	371400	371408	371408	371408	371408	371449	371449	371449	371449	371467	??
ZZ	8195	173806	  8	  1	  3	  0	371467	371467	371406	371406	371406	371406	371374	371374	371374	371374	371401	371401	371401	371401	371353	371353	371353	371353	371492	371492	??
ZZ	8196	173827	  8	  1	  3	  0	371492	371409	371409	371409	371409	371460	371460	371460	371460	371351	371351	371351	371351	371418	371418	371418	371418	371393	371393	371393	??
ZZ	8197	173849	  8	  1	  3	  0	371376	371376	371376	371376	371400	371400	371400	371400	371415	371415	371415	371415	371429	371429	371429	371429	371360	371360	371360	371360	??
ZZ	8198	173870	  8	  1	  3	  0	371362	371362	371362	371394	371394	371394	371394	371389	371389	371389	371389	371442	371442	371442	371442	371405	371405	371405	371405	371411	??
ZZ	8199	173891	  8	  1	  3	  0	371411	371411	371426	371426	371426	371426	371483	371483	371483	371483	371340	371340	371340	371340	371414	371414	371414	371414	371410	371410	??
ZZ	8200	173912	  8	  1	  3	  0	371410	371374	371374	371374	371374	371416	371416	371416	371416	371332	371332	371332	371332	371385	371385	371385	371385	371410	371410	371410	??
ZZ	8201	173933	  8	  1	  3	  0	371427	371427	371427	371427	371391	371391	371391	371391	371370	371370	371370	371370	371378	371378	371378	371378	371369	371369	371369	371369	??
ZZ	8202	173954	  8	  1	  3	  0	371421	371421	371421	371430	371430	371430	371430	371405	371405	371405	371405	371385	371385	371385	371385	371340	371340	371340	371340	371453	??
ZZ	8203	173976	  8	  1	  3	  0	371453	371453	371413	371413	371413	371413	371404	371404	371404	371404	371494	371494	371494	371494	371463	371463	371463	371463	371433	371433	??
ZZ	8204	173997	  8	  1	  3	  0	371433	371410	371410	371410	371410	371359	371359	371359	371359	371387	371387	371387	371387	371427	371427	371427	371427	371410	371410	371410	??
ZZ	8205	174018	  9	  1	  2	  0	371338	371338	371338	371338	371347	371347	371347	371347	371301	371301	371301	371301	371338	371338	371338	371338	371345	371345	371345	371345	??
ZZ	8206	174039	  9	  1	  2	  0	371358	371358	371358	371460	371460	371460	371460	371387	371387	371387	371387	371404	371404	371404	371404	371396	371396	371396	371396	371400	??
ZZ	8207	174060	  9	  1	  2	  0	371400	371400	371381	371381	371381	371381	371449	371449	371449	371449	371464	371464	371464	371464	371329	371329	371329	371329	371366	371366	??
ZZ	8208	174081	  9	  1	  2	  0	371366	371378	371378	371378	371378	371344	371344	371344	371344	371413	371413	371413	371413	371391	371391	371391	371391	371430	371430	371430	??
ZZ	8209	174102	  9	  1	  2	  0	371379	371379	371379	371379	371374	371374	371374	371374	371470	371470	371470	371470	371425	371425	371425	371425	371370	371370	371370	371370	??
ZZ	8210	174124	  9	  1	  2	  0	371351	371351	371351	371393	371393	371393	371393	371423	371423	371423	371423	371398	371398	371398	371398	371423	371423	371423	371423	371385	??
ZZ	8211	174145	  9	  1	  2	  0	371385	371385	371398	371398	371398	371398	371350	371350	371350	371350	371415	371415	371415	371415	371350	371350	371350	371350	371457	371457	??
ZZ	8212	174166	  9	  1	  2	  0	371457	371432	371432	371432	371432	371421	371421	371421	371421	371383	371383	371383	371383	371371	371371	371371	371371	371347	371347	371347	??
ZZ	8213	174187	  9	  1	  2	  0	371364	371364	371364	371364	371399	371399	371399	371399	371361	371361	371361	371361	371423	371423	371423	371423	371361	371361	371361	371361	??
ZZ	8214	174208	  9	  1	  2	  0	371393	371393	371393	371421	371421	371421	371421	371400	371400	371400	371400	371498	371498	371498	371498	371432	371432	371432	371432	371381	??
ZZ	8215	174229	  9	  1	  2	  0	371381	371381	371410	371410	371410	371410	371389	371389	371389	371389	371370	371370	371370	371370	371434	371434	371434	371434	371372	371372	??
ZZ	8216	174251	  9	  1	  2	  0	371372	371485	371485	371485	371485	371370	371370	371370	371370	371376	371376	371376	371376	371464	371464	371464	371464	371397	371397	371397	??
ZZ	8217	174272	  9	  1	  2	  0	371398	371398	371398	371398	371329	371329	371329	371329	371405	371405	371405	371405	371491	371491	371491	371491	371430	371430	371430	371430	??
ZZ	8218	174293	  9	  1	  2	  0	371418	371418	371418	371432	371432	371432	371432	371381	371381	371381	371381	371409	371409	371409	371409	371376	371376	371376	371376	371413	??
ZZ	8219	174314	  9	  0	  2	  0	371413	371413	371421	371421	371421	371421	371498	371498	371498	371498	371427	371427	371427	371427	371389	371389	371389	371389	371340	371340	??
ZZ	8220	174335	  9	  0	  2	  0	371340	371405	371405	371405	371405	371378	371378	371378	371378	371339	371339	371339	371339	371445	371445	371445	371445	371351	371351	371351	??
ZZ	8221	174356	  9	  0	  2	  0	371445	371445	371445	371445	371449	371449	371449	371449	371317	371317	371317	371317	371383	371383	371383	371383	371487	371487	371487	371487	??
ZZ	8222	174377	  9	  0	  2	  0	371351	371351	371351	371426	371426	371426	371426	371355	371355	371355	371355	371411	371411	371411	371411	371332	371332	371332	371332	371470	??
ZZ	8223	174399	  9	  0	  2	  0	371470	371470	371406	371406	371406	371406	371380	371380	371380	371380	371374	371374	371374	371374	371337	371337	371337	371337	371474	371474	??
ZZ	8224	174420	  9	  0	  2	  0	371474	371411	371411	371411	371411	371385	371385	371385	371385	371427	371427	371427	371427	371359	371359	371359	371359	371425	371425	371425	??
ZZ	8225	174441	  9	  0	  2	  0	371423	371423	371423	371423	371383	371383	371383	371383	371430	371430	371430	371430	371374	371374	371374	371374	371397	371397	371397	371397	??
ZZ	8226	174462	  9	  0	  2	  0	371415	371415	371415	371482	371482	371482	371482	371415	371415	371415	371415	371366	371366	371366	371366	371416	371416	371416	371416	371419	??
ZZ	8227	174483	  9	  0	  2	  0	371419	371419	371498	371498	371498	371498	371415	371415	371415	371415	371280	371280	371280	371280	371438	371438	371438	371438	371364	371364	??
ZZ	8228	174505	  9	  0	  2	  0	371364	371491	371491	371491	371491	371330	371330	371330	371330	371440	371440	371440	371440	371291	371291	371291	371291	371382	371382	371382	??
ZZ	8229	174526	  9	  0	  2	  0	371359	371359	371359	371359	371429	371429	371429	371429	371362	371362	371362	371362	371340	371340	371340	371340	371400	371400	371400	371400	??
ZZ	8230	174547	  9	  0	  2	  0	371377	371377	371377	371411	371411	371411	371411	371334	371334	371334	371334	371385	371385	371385	371385	371427	371427	371427	371427	371381	??
ZZ	8231	174568	  9	  0	  2	  0	371381	371381	371379	371379	371379	371379	371442	371442	371442	371442	371423	371423	371423	371423	371347	371347	371347	371347	371411	371411	??
ZZ	8232	174589	  9	  0	  2	  0	371411	371395	371395	371395	371395	371490	371490	371490	371490	371410	371410	371410	371410	371349	371349	371349	371349	371359	371359	371359	??
ZZ	8233	174610	  9	  0	  2	  0	371346	371346	371346	371346	371442	371442	371442	371442	371389	371389	371389	371389	371423	371423	371423	371423	371338	371338	371338	371338	??
ZZ	8234	174631	  9	  0	  2	  0	371483	371483	371483	371446	371446	371446	371446	371411	371411	371411	371411	371412	371412	371412	371412	371302	371302	371302	371302	371383	??
ZZ	8235	174653	  9	  0	  1	  0	371383	371383	371400	371400	371400	371400	371353	371353	371353	371353	371423	371423	371423	371423	371374	371374	371374	371374	371423	371423	??
ZZ	8236	174674	  9	  0	  1	  0	371423	371448	371448	371448	371448	371386	371386	371386	371386	371442	371442	371442	371442	371369	371369	371369	371369	371528	371528	371528	??
ZZ	8237	174695	  9	  0	  1	  0	371411	371411	371411	371411	371417	371417	371417	371417	371396	371396	371396	371396	371347	371347	371347	371347	371401	371401	371401	371401	??
ZZ	8238	174716	  9	  0	  1	  0	371440	371440	371440	371400	371400	371400	371400	371427	371427	371427	371427	371374	371374	371374	371374	371393	371393	371393	371393	371489	??
ZZ	8239	174737	  9	  0	  1	  0	371489	371489	371438	371438	371438	371438	371412	371412	371412	371412	371438	371438	371438	371438	371396	371396	371396	371396	371413	371413	??
ZZ	8240	174758	  9	  0	  1	  0	371413	371488	371488	371488	371488	371451	371451	371451	371451	371385	371385	371385	371385	371434	371434	371434	371434	371420	371420	371420	??
ZZ	8241	174780	  9	  0	  1	  0	371368	371368	371368	371368	371336	371336	371336	371336	371352	371352	371352	371352	371419	371419	371419	371419	371483	371483	371483	371483	??
ZZ	8242	174801	  9	  0	  1	  0	371451	371451	371451	371432	371432	371432	371432	371371	371371	371371	371371	371387	371387	371387	371387	371265	371265	371265	371265	371371	??
ZZ	8243	174822	  9	  0	  1	  0	371371	371371	371470	371470	371470	371470	371487	371487	371487	371487	371436	371436	371436	371436	371444	371444	371444	371444	371404	371404	??
ZZ	8244	174843	  9	  0	  1	  0	371404	371378	371378	371378	371378	371442	371442	371442	371442	371412	371412	371412	371412	371434	371434	371434	371434	371483	371483	371483	??
ZZ	8245	174864	  9	  1	  1	  0	371456	371456	371456	371456	371370	371370	371370	371370	371459	371459	371459	371459	371416	371416	371416	371416	371434	371434	371434	371434	??
ZZ	8246	174885	  9	  1	  1	  0	371532	371532	371532	371466	371466	371466	371466	371497	371497	371497	371497	371453	371453	371453	371453	371449	371449	371449	371449	371283	??
ZZ	8247	174906	  9	  1	  1	  0	371283	371283	371387	371387	371387	371387	371449	371449	371449	371449	371378	371378	371378	371378	371385	371385	371385	371385	371423	371423	??
ZZ	8248	174928	  9	  1	  1	  0	371423	371516	371516	371516	371516	371406	371406	371406	371406	371367	371367	371367	371367	371390	371390	371390	371390	371413	371413	371413	??
ZZ	8249	174949	  9	  1	  1	  0	371427	371427	371427	371427	371412	371412	371412	371412	371442	371442	371442	371442	371344	371344	371344	371344	371412	371412	371412	371412	??
ZZ	8250	174970	  9	  1	  1	  0	371478	371478	371478	371367	371367	371367	371367	371434	371434	371434	371434	371370	371370	371370	371370	371413	371413	371413	371413	371374	??
ZZ	8251	174991	  9	  1	  1	  0	371374	371374	371370	371370	371370	371370	371388	371388	371388	371388	371551	371551	371551	371551	371313	371313	371313	371313	371400	371400	??
ZZ	8252	175012	  9	  1	  1	  0	371400	371372	371372	371372	371372	371392	371392	371392	371392	371351	371351	371351	371351	371396	371396	371396	371396	371374	371374	371374	??
ZZ	8253	175033	  9	  1	  1	  0	371372	371372	371372	371372	371378	371378	371378	371378	371347	371347	371347	371347	371362	371362	371362	371362	371381	371381	371381	371381	??
ZZ	8254	175054	  9	  1	  1	  0	371356	371356	371356	371380	371380	371380	371380	371374	371374	371374	371374	371417	371417	371417	371417	371362	371362	371362	371362	371391	??
ZZ	8255	175076	  9	  1	  3	  0	371391	371391	371451	371451	371451	371451	371438	371438	371438	371438	371407	371407	371407	371407	371378	371378	371378	371378	371442	371442	??
ZZ	8256	175097	  9	  1	  3	  0	371442	371400	371400	371400	371400	371437	371437	371437	371437	371432	371432	371432	371432	371415	371415	371415	371415	371351	371351	371351	??
ZZ	8257	175118	  9	  1	  3	  0	371407	371407	371407	371407	371389	371389	371389	371389	371317	371317	371317	371317	371363	371363	371363	371363	371459	371459	371459	371459	??
ZZ	8258	175139	  9	  1	  3	  0	371457	371457	371457	371427	371427	371427	371427	371404	371404	371404	371404	371393	371393	371393	371393	371379	371379	371379	371379	371423	??
ZZ	8259	175160	  9	  1	  3	  0	371423	371423	371381	371381	371381	371381	371350	371350	371350	371350	371374	371374	371374	371374	371361	371361	371361	371361	371421	371421	??
ZZ	8260	175181	  9	  1	  3	  0	371421	371378	371378	371378	371378	371411	371411	371411	371411	371366	371366	371366	371366	371412	371412	371412	371412	371374	371374	371374	??
ZZ	8261	175203	  9	  1	  3	  0	371413	371413	371413	371413	371342	371342	371342	371342	371387	371387	371387	371387	371487	371487	371487	371487	371398	371398	371398	371398	??
ZZ	8262	175224	  9	  1	  3	  0	371404	371404	371404	371432	371432	371432	371432	371464	371464	371464	371464	371460	371460	371460	371460	371417	371417	371417	371417	371400	??
ZZ	8263	175245	  9	  1	  3	  0	371400	371400	371334	371334	371334	371334	371382	371382	371382	371382	371311	371311	371311	371311	371378	371378	371378	371378	371383	371383	??
ZZ	8264	175266	  9	  1	  3	  0	371383	371398	371398	371398	371398	371390	371390	371390	371390	371413	371413	371413	371413	371378	371378	371378	371378	371448	371448	371448	??
ZZ	8265	175287	  8	  0	  4	  0	371442	371442	371442	371442	371391	371391	371391	371391	371387	371387	371387	371387	371427	371427	371427	371427	371460	371460	371460	371460	??
ZZ	8266	175308	  8	  0	  4	  0	371422	371422	371422	371379	371379	371379	371379	371354	371354	371354	371354	371479	371479	371479	371479	371400	371400	371400	371400	371441	??
ZZ	8267	175329	  8	  0	  4	  0	371441	371441	371489	371489	371489	371489	371494	371494	371494	371494	371461	371461	371461	371461	371415	371415	371415	371415	371449	371449	??
ZZ	8268	175350	  8	  0	  4	  0	371449	371417	371417	371417	371417	371411	371411	371411	371411	371381	371381	371381	371381	371427	371427	371427	371427	371370	371370	371370	??
ZZ	8269	175372	  8	  0	  4	  0	371421	371421	371421	371421	371536	371536	371536	371536	371372	371372	371372	371372	371427	371427	371427	371427	371449	371449	371449	371449	??
ZZ	8270	175393	  8	  0	  4	  0	371434	371434	371434	371509	371509	371509	371509	371362	371362	371362	371362	371402	371402	371402	371402	371351	371351	371351	371351	371325	??
ZZ	8271	175414	  8	  0	  4	  0	371325	371325	371342	371342	371342	371342	371434	371434	371434	371434	371370	371370	371370	371370	371363	371363	371363	371363	371419	371419	??
ZZ	8272	175435	  8	  0	  4	  0	371419	371408	371408	371408	371408	371442	371442	371442	371442	371370	371370	371370	371370	371403	371403	371403	371403	371430	371430	371430	??
ZZ	8273	175456	  8	  0	  4	  0	371398	371398	371398	371398	371409	371409	371409	371409	371440	371440	371440	371440	371423	371423	371423	371423	371433	371433	371433	371433	??
ZZ	8274	175477	  8	  0	  4	  0	371513	371513	371513	371434	371434	371434	371434	371551	371551	371551	371551	371381	371381	371381	371381	371476	371476	371476	371476	371509	??
ZZ	8275	175499	  8	  1	  4	  0	371509	371509	371402	371402	371402	371402	371425	371425	371425	371425	371421	371421	371421	371421	371374	371374	371374	371374	371408	371408	??
ZZ	8276	175520	  8	  1	  4	  0	371408	371355	371355	371355	371355	371436	371436	371436	371436	371430	371430	371430	371430	371498	371498	371498	371498	371418	371418	371418	??
ZZ	8277	175541	  8	  1	  4	  0	371429	371429	371429	371429	371381	371381	371381	371381	371415	371415	371415	371415	371513	371513	371513	371513	371396	371396	371396	371396	??
ZZ	8278	175562	  8	  1	  4	  0	371437	371437	371437	371429	371429	371429	371429	371386	371386	371386	371386	371415	371415	371415	371415	371487	371487	371487	371487	371407	??
ZZ	8279	175583	  8	  1	  4	  0	371407	371407	371357	371357	371357	371357	371427	371427	371427	371427	371395	371395	371395	371395	371457	371457	371457	371457	371468	371468	??
ZZ	8280	175604	  8	  1	  4	  0	371468	371406	371406	371406	371406	371394	371394	371394	371394	371392	371392	371392	371392	371449	371449	371449	371449	371434	371434	371434	??
ZZ	8281	175626	  8	  1	  4	  0	371452	371452	371452	371452	371378	371378	371378	371378	371378	371378	371378	371378	371433	371433	371433	371433	371387	371387	371387	371387	??
ZZ	8282	175647	  8	  1	  4	  0	371480	371480	371480	371429	371429	371429	371429	371347	371347	371347	371347	371366	371366	371366	371366	371364	371364	371364	371364	371344	??
ZZ	8283	175668	  8	  1	  4	  0	371344	371344	371358	371358	371358	371358	371411	371411	371411	371411	371404	371404	371404	371404	371395	371395	371395	371395	371345	371345	??
ZZ	8284	175689	  8	  1	  4	  0	371345	371358	371358	371358	371358	371421	371421	371421	371421	371362	371362	371362	371362	371386	371386	371386	371386	371436	371436	371436	??
ZZ	8285	175710	  8	  1	  4	  0	371426	371426	371426	371426	371396	371396	371396	371396	371385	371385	371385	371385	371415	371415	371415	371415	371368	371368	371368	371368	??
ZZ	8286	175731	  8	  1	  4	  0	371353	371353	371353	371378	371378	371378	371378	371417	371417	371417	371417	371295	371295	371295	371295	371375	371375	371375	371375	371438	??
ZZ	8287	175752	  8	  1	  4	  0	371438	371438	371501	371501	371501	371501	371460	371460	371460	371460	371329	371329	371329	371329	371404	371404	371404	371404	371391	371391	??
ZZ	8288	175773	  8	  2	  3	  0	371391	371269	371269	371269	371269	371375	371375	371375	371375	371378	371378	371378	371378	371359	371359	371359	371359	371398	371398	371398	??
ZZ	8289	175795	  8	  2	  3	  0	371288	371288	371288	371288	371374	371374	371374	371374	371355	371355	371355	371355	371366	371366	371366	371366	371415	371415	371415	371415	??
ZZ	8290	175816	  8	  2	  3	  0	371391	371391	371391	371408	371408	371408	371408	371387	371387	371387	371387	371389	371389	371389	371389	371389	371389	371389	371389	371431	??
ZZ	8291	175837	  8	  2	  3	  0	371431	371431	371334	371334	371334	371334	371415	371415	371415	371415	371406	371406	371406	371406	371429	371429	371429	371429	371476	371476	??
ZZ	8292	175858	  8	  2	  3	  0	371476	371349	371349	371349	371349	371434	371434	371434	371434	371411	371411	371411	371411	371374	371374	371374	371374	371421	371421	371421	??
ZZ	8293	175879	  8	  2	  3	  0	371398	371398	371398	371398	371311	371311	371311	371311	371381	371381	371381	371381	371376	371376	371376	371376	371340	371340	371340	371340	??
ZZ	8294	175900	  8	  2	  3	  0	371346	371346	371346	371345	371345	371345	371345	371555	371555	371555	371555	371457	371457	371457	371457	371491	371491	371491	371491	371434	??
ZZ	8295	175922	  7	  5	  2	  0	371434	371434	371433	371433	371433	371433	371457	371457	371457	371457	371336	371336	371336	371336	371397	371397	371397	371397	371453	371453	??
ZZ	8296	175943	  7	  5	  2	  0	371453	371395	371395	371395	371395	371378	371378	371378	371378	371417	371417	371417	371417	371428	371428	371428	371428	371381	371381	371381	??
ZZ	8297	175964	  7	  5	  2	  0	371408	371408	371408	371408	371412	371412	371412	371412	371468	371468	371468	371468	371427	371427	371427	371427	371441	371441	371441	371441	??
ZZ	8298	175985	  7	  5	  2	  0	371359	371359	371359	371418	371418	371418	371418	371378	371378	371378	371378	371476	371476	371476	371476	371409	371409	371409	371409	371406	??
ZZ	8299	176006	  7	  5	  2	  0	371406	371406	371415	371415	371415	371415	371378	371378	371378	371378	371460	371460	371460	371460	371340	371340	371340	371340	371386	371386	??
ZZ	8300	176027	  7	  5	  2	  0	371386	371410	371410	371410	371410	371396	371396	371396	371396	371402	371402	371402	371402	371332	371332	371332	371332	371356	371356	371356	??
ZZ	8301	176049	  7	  5	  2	  0	371417	371417	371417	371417	371457	371457	371457	371457	371421	371421	371421	371421	371434	371434	371434	371434	371335	371335	371335	371335	??
ZZ	8302	176070	  7	  5	  2	  0	371339	371339	371339	371351	371351	371351	371351	371350	371350	371350	371350	371332	371332	371332	371332	371472	371472	371472	371472	371420	??
ZZ	8303	176091	  7	  5	  2	  0	371420	371420	371419	371419	371419	371419	371449	371449	371449	371449	371412	371412	371412	371412	371494	371494	371494	371494	371479	371479	??
ZZ	8304	176112	  7	  5	  2	  0	371479	371478	371478	371478	371478	371404	371404	371404	371404	371398	371398	371398	371398	371408	371408	371408	371408	371438	371438	371438	??
ZZ	8305	176133	  7	  2	  1	  0	371438	371438	371438	371438	371307	371307	371307	371307	371344	371344	371344	371344	371390	371390	371390	371390	371417	371417	371417	371417	??
ZZ	8306	176154	  7	  2	  1	  0	371385	371385	371385	371423	371423	371423	371423	371345	371345	371345	371345	371355	371355	371355	371355	371404	371404	371404	371404	371310	??
ZZ	8307	176175	  7	  2	  1	  0	371310	371310	371399	371399	371399	371399	371453	371453	371453	371453	371493	371493	371493	371493	371459	371459	371459	371459	371457	371457	??
ZZ	8308	176196	  7	  2	  1	  0	371457	371392	371392	371392	371392	371430	371430	371430	371430	371430	371430	371430	371430	371398	371398	371398	371398	371398	371398	371398	??
ZZ	8309	176218	  7	  2	  1	  0	371472	371472	371472	371472	371427	371427	371427	371427	371427	371427	371427	371427	371362	371362	371362	371362	371382	371382	371382	371382	??
ZZ	8310	176239	  7	  2	  1	  0	371413	371413	371413	371457	371457	371457	371457	371345	371345	371345	371345	371404	371404	371404	371404	371376	371376	371376	371376	371391	??
ZZ	8311	176260	  7	  2	  1	  0	371391	371391	371374	371374	371374	371374	371358	371358	371358	371358	371362	371362	371362	371362	371442	371442	371442	371442	371360	371360	??
ZZ	8312	176281	  7	  2	  1	  0	371360	371470	371470	371470	371470	371448	371448	371448	371448	371472	371472	371472	371472	371415	371415	371415	371415	371447	371447	371447	??
ZZ	8313	176302	  7	  2	  1	  0	371368	371368	371368	371368	371396	371396	371396	371396	371435	371435	371435	371435	371362	371362	371362	371362	371403	371403	371403	371403	??
ZZ	8314	176323	  7	  2	  1	  0	371295	371295	371295	371374	371374	371374	371374	371354	371354	371354	371354	371389	371389	371389	371389	371442	371442	371442	371442	371361	??
ZZ	8315	176345	  5	  1	  2	  0	371361	371361	371391	371391	371391	371391	371370	371370	371370	371370	371350	371350	371350	371350	371408	371408	371408	371408	371345	371345	??
ZZ	8316	176366	  5	  1	  2	  0	371345	371440	371440	371440	371440	371464	371464	371464	371464	371513	371513	371513	371513	371398	371398	371398	371398	371359	371359	371359	??
ZZ	8317	176387	  5	  1	  2	  0	371405	371405	371405	371405	371463	371463	371463	371463	371411	371411	371411	371411	371387	371387	371387	371387	371325	371325	371325	371325	??
ZZ	8318	176408	  5	  1	  2	  0	371433	371433	371433	371322	371322	371322	371322	371468	371468	371468	371468	371405	371405	371405	371405	371464	371464	371464	371464	371370	??
ZZ	8319	176429	  5	  1	  2	  0	371370	371370	371389	371389	371389	371389	371436	371436	371436	371436	371393	371393	371393	371393	371433	371433	371433	371433	371476	371476	??
ZZ	8320	176450	  5	  1	  2	  0	371476	371451	371451	371451	371451	371389	371389	371389	371389	371385	371385	371385	371385	371426	371426	371426	371426	371445	371445	371445	??
ZZ	8321	176471	  5	  1	  2	  0	371436	371436	371436	371436	371405	371405	371405	371405	371374	371374	371374	371374	371415	371415	371415	371415	371366	371366	371366	371366	??
ZZ	8322	176492	  5	  1	  2	  0	371400	371400	371400	371380	371380	371380	371380	371378	371378	371378	371378	371427	371427	371427	371427	371381	371381	371381	371381	371344	??
ZZ	8323	176514	  5	  1	  2	  0	371344	371344	371474	371474	371474	371474	371415	371415	371415	371415	371389	371389	371389	371389	371374	371374	371374	371374	371408	371408	??
ZZ	8324	176535	  5	  1	  2	  0	371408	371357	371357	371357	371357	371403	371403	371403	371403	371329	371329	371329	371329	371378	371378	371378	371378	371402	371402	371402	??
ZZ	8325	176556	  4	  1	  1	  0	371491	371491	371491	371491	371383	371383	371383	371383	371423	371423	371423	371423	371430	371430	371430	371430	371405	371405	371405	371405	??