# start 2026-06-30T10:58:07.122950 port=COM20 baud=115200
2026-06-30 10:58:07.148	1846	37520	74	0	74	0	534881	534880	534886	534880	534883	534886	534886	534887	534886	534886	534886	534886	534880	534891	534880	534886	534880	534886	534886	534883
2026-06-30 10:58:07.168	1847	37540	74	0	74	0	534885	534886	534877	534886	534880	534886	534883	534886	534886	534886	534887	534886	534886	534886	534880	534886	534880	534889	534886	534880
2026-06-30 10:58:07.189	1848	37561	74	0	74	0	534884	534888	534886	534886	534886	534882	534891	534880	534886	534882	534886	534891	534886	534887	534886	534891	534887	534886	534886	534886
2026-06-30 10:58:07.209	1849	37581	74	0	74	0	534886	534886	534886	534886	534886	534886	534891	534886	534886	534886	534886	534886	534880	534886	534880	534889	534886	534880	534886	534882
2026-06-30 10:58:07.229	1850	37601	74	0	74	0	534885	534891	534886	534887	534886	534886	534884	534886	534880	534886	534882	534886	534880	534886	534882	534886	534886	534891	534882	534880
2026-06-30 10:58:07.250	1851	37621	74	0	74	0	534884	534881	534880	534880	534886	534888	534886	534886	534880	534887	534880	534886	534880	534882	534886	534886	534886	534882	534886	534886
2026-06-30 10:58:07.270	1852	37642	74	0	74	0	534885	534886	534886	534886	534891	534886	534886	534886	534886	534886	534891	534879	534883	534886	534886	534883	534891	534886	534886	534882
2026-06-30 10:58:07.290	1853	37662	74	0	74	0	534884	534882	534880	534887	534880	534886	534886	534888	534886	534891	534880	534882	534891	534886	534886	534886	534886	534886	534882	534891
2026-06-30 10:58:07.311	1854	37682	74	0	74	0	534879	534880	534886	534880	534880	534886	534882	534886	534886	534888	534880	534885	534886	534882	534880	534880	534881	534880	534886	534886
2026-06-30 10:58:07.331	1855	37703	74	0	74	0	534884	534878	534880	534880	534886	534877	534886	534886	534882	534886	534880	534886	534883	534886	534886	534880	534883	534886	534881	534886
2026-06-30 10:58:07.351	1856	37723	74	0	74	0	534880	534891	534881	534887	534886	534880	534886	534880	534881	534886	534886	534882	534880	534886	534880	534878	534886	534875	534883	534880
2026-06-30 10:58:07.371	1857	37743	74	0	74	0	534884	534880	534883	534876	534880	534886	534877	534886	534886	534881	534881	534875	534875	534881	534880	534875	534875	534882	534880	534881
2026-06-30 10:58:07.392	1858	37764	74	0	74	0	534884	534878	534886	534886	534880	534889	534880	534886	534886	534883	534885	534880	534880	534886	534881	534886	534886	534886	534880	534880
2026-06-30 10:58:07.412	1859	37784	74	0	74	0	534886	534880	534886	534886	534886	534880	534886	534887	534880	534886	534885	534887	534886	534886	534881	534887	534886	534886	534891	534886
2026-06-30 10:58:07.432	1860	37804	74	0	74	0	534890	534891	534888	534886	534886	534886	534883	534886	534891	534880	534887	534880	534880	534880	534883	534880	534886	534886	534882	534886
2026-06-30 10:58:07.453	1861	37825	74	0	74	0	534885	534882	534886	534880	534886	534888	534880	534886	534880	534880	534880	534886	534880	534886	534881	534885	534886	534886	534886	534886
2026-06-30 10:58:07.473	1862	37845	74	0	74	0	534891	534886	534886	534886	534886	534880	534881	534886	534875	534880	534880	534886	534880	534886	534880	534886	534886	534886	534886	534891
2026-06-30 10:58:07.493	1863	37865	74	0	74	0	534889	534892	534886	534887	534891	534891	534886	534891	534886	534880	534886	534885	534886	534886	534882	534880	534891	534880	534888	534886
2026-06-30 10:58:07.514	1864	37886	74	0	74	0	534889	534886	534887	534880	534886	534887	534891	534886	534886	534886	534886	534886	534886	534882	534886	534886	534886	534891	534886	534891
2026-06-30 10:58:07.534	1865	37906	74	0	74	0	534889	534886	534886	534881	534887	534886	534886	534891	534887	534891	534891	534886	534893	534886	534881	534891	534882	534886	534886	534888
2026-06-30 10:58:07.554	1866	37926	74	0	74	0	534890	534891	534891	534888	534891	534886	534886	534893	534886	534880	534886	534886	534891	534886	534886	534886	534880	534886	534882	534880
2026-06-30 10:58:07.575	1867	37947	74	0	74	0	534889	534880	534884	534886	534880	534886	534888	534886	534886	534882	534886	534885	534886	534881	534886	534886	534886	534886	534886	534880
2026-06-30 10:58:07.595	1868	37967	74	0	74	0	534889	534878	534880	534886	534889	534886	534880	534886	534888	534880	534886	534886	534887	534886	534886	534886	534880	534886	534886	534886
2026-06-30 10:58:07.615	1869	37987	74	0	74	0	534886	534886	534880	534883	534881	534880	534880	534883	534886	534880	534886	534880	534886	534880	534886	534882	534880	534886	534883	534886
2026-06-30 10:58:07.636	1870	38008	74	0	74	0	534884	534886	534883	534886	534880	534880	534882	534880	534881	534891	534882	534879	534880	534884	534886	534875	534891	534880	534880	534886
2026-06-30 10:58:07.656	1871	38028	74	0	74	0	534884	534888	534880	534881	534880	534886	534880	534880	534884	534880	534886	534885	534883	534886	534880	534880	534883	534891	534881	534886
2026-06-30 10:58:07.676	1872	38048	74	0	74	0	534886	534891	534886	534886	534887	534886	534886	534883	534891	534886	534886	534887	534891	534886	534886	534888	534886	534886	534886	534882
2026-06-30 10:58:07.697	1873	38069	74	0	74	0	534879	534886	534887	534880	534886	534886	534886	534886	534886	534891	534886	534890	534881	534891	534888	534886	534891	534893	534891	534886
2026-06-30 10:58:07.717	1874	38089	74	0	74	0	534890	534887	534886	534886	534880	534889	534886	534886	534891	534886	534886	534886	534880	534880	534880	534886	534886	534886	534886	534886
2026-06-30 10:58:07.737	1875	38109	74	0	74	0	534886	534886	534891	534886	534886	534886	534886	534886	534882	534886	534886	534886	534886	534891	534880	534888	534886	534880	534886	534886
2026-06-30 10:58:07.758	1876	38130	74	0	74	0	534884	534886	534881	534888	534880	534880	534883	534881	534880	534880	534877	534886	534880	534875	534883	534886	534880	534886	534877	534886
2026-06-30 10:58:07.778	1877	38150	74	0	74	0	534884	534878	534886	534880	534886	534882	534886	534886	534886	534887	534886	534885	534886	534888	534886	534880	534888	534886	534886	534881
2026-06-30 10:58:07.799	1878	38170	74	0	74	0	534886	534886	534886	534886	534887	534886	534891	534886	534888	534886	534880	534886	534880	534881	534886	534891	534880	534886	534886	534892
2026-06-30 10:58:07.819	1879	38191	74	0	74	0	534884	534886	534886	534888	534886	534886	534886	534886	534886	534880	534891	534886	534886	534886	534883	534886	534886	534886	534882	534886
2026-06-30 10:58:07.839	1880	38211	74	0	74	0	534885	534886	534887	534891	534886	534883	534891	534886	534886	534887	534886	534891	534886	534887	534886	534886	534886	534887	534891	534886
2026-06-30 10:58:07.859	1881	38231	74	0	74	0	534889	534888	534886	534886	534887	534891	534886	534886	534887	534886	534891	534885	534888	534896	534886	534891	534886	534886	534891	534883
2026-06-30 10:58:07.880	1882	38252	74	0	74	0	534889	534886	534886	534883	534886	534886	534891	534887	534886	534886	534886	534882	534891	534880	534886	534888	534880	534886	534888	534886
2026-06-30 10:58:07.900	1883	38272	73	0	73	0	534885	534886	534884	534886	534886	534886	534882	534880	534886	534886	534877	534886	534880	534886	534886	534881	534886	534886	534886	534886
2026-06-30 10:58:07.920	1884	38292	73	0	73	0	534885	534882	534891	534891	534886	534888	534886	534886	534888	534886	534886	534886	534877	534880	534886	534886	534892	534886	534886	534886
2026-06-30 10:58:07.941	1885	38312	73	0	73	0	534886	534891	534881	534891	534882	534886	534886	534882	534881	534880	534886	534887	534886	534886	534880	534880	534886	534886	534886	534882
2026-06-30 10:58:07.961	1886	38333	73	0	73	0	534889	534886	534893	534886	534880	534891	534888	534886	534886	534880	534886	534890	534886	534886	534882	534886	534880	534886	534882	534880
2026-06-30 10:58:07.981	1887	38353	73	0	73	0	534879	534883	534880	534880	534886	534883	534886	534891	534880	534886	534886	534885	534886	534882	534886	534880	534883	534880	534881	534886
2026-06-30 10:58:08.001	1888	38373	73	0	73	0	534886	534886	534881	534880	534887	534880	534886	534880	534886	534880	534886	534887	534885	534881	534886	534887	534886	534886	534886	534882
2026-06-30 10:58:08.022	1889	38394	73	0	73	0	534889	534886	534891	534887	534886	534886	534886	534887	534880	534880	534887	534886	534886	534886	534884	534885	534886	534886	534882	534886
2026-06-30 10:58:08.042	1890	38414	73	0	73	0	534885	534886	534887	534886	534891	534882	534886	534881	534886	534887	534886	534886	534886	534887	534886	534891	534891	534894	534886	534891
2026-06-30 10:58:08.062	1891	38434	73	0	73	0	534884	534888	534880	534886	534882	534880	534886	534886	534883	534876	534890	534886	534878	534886	534886	534886	534887	534891	534886	534887
2026-06-30 10:58:08.083	1892	38455	73	0	73	0	534889	534886	534886	534882	534886	534891	534891	534888	534886	534886	534880	534882	534886	534886	534883	534886	534886	534891	534886	534886
2026-06-30 10:58:08.103	1893	38475	73	0	73	0	534884	534886	534882	534880	534886	534886	534880	534886	534880	534886	534882	534880	534886	534888	534880	534886	534891	534887	534886	534891
2026-06-30 10:58:08.123	1894	38495	73	0	73	0	534890	534888	534886	534886	534886	534878	534886	534881	534887	534886	534891	534886	534886	534886	534886	534886	534883	534886	534886	534886
2026-06-30 10:58:08.144	1895	38516	73	0	73	0	534880	534886	534880	534879	534886	534880	534880	534883	534880	534886	534880	534880	534881	534880	534880	534883	534886	534880	534883	534876
2026-06-30 10:58:08.164	1896	38536	73	0	73	0	534879	534880	534878	534886	534880	534881	534880	534880	534880	534881	534879	534886	534880	534881	534886	534880	534880	534886	534876	534880
2026-06-30 10:58:08.184	1897	38556	73	0	73	0	534884	534883	534886	534886	534886	534880	534886	534880	534883	534881	534886	534885	534888	534886	534886	534886	534887	534886	534881	534886
2026-06-30 10:58:08.205	1898	38577	73	0	73	0	534886	534880	534886	534880	534887	534886	534880	534883	534880	534886	534880	534879	534875	534880	534881	534877	534880	534886	534881	534883
2026-06-30 10:58:08.225	1899	38597	73	0	73	0	534884	534886	534882	534881	534880	534886	534878	534880	534886	534881	534881	534886	534886	534881	534887	534880	534886	534886	534880	534886
2026-06-30 10:58:08.245	1900	38617	73	0	73	0	534884	534878	534880	534880	534881	534880	534880	534880	534886	534880	534886	534886	534886	534886	534880	534880	534880	534886	534880	534886
2026-06-30 10:58:08.266	1901	38638	73	0	73	0	534881	534880	534880	534880	534886	534876	534886	534880	534878	534880	534886	534882	534880	534886	534875	534883	534875	534880	534880	534875
2026-06-30 10:58:08.286	1902	38658	73	0	73	0	534874	534880	534875	534877	534880	534881	534877	534880	534880	534880	534882	534880	534880	534881	534882	534880	534880	534880	534879	534880
2026-06-30 10:58:08.306	1903	38678	73	0	73	0	534879	534878	534880	534880	534880	534884	534880	534880	534886	534883	534885	534880	534880	534883	534886	534880	534880	534886	534886	534881
2026-06-30 10:58:08.327	1904	38699	73	0	73	0	534880	534880	534886	534886	534881	534886	534886	534886	534882	534886	534880	534880	534888	534881	534886	534882	534886	534886	534880	534880
2026-06-30 10:58:08.347	1905	38719	73	0	73	0	534885	534880	534886	534883	534886	534881	534886	534886	534886	534886	534887	534891	534886	534891	534882	534886	534886	534886	534882	534880
2026-06-30 10:58:08.367	1906	38739	73	0	73	0	534885	534886	534887	534886	534880	534886	534888	534880	534886	534887	534886	534886	534886	534887	534880	534886	534886	534887	534886	534886
2026-06-30 10:58:08.388	1907	38760	73	0	73	0	534884	534886	534881	534886	534888	534886	534886	534886	534888	534886	534886	534885	534883	534886	534886	534886	534891	534886	534891	534888
2026-06-30 10:58:08.408	1908	38780	73	0	73	0	534889	534886	534886	534887	534880	534886	534892	534887	534886	534886	534886	534887	534891	534886	534891	534882	534891	534886	534883	534886
2026-06-30 10:58:08.428	1909	38800	73	0	73	0	534884	534880	534883	534881	534880	534880	534886	534886	534886	534886	534885	534886	534886	534881	534886	534886	534886	534891	534886	534891
2026-06-30 10:58:08.449	1910	38821	73	0	73	0	534885	534888	534891	534886	534891	534883	534891	534886	534888	534886	534891	534886	534887	534886	534886	534886	534886	534886	534886	534891
2026-06-30 10:58:08.469	1911	38841	73	0	73	0	534891	534886	534891	534886	534887	534886	534886	534887	534886	534886	534886	534882	534891	534886	534886	534886	534886	534886	534886	534880
2026-06-30 10:58:08.489	1912	38861	73	0	73	0	534885	534880	534882	534880	534881	534886	534882	534886	534886	534886	534887	534886	534886	534891	534883	534880	534886	534880	534882	534881
2026-06-30 10:58:08.510	1913	38881	73	0	73	0	534879	534887	534880	534880	534881	534882	534880	534880	534880	534881	534886	534879	534886	534884	534886	534886	534887	534886	534886	534886
2026-06-30 10:58:08.530	1914	38902	73	0	73	0	534886	534891	534886	534886	534883	534881	534886	534886	534886	534880	534891	534886	534886	534891	534886	534891	534886	534891	534886	534887
2026-06-30 10:58:08.550	1915	38922	73	0	73	0	534889	534886	534886	534887	534891	534886	534891	534888	534891	534892	534886	534886	534891	534892	534886	534886	534891	534886	534887	534891
2026-06-30 10:58:08.570	1916	38942	73	0	73	0	534890	534891	534887	534886	534886	534888	534886	534891	534891	534882	534891	534891	534891	534886	534891	534886	534886	534882	534886	534880
2026-06-30 10:58:08.591	1917	38963	73	0	73	0	534882	534890	534886	534891	534887	534886	534886	534886	534894	534886	534886	534891	534887	534891	534891	534886	534882	534886	534886	534893
2026-06-30 10:58:08.611	1918	38983	73	0	73	0	534879	534886	534886	534883	534886	534886	534886	534883	534886	534892	534885	534887	534886	534886	534888	534886	534886	534891	534882	534891
2026-06-30 10:58:08.631	1919	39003	73	0	73	0	534885	534891	534887	534886	534886	534886	534887	534886	534886	534886	534882	534880	534886	534887	534891	534886	534886	534881	534886	534886
2026-06-30 10:58:08.652	1920	39024	73	0	73	0	534884	534888	534886	534886	534886	534882	534880	534886	534882	534892	534886	534879	534887	534886	534886	534891	534887	534886	534886	534886
2026-06-30 10:58:08.672	1921	39044	73	0	73	0	534886	534891	534886	534888	534886	534891	534886	534893	534886	534886	534891	534886	534886	534891	534886	534891	534886	534886	534886	534882
2026-06-30 10:58:08.692	1922	39064	73	0	73	0	534889	534880	534888	534886	534886	534891	534888	534891	534892	534886	534887	534890	534891	534886	534891	534891	534891	534888	534891	534891
2026-06-30 10:58:08.713	1923	39085	73	0	73	0	534890	534893	534896	534891	534896	534894	534891	534891	534891	534893	534891	534891	534893	534891	534891	534891	534887	534886	534891	534892
2026-06-30 10:58:08.733	1924	39105	73	0	73	0	534891	534886	534886	534891	534888	534891	534886	534891	534887	534891	534891	534893	534891	534891	534886	534888	534891	534892	534891	534893
2026-06-30 10:58:08.753	1925	39125	73	0	73	0	534899	534896	534897	534893	534896	534896	534893	534891	534896	534896	534896	534896	534901	534897	534893	534896	534891	534891	534893	534891
2026-06-30 10:58:08.774	1926	39146	73	0	73	0	534900	534893	534891	534896	534896	534888	534891	534886	534896	534891	534891	534890	534886	534887	534891	534886	534896	534883	534891	534892
2026-06-30 10:58:08.794	1927	39166	73	0	73	0	534891	534891	534896	534892	534887	534891	534891	534891	534896	534896	534891	534891	534893	534891	534891	534894	534896	534891	534891	534893
2026-06-30 10:58:08.814	1928	39186	73	0	73	0	534885	534891	534891	534887	534886	534891	534886	534892	534886	534886	534887	534890	534886	534886	534887	534891	534891	534886	534888	534886
2026-06-30 10:58:08.835	1929	39206	73	0	73	0	534884	534891	534888	534886	534892	534888	534886	534880	534886	534887	534880	534886	534891	534887	534886	534891	534881	534887	534886	534886
2026-06-30 10:58:08.855	1930	39227	73	0	73	0	534884	534888	534886	534891	534887	534886	534886	534886	534882	534880	534886	534891	534882	534886	534886	534886	534883	534886	534886	534888
2026-06-30 10:58:08.875	1931	39247	73	0	73	0	534884	534886	534886	534883	534886	534891	534886	534882	534886	534886	534890	534887	534886	534881	534886	534887	534886	534891	534888	534886
2026-06-30 10:58:08.896	1932	39267	73	0	73	0	534885	534891	534887	534886	534886	534892	534886	534891	534891	534891	534887	534891	534891	534893	534886	534886	534886	534887	534886	534886
2026-06-30 10:58:08.916	1933	39288	73	0	73	0	534889	534882	534886	534891	534886	534887	534886	534886	534883	534886	534891	534886	534882	534886	534891	534886	534886	534880	534886	534886
2026-06-30 10:58:08.936	1934	39308	73	0	73	0	534886	534880	534886	534886	534883	534886	534886	534894	534886	534886	534886	534882	534891	534891	534886	534886	534891	534886	534886	534886
2026-06-30 10:58:08.957	1935	39328	73	0	73	0	534889	534886	534883	534886	534886	534886	534882	534891	534886	534886	534882	534886	534886	534886	534888	534886	534880	534888	534880	534886
2026-06-30 10:58:08.977	1936	39349	73	0	73	0	534885	534882	534886	534886	534880	534882	534881	534880	534880	534886	534880	534886	534880	534886	534886	534891	534886	534886	534886	534886
2026-06-30 10:58:08.997	1937	39369	73	0	73	0	534886	534886	534886	534880	534883	534886	534886	534886	534883	534880	534886	534881	534886	534880	534886	534880	534881	534886	534880	534886
2026-06-30 10:58:09.017	1938	39389	73	0	73	0	534884	534881	534875	534882	534880	534880	534884	534880	534886	534880	534882	534886	534880	534886	534878	534880	534880	534886	534882	534880
2026-06-30 10:58:09.038	1939	39410	73	0	73	0	534885	534886	534882	534880	534886	534882	534880	534886	534880	534888	534885	534886	534886	534888	534886	534886	534886	534882	534886	534886
2026-06-30 10:58:09.058	1940	39430	73	0	73	0	534884	534880	534891	534880	534889	534891	534880	534880	534883	534886	534880	534886	534887	534886	534892	534886	534886	534891	534886	534891
2026-06-30 10:58:09.078	1941	39450	73	0	73	0	534885	534891	534886	534887	534886	534892	534886	534887	534886	534886	534886	534882	534886	534886	534893	534886	534891	534886	534882	534886
2026-06-30 10:58:09.099	1942	39470	73	0	73	0	534884	534886	534883	534886	534880	534886	534882	534875	534876	534883	534885	534880	534880	534886	534886	534880	534886	534880	534886	534886
2026-06-30 10:58:09.119	1943	39491	73	0	73	0	534889	534888	534886	534886	534883	534886	534886	534886	534882	534886	534886	534886	534882	534886	534881	534886	534886	534886	534886	534886
2026-06-30 10:58:09.139	1944	39511	73	0	73	0	534881	534880	534891	534883	534886	534880	534886	534882	534886	534886	534885	534882	534886	534881	534886	534877	534886	534886	534883	534880
2026-06-30 10:58:09.160	1945	39531	73	0	73	0	534879	534886	534882	534886	534886	534886	534880	534886	534880	534886	534880	534886	534886	534880	534880	534881	534880	534880	534880	534881
2026-06-30 10:58:09.180	1946	39552	73	0	73	0	534884	534883	534880	534886	534881	534880	534886	534875	534880	534883	534880	534886	534882	534880	534881	534880	534878	534880	534886	534875
2026-06-30 10:58:09.200	1947	39572	73	0	73	0	534880	534886	534881	534880	534883	534875	534886	534887	534886	534886	534885	534891	534880	534886	534886	534880	534880	534886	534886	534883
2026-06-30 10:58:09.221	1948	39592	73	0	73	0	534884	534880	534883	534886	534886	534886	534882	534886	534886	534880	534887	534886	534880	534886	534880	534886	534886	534880	534883	534886
2026-06-30 10:58:09.241	1949	39613	73	0	73	0	534879	534882	534886	534881	534880	534878	534886	534880	534880	534886	534886	534880	534886	534886	534881	534886	534880	534886	534880	534881
2026-06-30 10:58:09.261	1950	39633	73	0	73	0	534886	534886	534880	534886	534880	534886	534886	534880	534880	534881	534885	534880	534886	534876	534880	534880	534880	534886	534880	534875
2026-06-30 10:58:09.282	1951	39654	73	0	73	0	534879	534880	534881	534883	534881	534886	534888	534886	534881	534880	534882	534885	534886	534880	534883	534886	534880	534886	534883	534886
2026-06-30 10:58:09.302	1952	39674	73	0	73	0	534884	534889	534879	534886	534886	534882	534886	534891	534886	534882	534880	534880	534886	534883	534891	534886	534880	534880	534886	534875
2026-06-30 10:58:09.322	1953	39694	73	0	73	0	534886	534880	534886	534880	534880	534886	534880	534880	534883	534886	534880	534880	534883	534880	534881	534882	534880	534880	534881	534887
2026-06-30 10:58:09.343	1954	39714	73	0	73	0	534884	534880	534886	534886	534880	534886	534880	534886	534886	534886	534878	534885	534886	534886	534887	534881	534886	534891	534887	534886
2026-06-30 10:58:09.363	1955	39735	73	0	73	0	534889	534892	534888	534886	534891	534886	534888	534891	534886	534883	534880	534885	534886	534887	534880	534886	534886	534883	534886	534875
2026-06-30 10:58:09.383	1956	39755	73	0	73	0	534884	534883	534886	534886	534882	534886	534880	534880	534886	534881	534879	534886	534878	534886	534881	534880	534878	534886	534880	534883
2026-06-30 10:58:09.404	1957	39776	73	0	73	0	534885	534880	534886	534882	534875	534880	534886	534882	534880	534880	534875	534882	534880	534886	534881	534880	534880	534880	534881	534886
2026-06-30 10:58:09.424	1958	39796	73	0	73	0	534884	534880	534878	534886	534886	534880	534883	534886	534886	534884	534885	534880	534880	534883	534886	534886	534886	534886	534880	534886
2026-06-30 10:58:09.444	1959	39816	73	0	73	0	534885	534882	534886	534880	534880	534882	534881	534886	534887	534886	534880	534886	534882	534886	534886	534886	534887	534886	534886	534886
2026-06-30 10:58:09.465	1960	39836	73	0	73	0	534891	534886	534892	534882	534886	534891	534886	534886	534886	534886	534891	534881	534886	534886	534886	534886	534880	534886	534886	534883
2026-06-30 10:58:09.485	1961	39857	73	0	73	0	534884	534886	534883	534886	534886	534886	534883	534886	534886	534886	534882	534886	534886	534886	534888	534886	534892	534887	534886	534891
2026-06-30 10:58:09.505	1962	39877	73	0	73	0	534889	534887	534892	534886	534886	534886	534886	534891	534886	534883	534890	534886	534883	534891	534886	534886	534887	534891	534891	534891
2026-06-30 10:58:09.526	1963	39897	73	0	73	0	534892	534891	534886	534886	534886	534891	534886	534886	534893	534886	534886	534887	534886	534886	534891	534887	534891	534891	534892	534886
2026-06-30 10:58:09.546	1964	39918	73	0	73	0	534889	534886	534886	534888	534886	534891	534887	534886	534891	534891	534882	534891	534891	534886	534882	534891	534881	534891	534891	534886
2026-06-30 10:58:09.566	1965	39938	73	0	73	0	534889	534888	534886	534891	534891	534893	534891	534886	534881	534887	534886	534885	534886	534893	534891	534891	534891	534887	534891	534886
2026-06-30 10:58:09.587	1966	39958	73	0	73	0	534891	534886	534886	534886	534887	534891	534886	534880	534888	534880	534880	534880	534883	534886	534880	534878	534886	534892	534886	534891
2026-06-30 10:58:09.607	1967	39979	73	0	73	0	534889	534891	534886	534887	534886	534886	534891	534888	534886	534886	534887	534890	534891	534886	534888	534886	534886	534886	534886	534886
2026-06-30 10:58:09.627	1968	39999	73	0	73	0	534890	534886	534887	534891	534886	534888	534886	534886	534886	534893	534886	534890	534886	534887	534886	534891	534891	534891	534886	534881
2026-06-30 10:58:09.648	1969	40019	73	0	73	0	534889	534887	534886	534886	534888	534886	534891	534886	534888	534891	534886	534886	534887	534891	534891	534886	534886	534891	534891	534882
2026-06-30 10:58:09.668	1970	40040	73	0	73	0	534894	534886	534886	534887	534891	534891	534886	534894	534886	534886	534886	534882	534880	534886	534886	534888	534886	534891	534887	534891
2026-06-30 10:58:09.688	1971	40060	73	0	73	0	534889	534886	534887	534891	534886	534880	534888	534886	534886	534886	534887	534885	534881	534882	534886	534880	534886	534886	534886	534886
2026-06-30 10:58:09.709	1972	40080	73	0	73	0	534889	534883	534886	534886	534880	534886	534880	534886	534883	534881	534885	534880	534883	534880	534886	534880	534878	534886	534880	534880
2026-06-30 10:58:09.729	1973	40101	73	0	73	0	534881	534886	534886	534888	534886	534886	534886	534882	534880	534886	534886	534887	534886	534886	534886	534888	534886	534886	534880	534888
2026-06-30 10:58:09.749	1974	40121	73	0	73	0	534894	534886	534887	534891	534886	534891	534891	534886	534891	534881	534885	534886	534886	534891	534888	534880	534886	534883	534886	534880
2026-06-30 10:58:09.770	1975	40141	73	0	73	0	534885	534882	534886	534886	534880	534888	534886	534880	534886	534880	534886	534880	534883	534886	534880	534881	534887	534886	534886	534886
2026-06-30 10:58:09.790	1976	40162	73	0	73	0	534880	534886	534886	534886	534887	534886	534886	534886	534887	534886	534886	534893	534886	534886	534886	534887	534891	534886	534886	534892
2026-06-30 10:58:09.810	1977	40182	73	0	73	0	534884	534886	534891	534888	534886	534886	534887	534891	534886	534886	534887	534886	534886	534891	534882	534891	534886	534886	534886	534886
2026-06-30 10:58:09.830	1978	40202	73	0	73	0	534889	534886	534886	534891	534891	534893	534891	534886	534891	534883	534890	534891	534886	534888	534891	534886	534886	534887	534891	534886
2026-06-30 10:58:09.851	1979	40222	73	0	73	0	534890	534886	534886	534891	534888	534886	534886	534886	534887	534886	534891	534886	534893	534886	534886	534891	534891	534886	534886	534887
2026-06-30 10:58:09.871	1980	40243	73	0	73	0	534894	534886	534891	534888	534886	534891	534886	534893	534886	534886	534888	534891	534891	534886	534891	534892	534891	534891	534893	534891
2026-06-30 10:58:09.891	1981	40263	73	0	73	0	534890	534891	534887	534891	534891	534886	534893	534886	534891	534893	534886	534895	534892	534893	534886	534886	534886	534888	534886	534892
2026-06-30 10:58:09.912	1982	40283	73	0	73	0	534884	534887	534886	534886	534888	534891	534886	534891	534887	534891	534886	534891	534887	534891	534891	534886	534893	534891	534886	534891
2026-06-30 10:58:09.932	1983	40304	73	0	73	0	534891	534886	534891	534887	534891	534886	534891	534888	534891	534891	534886	534887	534886	534891	534886	534886	534891	534891	534888	534891
2026-06-30 10:58:09.952	1984	40324	73	0	73	0	534885	534891	534887	534886	534886	534886	534888	534886	534886	534886	534893	534886	534886	534886	534893	534891	534891	534888	534886	534891
2026-06-30 10:58:09.972	1985	40344	72	0	72	0	534884	534893	534892	534886	534891	534887	534886	534892	534891	534893	534892	534891	534893	534891	534891	534891	534893	534891	534886	534886
2026-06-30 10:58:09.993	1986	40365	72	0	72	0	534891	534891	534886	534886	534894	534891	534886	534891	534886	534891	534891	534887	534886	534891	534886	534886	534886	534886	534891	534886
2026-06-30 10:58:10.013	1987	40385	72	0	72	0	534889	534891	534891	534887	534881	534886	534893	534886	534891	534886	534887	534886	534891	534886	534882	534892	534886	534891	534891	534891
2026-06-30 10:58:10.033	1988	40405	72	0	72	0	534889	534888	534891	534891	534891	534887	534891	534891	534886	534882	534891	534885	534892	534888	534891	534886	534886	534893	534886	534886
2026-06-30 10:58:10.054	1989	40425	72	0	72	0	534892	534886	534886	534891	534887	534886	534886	534891	534887	534886	534886	534886	534882	534886	534886	534888	534886	534886	534886	534886
2026-06-30 10:58:10.074	1990	40446	72	0	72	0	534884	534886	534886	534887	534880	534886	534886	534887	534886	534886	534888	534891	534886	534886	534887	534891	534886	534886	534886	534891
2026-06-30 10:58:10.094	1991	40466	72	0	72	0	534889	534886	534893	534881	534891	534891	534887	534880	534886	534894	534890	534891	534886	534888	534886	534886	534886	534891	534886	534886
2026-06-30 10:58:10.115	1992	40486	72	0	72	0	534890	534882	534886	534891	534893	534891	534891	534891	534883	534891	534886	534885	534888	534891	534881	534891	534886	534891	534886	534884
2026-06-30 10:58:10.135	1993	40507	72	0	72	0	534884	534886	534886	534887	534886	534886	534886	534887	534886	534891	534886	534887	534886	534886	534886	534887	534886	534886	534883	534880
2026-06-30 10:58:10.155	1994	40527	72	0	72	0	534884	534886	534883	534880	534886	534880	534883	534886	534891	534886	534887	534885	534886	534883	534886	534886	534880	534886	534881	534880
2026-06-30 10:58:10.176	1995	40547	72	0	72	0	534884	534883	534880	534886	534886	534880	534880	534886	534884	534880	534880	534886	534882	534880	534886	534880	534883	534886	534886	534886
2026-06-30 10:58:10.196	1996	40568	72	0	72	0	534880	534886	534892	534886	534887	534886	534886	534882	534886	534886	534891	534886	534880	534886	534886	534882	534891	534891	534886	534888
2026-06-30 10:58:10.216	1997	40588	72	0	72	0	534884	534886	534883	534881	534886	534880	534883	534880	534886	534886	534887	534885	534886	534886	534887	534886	534880	534883	534891	534886
2026-06-30 10:58:10.237	1998	40608	72	0	72	0	534884	534877	534886	534880	534886	534882	534886	534880	534881	534886	534880	534890	534881	534883	534880	534880	534883	534886	534881	534886
2026-06-30 10:58:10.257	1999	40629	72	0	72	0	534886	534886	534886	534886	534887	534886	534886	534886	534888	534881	534885	534887	534880	534881	534886	534880	534886	534880	534886	534886
2026-06-30 10:58:10.277	2000	40649	72	0	72	0	534884	534886	534880	534884	534891	534886	534883	534891	534880	534881	534886	534886	534886	534886	534883	534880	534886	534891	534880	534886
2026-06-30 10:58:10.298	2001	40669	72	0	72	0	534890	534883	534886	534880	534881	534882	534886	534880	534886	534883	534885	534886	534886	534888	534886	534886	534880	534882	534891	534886
2026-06-30 10:58:10.318	2002	40690	72	0	72	0	534892	534886	534886	534886	534888	534886	534891	534886	534886	534891	534891	534895	534883	534891	534886	534893	534886	534891	534886	534888
2026-06-30 10:58:10.338	2003	40710	72	0	72	0	534889	534891	534891	534888	534891	534886	534886	534886	534891	534886	534887	534886	534886	534891	534888	534892	534886	534891	534882	534886
2026-06-30 10:58:10.359	2004	40730	72	0	72	0	534885	534880	534888	534880	534886	534889	534886	534886	534886	534887	534886	534880	534886	534882	534891	534886	534891	534883	534886	534891
2026-06-30 10:58:10.379	2005	40751	72	0	72	0	534884	534883	534886	534881	534883	534880	534886	534886	534886	534891	534886	534886	534893	534886	534880	534881	534883	534880	534886	534883
2026-06-30 10:58:10.399	2006	40771	72	0	72	0	534879	534880	534886	534882	534886	534881	534886	534882	534880	534880	534880	534882	534886	534881	534880	534886	534880	534880	534881	534886
2026-06-30 10:58:10.420	2007	40791	72	0	72	0	534879	534886	534883	534886	534881	534886	534880	534880	534880	534879	534874	534886	534880	534878	534886	534886	534880	534883	534886	534886
2026-06-30 10:58:10.440	2008	40812	72	0	72	0	534885	534887	534880	534886	534883	534880	534886	534880	534888	534880	534886	534886	534882	534886	534886	534880	534884	534886	534886	534888
2026-06-30 10:58:10.460	2009	40832	72	0	72	0	534889	534881	534891	534887	534886	534886	534886	534882	534886	534880	534886	534881	534886	534886	534886	534882	534880	534881	534882	534886
2026-06-30 10:58:10.481	2010	40852	72	0	72	0	534889	534886	534887	534886	534886	534886	534888	534886	534881	534891	534891	534885	534891	534886	534886	534891	534886	534886	534891	534886
2026-06-30 10:58:10.501	2011	40873	72	0	72	0	534885	534887	534891	534880	534886	534882	534880	534886	534886	534882	534880	534886	534877	534880	534881	534880	534880	534880	534880	534881
2026-06-30 10:58:10.521	2012	40893	72	0	72	0	534886	534880	534886	534886	534880	534886	534886	534883	534880	534886	534886	534882	534880	534886	534880	534888	534880	534886	534886	534886
2026-06-30 10:58:10.542	2013	40913	72	0	72	0	534889	534886	534891	534880	534886	534886	534887	534886	534886	534886	534887	534886	534886	534880	534888	534886	534891	534891	534891	534886
2026-06-30 10:58:10.562	2014	40934	72	0	72	0	534885	534887	534886	534886	534886	534888	534886	534886	534886	534888	534885	534891	534891	534888	534891	534886	534886	534886	534891	534886
2026-06-30 10:58:10.582	2015	40954	73	0	73	0	534891	534891	534891	534886	534883	534891	534880	534886	534887	534880	534886	534882	534880	534880	534887	534882	534886	534886	534880	534883
2026-06-30 10:58:10.603	2016	40974	73	0	73	0	534889	534880	534886	534882	534880	534880	534880	534883	534886	534880	534882	534880	534880	534886	534882	534880	534886	534880	534883	534886
2026-06-30 10:58:10.623	2017	40995	73	0	73	0	534884	534886	534882	534891	534880	534888	534886	534881	534886	534882	534891	534886	534891	534887	534886	534891	534891	534887	534886	534891
2026-06-30 10:58:10.643	2018	41015	73	0	73	0	534891	534886	534886	534886	534882	534886	534886	534886	534888	534881	534885	534880	534878	534886	534886	534886	534887	534880	534886	534883
2026-06-30 10:58:10.663	2019	41035	73	0	73	0	534885	534880	534880	534883	534886	534880	534886	534880	534886	534886	534880	534882	534886	534880	534883	534886	534886	534880	534887	534886
2026-06-30 10:58:10.684	2020	41056	73	0	73	0	534889	534886	534888	534886	534891	534880	534883	534886	534886	534888	534886	534890	534892	534887	534891	534886	534891	534888	534886	534886
2026-06-30 10:58:10.704	2021	41076	73	0	73	0	534879	534887	534886	534891	534883	534886	534886	534891	534882	534886	534886	534886	534887	534886	534891	534886	534883	534891	534886	534886
2026-06-30 10:58:10.724	2022	41096	73	0	73	0	534886	534886	534891	534887	534880	534891	534886	534888	534886	534886	534890	534882	534892	534886	534886	534887	534886	534886	534883	534886
2026-06-30 10:58:10.745	2023	41117	73	0	73	0	534889	534886	534883	534891	534886	534886	534887	534891	534891	534891	534887	534886	534886	534888	534891	534891	534892	534886	534891	534891
2026-06-30 10:58:10.765	2024	41137	73	0	73	0	534889	534883	534886	534886	534886	534882	534891	534880	534886	534883	534885	534886	534887	534886	534886	534886	534891	534886	534880	534886
2026-06-30 10:58:10.785	2025	41157	73	0	73	0	534886	534886	534886	534886	534886	534891	534886	534886	534886	534880	534891	534882	534886	534886	534886	534887	534886	534892	534891	534887
2026-06-30 10:58:10.806	2026	41178	73	0	73	0	534889	534886	534888	534886	534892	534886	534891	534891	534891	534891	534891	534886	534886	534886	534887	534886	534886	534886	534887	534886
2026-06-30 10:58:10.826	2027	41198	73	0	73	0	534885	534887	534886	534886	534886	534883	534880	534886	534886	534886	534891	534890	534886	534893	534886	534886	534893	534886	534886	534886
2026-06-30 10:58:10.846	2028	41218	73	0	73	0	534891	534886	534891	534886	534888	534896	534886	534891	534886	534891	534891	534886	534891	534886	534891	534886	534886	534880	534886	534888
2026-06-30 10:58:10.867	2029	41238	73	0	73	0	534885	534886	534886	534882	534891	534886	534881	534887	534891	534886	534882	534886	534880	534880	534886	534886	534886	534886	534886	534886
2026-06-30 10:58:10.887	2030	41259	73	0	73	0	534885	534886	534887	534886	534891	534883	534886	534891	534886	534888	534890	534886	534886	534888	534886	534891	534886	534886	534892	534886
2026-06-30 10:58:10.907	2031	41279	73	0	73	0	534886	534886	534886	534880	534889	534886	534886	534886	534882	534886	534886	534880	534887	534886	534886	534881	534882	534886	534886	534883
2026-06-30 10:58:10.928	2032	41299	73	0	73	0	534884	534881	534886	534882	534886	534880	534881	534886	534886	534886	534886	534886	534886	534891	534886	534891	534886	534892	534883	534886
2026-06-30 10:58:10.948	2033	41320	73	0	73	0	534889	534886	534888	534886	534886	534886	534888	534886	534886	534883	534885	534886	534880	534881	534886	534880	534880	534881	534891	534880
2026-06-30 10:58:10.969	2034	41340	73	0	73	0	534889	534878	534886	534876	534883	534886	534891	534886	534888	534886	534880	534880	534888	534880	534886	534891	534887	534886	534886	534889
2026-06-30 10:58:10.989	2035	41361	73	0	73	0	534889	534891	534886	534887	534886	534891	534886	534891	534886	534891	534891	534886	534886	534886	534886	534893	534886	534886	534893	534891
2026-06-30 10:58:11.009	2036	41381	73	0	73	0	534885	534891	534887	534886	534886	534891	534886	534892	534886	534886	534886	534891	534886	534891	534886	534896	534886	534888	534891	534886
2026-06-30 10:58:11.030	2037	41401	73	0	73	0	534894	534888	534891	534881	534886	534887	534891	534886	534888	534886	534891	534886	534891	534886	534891	534892	534888	534891	534891	534891
2026-06-30 10:58:11.050	2038	41422	73	0	73	0	534891	534886	534891	534893	534891	534891	534886	534893	534891	534886	534890	534893	534886	534892	534891	534887	534891	534886	534891	534883
2026-06-30 10:58:11.070	2039	41442	73	0	73	0	534889	534886	534893	534886	534880	534886	534887	534886	534886	534891	534887	534891	534886	534886	534887	534881	534891	534888	534886	534891
2026-06-30 10:58:11.090	2040	41462	73	0	73	0	534889	534887	534892	534886	534891	534887	534891	534891	534886	534887	534890	534886	534891	534888	534886	534891	534893	534886	534896	534886
2026-06-30 10:58:11.111	2041	41482	73	0	73	0	534886	534891	534886	534886	534887	534891	534891	534886	534887	534886	534886	534887	534886	534880	534886	534891	534886	534881	534891	534887
2026-06-30 10:58:11.131	2042	41503	73	0	73	0	534889	534896	534886	534887	534886	534886	534886	534888	534892	534886	534892	534886	534886	534891	534881	534886	534891	534886	534887	534880
2026-06-30 10:58:11.151	2043	41523	73	0	73	0	534885	534891	534887	534891	534891	534883	534886	534886	534886	534887	534886	534886	534891	534891	534886	534880	534886	534887	534886	534891
2026-06-30 10:58:11.172	2044	41543	73	0	73	0	534887	534885	534886	534891	534887	534891	534886	534891	534888	534886	534891	534890	534886	534891	534897	534891	534893	534891	534886	534888
2026-06-30 10:58:11.192	2045	41564	73	0	73	0	534890	534891	534891	534893	534891	534897	534891	534893	534891	534891	534891	534891	534886	534891	534888	534891	534891	534886	534883	534891
2026-06-30 10:58:11.212	2046	41584	73	0	73	0	534889	534891	534893	534886	534891	534886	534887	534886	534886	534888	534886	534886	534886	534887	534891	534886	534886	534883	534886	534886
2026-06-30 10:58:11.233	2047	41604	73	0	73	0	534884	534883	534880	534886	534883	534886	534886	534886	534882	534880	534886	534880	534880	534881	534880	534880	534880	534886	534881	534886
2026-06-30 10:58:11.253	2048	41625	73	0	73	0	534891	534886	534886	534886	534880	534886	534886	534880	534886	534880	534886	534882	534880	534892	534886	534887	534886	534886	534888	534880
2026-06-30 10:58:11.273	2049	41645	73	0	73	0	534885	534886	534882	534880	534881	534886	534882	534886	534886	534876	534881	534880	534886	534881	534891	534880	534886	534883	534886	534881
2026-06-30 10:58:11.294	2050	41665	73	0	73	0	534889	534882	534891	534880	534892	534882	534886	534886	534886	534883	534891	534891	534891	534891	534891	534886	534886	534891	534886	534880
2026-06-30 10:58:11.314	2051	41686	73	0	73	0	534886	534886	534886	534886	534886	534886	534886	534881	534886	534886	534886	534882	534891	534880	534886	534883	534886	534886	534881	534882
2026-06-30 10:58:11.334	2052	41706	73	0	73	0	534889	534886	534889	534891	534886	534891	534882	534880	534886	534886	534882	534886	534880	534886	534883	534880	534886	534886	534887	534880
2026-06-30 10:58:11.355	2053	41726	73	0	73	0	534889	534883	534886	534881	534886	534884	534886	534886	534881	534878	534886	534885	534886	534883	534891	534886	534886	534886	534886	534886
2026-06-30 10:58:11.375	2054	41747	73	0	73	0	534886	534886	534880	534891	534878	534880	534881	534880	534883	534880	534886	534882	534886	534886	534886	534886	534886	534892	534891	534891
2026-06-30 10:58:11.395	2055	41767	73	0	73	0	534884	534886	534886	534887	534886	534886	534888	534891	534892	534891	534893	534895	534892	534891	534898	534886	534891	534891	534891	534891
2026-06-30 10:58:11.416	2056	41787	73	0	73	0	534895	534888	534891	534891	534891	534882	534886	534891	534886	534882	534886	534886	534886	534887	534880	534886	534892	534883	534891	534891
2026-06-30 10:58:11.436	2057	41808	73	0	73	0	534880	534886	534886	534880	534888	534891	534886	534880	534893	534886	534891	534885	534893	534886	534892	534893	534891	534891	534891	534896
2026-06-30 10:58:11.456	2058	41828	73	0	73	0	534890	534896	534891	534887	534886	534886	534880	534891	534886	534886	534888	534891	534886	534886	534893	534886	534881	534886	534887	534880
2026-06-30 10:58:11.476	2059	41848	73	0	73	0	534894	534886	534887	534891	534886	534886	534888	534886	534881	534887	534891	534890	534886	534888	534886	534886	534891	534886	534880	534886
2026-06-30 10:58:11.497	2060	41869	73	0	73	0	534889	534882	534886	534886	534894	534886	534886	534886	534888	534891	534891	534886	534888	534886	534891	534886	534892	534891	534891	534888
2026-06-30 10:58:11.517	2061	41889	73	0	73	0	534889	534891	534892	534887	534886	534886	534886	534893	534891	534892	534890	534887	534891	534886	534888	534891	534896	534886	534888	534891
2026-06-30 10:58:11.538	2062	41909	73	0	73	0	534890	534891	534882	534891	534892	534896	534888	534891	534891	534894	534885	534891	534891	534887	534886	534886	534886	534893	534886	534886
2026-06-30 10:58:11.558	2063	41930	73	0	73	0	534889	534886	534891	534886	534891	534887	534886	534891	534888	534886	534890	534886	534888	534891	534886	534886	534888	534886	534886	534891
2026-06-30 10:58:11.578	2064	41950	73	0	73	0	534886	534891	534886	534887	534891	534886	534886	534891	534891	534886	534886	534886	534886	534891	534886	534887	534886	534886	534884	534886
2026-06-30 10:58:11.599	2065	41970	73	0	73	0	534889	534886	534888	534891	534886	534891	534886	534891	534891	534891	534886	534880	534891	534886	534886	534891	534886	534886	534886	534886
2026-06-30 10:58:11.619	2066	41991	73	0	73	0	534884	534888	534886	534886	534886	534882	534891	534886	534886	534887	534885	534886	534887	534886	534880	534886	534880	534886	534886	534886
2026-06-30 10:58:11.639	2067	42011	73	0	73	0	534891	534886	534886	534881	534886	534886	534886	534888	534886	534891	534891	534887	534886	534891	534886	534893	534891	534886	534891	534891
2026-06-30 10:58:11.660	2068	42031	73	0	73	0	534885	534886	534888	534886	534891	534886	534888	534891	534896	534892	534892	534896	534892	534891	534893	534886	534891	534891	534888	534886
2026-06-30 10:58:11.680	2069	42052	73	0	73	0	534889	534887	534886	534886	534892	534882	534886	534886	534886	534888	534886	534891	534886	534887	534891	534886	534888	534892	534886	534886
2026-06-30 10:58:11.700	2070	42072	73	0	73	0	534886	534886	534886	534886	534886	534880	534880	534881	534887	534880	534891	534883	534886	534886	534880	534887	534886	534886	534880	534886
2026-06-30 10:58:11.721	2071	42092	73	0	73	0	534889	534886	534892	534882	534886	534886	534886	534887	534881	534886	534882	534885	534881	534886	534882	534886	534886	534880	534886	534886
2026-06-30 10:58:11.741	2072	42113	73	0	73	0	534889	534891	534894	534891	534891	534888	534886	534891	534891	534887	534891	534891	534886	534887	534886	534886	534886	534886	534886	534886
2026-06-30 10:58:11.761	2073	42133	73	0	73	0	534889	534886	534891	534886	534882	534886	534886	534892	534887	534891	534886	534880	534888	534891	534891	534886	534883	534886	534881	534887
2026-06-30 10:58:11.782	2074	42153	73	0	73	0	534879	534886	534886	534888	534886	534886	534880	534888	534886	534886	534886	534880	534886	534886	534886	534886	534880	534886	534880	534886
2026-06-30 10:58:11.802	2075	42174	73	0	73	0	534885	534886	534887	534886	534891	534881	534893	534880	534891	534884	534890	534886	534891	534887	534886	534886	534886	534886	534891	534891
2026-06-30 10:58:11.822	2076	42194	73	0	73	0	534889	534888	534881	534886	534886	534887	534891	534891	534893	534891	534891	534886	534893	534891	534892	534891	534891	534891	534891	534886
2026-06-30 10:58:11.843	2077	42214	73	0	73	0	534886	534886	534891	534882	534880	534886	534886	534882	534886	534891	534891	534887	534886	534886	534886	534880	534881	534886	534883	534886
2026-06-30 10:58:11.863	2078	42235	73	0	73	0	534889	534886	534887	534886	534880	534886	534887	534886	534891	534880	534882	534886	534880	534886	534887	534886	534891	534887	534891	534886
2026-06-30 10:58:11.883	2079	42255	73	0	73	0	534889	534882	534891	534886	534891	534883	534891	534886	534886	534893	534891	534891	534888	534886	534891	534886	534886	534892	534886	534886
2026-06-30 10:58:11.903	2080	42275	73	0	73	0	534891	534891	534886	534891	534887	534891	534886	534891	534888	534891	534891	534886	534886	534891	534886	534891	534880	534891	534886	534886
2026-06-30 10:58:11.924	2081	42295	73	0	73	0	534889	534891	534891	534883	534886	534886	534886	534886	534886	534896	534886	534886	534886	534886	534888	534880	534886	534886	534887	534886
2026-06-30 10:58:11.944	2082	42316	73	0	73	0	534884	534883	534886	534886	534886	534887	534886	534886	534886	534886	534879	534886	534886	534888	534891	534886	534891	534893	534891	534891
2026-06-30 10:58:11.964	2083	42336	73	0	73	0	534892	534886	534886	534891	534887	534886	534891	534886	534889	534886	534891	534886	534893	534891	534891	534897	534891	534891	534886	534896
2026-06-30 10:58:11.985	2084	42356	73	0	73	0	534890	534891	534891	534887	534886	534891	534891	534888	534891	534896	534893	534890	534897	534891	534887	534891	534891	534891	534891	534886
2026-06-30 10:58:12.005	2085	42377	73	0	73	0	534889	534891	534887	534896	534891	534892	534898	534891	534891	534893	534891	534891	534896	534893	534891	534896	534891	534897	534896	534891
2026-06-30 10:58:12.025	2086	42397	73	0	73	0	534889	534893	534891	534886	534893	534886	534891	534891	534893	534891	534891	534896	534888	534891	534892	534891	534891	534886	534891	534893
2026-06-30 10:58:12.046	2087	42417	73	0	73	0	534894	534886	534886	534887	534896	534891	534891	534887	534886	534886	534886	534886	534886	534886	534883	534891	534891	534891	534893	534891
2026-06-30 10:58:12.066	2088	42438	73	0	73	0	534890	534896	534893	534886	534886	534886	534887	534891	534886	534891	534893	534891	534896	534883	534886	534880	534886	534886	534891	534886
2026-06-30 10:58:12.086	2089	42458	73	0	73	0	534889	534882	534886	534886	534880	534891	534886	534892	534886	534886	534886	534886	534886	534891	534880	534886	534887	534886	534886	534886
2026-06-30 10:58:12.107	2090	42478	73	0	73	0	534886	534886	534886	534884	534886	534886	534886	534882	534880	534881	534885	534882	534880	534886	534880	534888	534880	534891	534886	534882
2026-06-30 10:58:12.127	2091	42499	73	0	73	0	534885	534891	534887	534886	534880	534886	534887	534886	534886	534880	534882	534886	534886	534880	534884	534891	534886	534883	534886	534891
2026-06-30 10:58:12.147	2092	42519	73	0	73	0	534884	534888	534886	534891	534886	534888	534880	534886	534886	534886	534886	534886	534886	534886	534886	534891	534891	534891	534886	534891
2026-06-30 10:58:12.168	2093	42539	73	0	73	0	534886	534886	534886	534886	534882	534886	534886	534886	534883	534880	534886	534882	534880	534886	534886	534886	534891	534891	534891	534888
2026-06-30 10:58:12.188	2094	42560	73	0	73	0	534895	534886	534891	534887	534891	534886	534893	534891	534891	534886	534886	534891	534891	534886	534887	534892	534886	534891	534887	534880
2026-06-30 10:58:12.208	2095	42580	73	0	73	0	534890	534887	534886	534896	534891	534888	534886	534891	534891	534887	534891	534886	534891	534887	534891	534891	534886	534886	534886	534886
2026-06-30 10:58:12.229	2096	42600	73	0	73	0	534880	534892	534886	534891	534887	534891	534881	534886	534887	534891	534891	534885	534888	534880	534891	534886	534891	534886	534886	534882
2026-06-30 10:58:12.249	2097	42620	73	0	73	0	534879	534886	534886	534878	534886	534886	534886	534893	534891	534891	534886	534887	534891	534896	534892	534891	534886	534891	534887	534886
2026-06-30 10:58:12.269	2098	42641	73	0	73	0	534889	534886	534887	534886	534886	534892	534887	534880	534891	534883	534891	534891	534891	534886	534886	534886	534886	534883	534886	534886
2026-06-30 10:58:12.290	2099	42661	73	0	73	0	534889	534888	534886	534886	534893	534886	534891	534886	534882	534891	534891	534886	534886	534891	534891	534891	534888	534891	534886	534886
2026-06-30 10:58:12.310	2100	42681	73	0	73	0	534891	534886	534881	534887	534891	534886	534891	534887	534886	534886	534890	534887	534891	534886	534891	534882	534886	534886	534882	534886
2026-06-30 10:58:12.330	2101	42702	73	0	73	0	534889	534880	534883	534886	534880	534886	534887	534891	534886	534892	534886	534886	534886	534880	534886	534880	534886	534887	534880	534880
2026-06-30 10:58:12.350	2102	42722	73	0	73	0	534890	534882	534891	534886	534886	534887	534886	534891	534886	534888	534886	534886	534886	534880	534886	534886	534891	534891	534886	534880
2026-06-30 10:58:12.371	2103	42742	73	0	73	0	534886	534891	534886	534886	534887	534891	534886	534888	534886	534891	534886	534887	534886	534886	534886	534887	534886	534891	534886	534888
2026-06-30 10:58:12.391	2104	42763	73	0	73	0	534894	534886	534891	534893	534886	534892	534887	534886	534891	534891	534886	534886	534891	534886	534893	534886	534891	534891	534888	534886
2026-06-30 10:58:12.411	2105	42783	73	0	73	0	534894	534887	534891	534892	534891	534893	534891	534891	534891	534897	534890	534886	534892	534893	534891	534886	534888	534891	534886	534892
2026-06-30 10:58:12.432	2106	42803	73	0	73	0	534886	534886	534886	534891	534888	534891	534891	534891	534887	534891	534880	534886	534887	534891	534886	534889	534886	534880	534886	534887
2026-06-30 10:58:12.452	2107	42824	73	0	73	0	534884	534886	534886	534882	534886	534886	534886	534888	534886	534891	534887	534890	534886	534886	534893	534886	534886	534886	534888	534881
2026-06-30 10:58:12.472	2108	42844	73	0	73	0	534884	534891	534888	534886	534886	534884	534886	534886	534886	534893	534886	534886	534891	534887	534891	534886	534886	534886	534886	534891
2026-06-30 10:58:12.493	2109	42864	73	0	73	0	534891	534886	534891	534892	534893	534886	534891	534891	534888	534886	534891	534891	534887	534886	534886	534891	534887	534886	534891	534887
2026-06-30 10:58:12.513	2110	42885	73	0	73	0	534885	534886	534886	534887	534886	534886	534892	534887	534891	534886	534891	534887	534886	534886	534883	534891	534886	534892	534891	534891
2026-06-30 10:58:12.533	2111	42905	73	0	73	0	534899	534886	534893	534891	534891	534886	534887	534891	534891	534889	534885	534880	534886	534888	534886	534891	534886	534886	534891	534891
2026-06-30 10:58:12.554	2112	42925	73	0	73	0	534884	534888	534892	534886	534888	534886	534886	534886	534893	534886	534891	534886	534882	534880	534891	534881	534886	534891	534886	534880
2026-06-30 10:58:12.574	2113	42946	73	0	73	0	534881	534891	534891	534887	534886	534891	534891	534888	534886	534891	534886	534887	534886	534886	534891	534882	534886	534886	534893	534886
2026-06-30 10:58:12.594	2114	42966	73	0	73	0	534889	534886	534888	534880	534891	534886	534886	534886	534892	534886	534887	534885	534886	534886	534882	534886	534886	534888	534886	534886
2026-06-30 10:58:12.615	2115	42986	73	0	73	0	534889	534883	534886	534886	534880	534886	534891	534886	534891	534888	534886	534886	534887	534886	534886	534880	534879	534886	534886	534886
2026-06-30 10:58:12.635	2116	43007	73	0	73	0	534886	534891	534880	534886	534882	534886	534880	534883	534881	534886	534879	534882	534880	534876	534880	534882	534880	534876	534886	534882
2026-06-30 10:58:12.655	2117	43027	73	0	73	0	534884	534881	534888	534886	534886	534886	534893	534886	534886	534886	534887	534885	534891	534880	534884	534880	534891	534880	534883	534886
2026-06-30 10:58:12.676	2118	43047	73	0	73	0	534889	534882	534886	534886	534881	534887	534886	534886	534886	534886	534886	534891	534886	534883	534891	534886	534888	534886	534891	534886
2026-06-30 10:58:12.696	2119	43068	73	0	73	0	534880	534892	534886	534886	534887	534891	534892	534891	534886	534886	534886	534885	534881	534880	534880	534886	534886	534886	534881	534882
2026-06-30 10:58:12.716	2120	43088	73	0	73	0	534889	534886	534880	534884	534880	534880	534883	534886	534886	534886	534882	534885	534886	534886	534886	534891	534891	534887	534887	534886
2026-06-30 10:58:12.736	2121	43108	73	0	73	0	534884	534886	534887	534886	534891	534887	534896	534886	534891	534882	534886	534885	534881	534887	534886	534886	534886	534883	534891	534886
2026-06-30 10:58:12.757	2122	43128	73	0	73	0	534886	534886	534886	534886	534887	534886	534891	534886	534887	534891	534880	534886	534882	534880	534886	534886	534882	534886	534891	534883
2026-06-30 10:58:12.777	2123	43149	73	0	73	0	534884	534881	534886	534883	534880	534880	534880	534876	534880	534880	534880	534882	534886	534886	534883	534886	534880	534880	534883	534880
2026-06-30 10:58:12.797	2124	43169	73	0	73	0	534879	534886	534887	534880	534886	534886	534882	534880	534886	534883	534886	534886	534886	534891	534886	534886	534891	534888	534886	534880
2026-06-30 10:58:12.818	2125	43189	73	0	73	0	534890	534887	534886	534891	534888	534891	534886	534891	534894	534886	534891	534895	534891	534886	534886	534886	534887	534880	534886	534886
2026-06-30 10:58:12.838	2126	43210	73	0	73	0	534891	534880	534886	534882	534886	534886	534891	534883	534886	534891	534885	534891	534880	534886	534886	534886	534886	534891	534888	534886
2026-06-30 10:58:12.858	2127	43230	73	0	73	0	534890	534886	534893	534886	534886	534891	534888	534886	534891	534891	534887	534886	534886	534891	534887	534886	534896	534888	534886	534891
2026-06-30 10:58:12.879	2128	43250	73	0	73	0	534889	534887	534891	534886	534880	534883	534891	534891	534886	534893	534891	534891	534893	534886	534896	534892	534893	534891	534886	534891
2026-06-30 10:58:12.899	2129	43271	73	0	73	0	534886	534891	534891	534891	534887	534886	534891	534888	534892	534891	534885	534886	534880	534886	534886	534887	534886	534891	534886	534883
2026-06-30 10:58:12.919	2130	43291	73	0	73	0	534884	534891	534886	534893	534886	534886	534887	534886	534891	534886	534891	534891	534886	534886	534893	534891	534892	534891	534893	534891
2026-06-30 10:58:12.940	2131	43311	73	0	73	0	534894	534887	534886	534891	534886	534887	534891	534886	534891	534886	534890	534886	534891	534887	534886	534891	534886	534887	534891	534886
2026-06-30 10:58:12.960	2132	43332	73	0	73	0	534886	534891	534891	534896	534888	534891	534897	534891	534891	534891	534886	534895	534888	534891	534891	534893	534896	534886	534891	534887
2026-06-30 10:58:12.980	2133	43352	73	0	73	0	534889	534886	534892	534887	534886	534891	534891	534886	534891	534886	534893	534890	534891	534891	534888	534891	534886	534896	534888	534891
2026-06-30 10:58:13.001	2134	43372	73	0	73	0	534890	534886	534887	534886	534886	534892	534887	534891	534886	534882	534886	534886	534886	534887	534886	534891	534880	534889	534880	534886
2026-06-30 10:58:13.021	2135	43393	73	0	73	0	534884	534888	534881	534886	534882	534891	534891	534891	534886	534892	534879	534891	534887	534886	534892	534891	534886	534886	534886	534883
2026-06-30 10:58:13.041	2136	43413	73	0	73	0	534889	534886	534886	534882	534886	534886	534880	534888	534891	534886	534885	534887	534891	534886	534884	534891	534886	534886	534887	534886
2026-06-30 10:58:13.062	2137	43433	73	0	73	0	534885	534880	534883	534886	534886	534886	534886	534886	534886	534886	534882	534891	534886	534887	534886	534886	534892	534887	534891	534886
2026-06-30 10:58:13.082	2138	43454	73	0	73	0	534889	534888	534891	534886	534880	534888	534886	534886	534888	534886	534886	534891	534882	534886	534886	534886	534887	534886	534892	534886
2026-06-30 10:58:13.102	2139	43474	73	0	73	0	534891	534886	534886	534883	534886	534886	534886	534891	534886	534886	534891	534887	534886	534891	534896	534888	534891	534891	534891	534888
2026-06-30 10:58:13.123	2140	43494	73	0	73	0	534890	534886	534887	534891	534891	534886	534891	534886	534891	534886	534885	534886	534891	534886	534883	534886	534891	534887	534891	534891
2026-06-30 10:58:13.143	2141	43514	73	0	73	0	534890	534887	534891	534891	534886	534887	534886	534886	534891	534893	534886	534890	534886	534887	534891	534891	534882	534891	534886	534891
2026-06-30 10:58:13.163	2142	43535	73	0	73	0	534891	534886	534886	534886	534888	534891	534886	534886	534893	534886	534891	534887	534896	534886	534891	534886	534886	534886	534886	534891
2026-06-30 10:58:13.183	2143	43555	73	0	73	0	534889	534886	534886	534893	534896	534891	534889	534895	534886	534891	534887	534890	534886	534891	534887	534886	534886	534886	534886	534881
2026-06-30 10:58:13.204	2144	43575	73	0	73	0	534884	534886	534882	534886	534880	534887	534886	534891	534886	534894	534890	534886	534891	534888	534886	534891	534891	534891	534891	534891
2026-06-30 10:58:13.224	2145	43596	73	0	73	0	534886	534880	534886	534886	534893	534886	534886	534891	534887	534886	534891	534886	534887	534886	534886	534886	534893	534886	534891	534888
2026-06-30 10:58:13.244	2146	43616	73	0	73	0	534889	534891	534891	534887	534892	534886	534886	534887	534891	534886	534886	534887	534891	534891	534893	534891	534886	534886	534891	534886
2026-06-30 10:58:13.265	2147	43636	73	0	73	0	534889	534886	534888	534886	534891	534886	534887	534880	534886	534893	534890	534891	534886	534888	534886	534891	534886	534888	534886	534892
2026-06-30 10:58:13.285	2148	43657	73	0	73	0	534889	534891	534886	534891	534896	534894	534891	534891	534887	534896	534886	534891	534887	534886	534891	534892	534886	534891	534891	534886
2026-06-30 10:58:13.305	2149	43677	73	0	73	0	534892	534891	534891	534887	534886	534886	534886	534888	534891	534892	534890	534887	534891	534892	534886	534891	534891	534891	534889	534890
2026-06-30 10:58:13.325	2150	43697	73	0	73	0	534890	534891	534891	534886	534891	534891	534886	534886	534886	534891	534886	534891	534886	534891	534891	534891	534886	534886	534886	534886
2026-06-30 10:58:13.346	2151	43718	73	0	73	0	534890	534883	534886	534891	534886	534891	534886	534891	534886	534884	534885	534886	534887	534886	534886	534886	534887	534886	534886	534886
2026-06-30 10:58:13.366	2152	43738	73	0	73	0	534892	534886	534891	534886	534891	534886	534886	534893	534891	534886	534890	534887	534891	534891	534886	534893	534891	534891	534891	534886
2026-06-30 10:58:13.386	2153	43758	73	0	73	0	534895	534896	534893	534891	534891	534891	534893	534891	534886	534891	534887	534895	534891	534892	534887	534891	534891	534891	534888	534896
2026-06-30 10:58:13.407	2154	43778	73	0	73	0	534895	534893	534886	534896	534891	534894	534886	534891	534891	534893	534891	534891	534886	534887	534896	534891	534888	534891	534896	534891
2026-06-30 10:58:13.427	2155	43799	73	0	73	0	534897	534891	534891	534896	534896	534897	534895	534897	534893	534891	534896	534890	534894	534891	534886	534893	534886	534891	534892	534886
2026-06-30 10:58:13.448	2156	43819	73	0	73	0	534894	534886	534891	534893	534891	534886	534891	534893	534886	534891	534893	534886	534891	534886	534888	534892	534891	534891	534891	534891
2026-06-30 10:58:13.468	2157	43839	73	0	73	0	534889	534896	534888	534891	534891	534888	534891	534896	534892	534898	534891	534895	534891	534894	534886	534891	534891	534891	534886	534891
2026-06-30 10:58:13.488	2158	43860	73	0	73	0	534892	534896	534891	534891	534893	534892	534886	534886	534893	534886	534886	534891	534887	534886	534886	534891	534883	534886	534886	534887
2026-06-30 10:58:13.508	2159	43880	73	0	73	0	534889	534886	534886	534887	534886	534886	534891	534883	534891	534886	534891	534882	534891	534886	534888	534886	534886	534881	534891	534886
2026-06-30 10:58:13.529	2160	43900	73	0	73	0	534889	534886	534883	534891	534886	534886	534893	534880	534892	534880	534887	534885	534886	534887	534886	534891	534886	534880	534886	534880
2026-06-30 10:58:13.549	2161	43921	73	0	73	0	534884	534887	534886	534886	534881	534886	534886	534886	534888	534886	534886	534886	534887	534886	534880	534886	534882	534886	534886	534880
2026-06-30 10:58:13.569	2162	43941	73	0	73	0	534881	534875	534880	534880	534883	534880	534880	534878	534886	534881	534880	534885	534880	534886	534886	534877	534880	534886	534881	534878
2026-06-30 10:58:13.590	2163	43961	73	0	73	0	534879	534886	534878	534886	534886	534881	534893	534886	534886	534886	534886	534886	534886	534886	534886	534891	534886	534886	534886	534886
2026-06-30 10:58:13.610	2164	43982	73	0	73	0	534889	534883	534891	534880	534886	534882	534886	534886	534886	534883	534885	534886	534888	534886	534886	534886	534886	534886	534891	534886
2026-06-30 10:58:13.630	2165	44002	73	0	73	0	534892	534891	534880	534880	534886	534881	534886	534880	534883	534880	534880	534882	534886	534880	534881	534887	534880	534891	534886	534883
2026-06-30 10:58:13.651	2166	44022	73	0	73	0	534885	534886	534891	534887	534886	534880	534888	534886	534886	534891	534891	534890	534892	534886	534887	534891	534880	534892	534882	534891
2026-06-30 10:58:13.671	2167	44043	73	0	73	0	534889	534888	534891	534886	534886	534887	534886	534886	534886	534886	534886	534886	534886	534888	534892	534886	534888	534886	534891	534891
2026-06-30 10:58:13.691	2168	44063	73	0	73	0	534892	534886	534891	534886	534887	534886	534886	534891	534886	534886	534880	534891	534887	534886	534886	534882	534886	534886	534886	534882
2026-06-30 10:58:13.712	2169	44083	73	0	73	0	534884	534886	534880	534883	534886	534886	534880	534882	534880	534886	534882	534885	534886	534881	534888	534880	534886	534880	534883	534886
2026-06-30 10:58:13.732	2170	44104	73	0	73	0	534879	534886	534877	534886	534886	534888	534881	534886	534880	534877	534880	534880	534880	534878	534880	534881	534886	534882	534886	534886
2026-06-30 10:58:13.752	2171	44124	73	0	73	0	534884	534886	534886	534880	534886	534880	534886	534886	534882	534886	534880	534886	534880	534886	534880	534886	534882	534886	534886	534882
2026-06-30 10:58:13.773	2172	44144	73	0	73	0	534885	534886	534886	534887	534886	534886	534886	534882	534880	534891	534880	534882	534886	534886	534888	534880	534886	534886	534886	534886
2026-06-30 10:58:13.793	2173	44164	73	0	73	0	534884	534886	534883	534886	534886	534880	534880	534886	534886	534886	534887	534879	534886	534888	534891	534886	534886	534882	534886	534886
2026-06-30 10:58:13.813	2174	44185	73	0	73	0	534884	534888	534886	534886	534886	534886	534891	534886	534893	534891	534891	534891	534887	534891	534886	534886	534888	534892	534886	534891
2026-06-30 10:58:13.834	2175	44205	73	0	73	0	534886	534892	534886	534893	534886	534891	534886	534888	534886	534891	534886	534887	534886	534880	534886	534886	534891	534886	534883	534886
2026-06-30 10:58:13.854	2176	44226	73	0	73	0	534884	534886	534882	534886	534886	534880	534884	534886	534886	534886	534887	534880	534880	534886	534882	534876	534886	534883	534880	534880
2026-06-30 10:58:13.874	2177	44246	73	0	73	0	534879	534882	534880	534880	534886	534883	534880	534891	534880	534888	534886	534886	534886	534891	534886	534892	534886	534891	534880	534891
2026-06-30 10:58:13.895	2178	44266	73	0	73	0	534886	534886	534880	534886	534888	534880	534886	534888	534886	534886	534886	534887	534891	534880	534886	534886	534886	534886	534886	534891
2026-06-30 10:58:13.915	2179	44287	73	0	73	0	534884	534880	534884	534880	534886	534886	534888	534881	534886	534880	534887	534891	534886	534880	534888	534886	534891	534884	534886	534886
2026-06-30 10:58:13.935	2180	44307	73	0	73	0	534884	534882	534886	534886	534886	534887	534886	534886	534886	534880	534886	534886	534880	534886	534886	534886	534886	534886	534886	534881
2026-06-30 10:58:13.956	2181	44327	73	0	73	0	534880	534886	534880	534881	534880	534880	534880	534886	534886	534880	534886	534885	534876	534886	534880	534880	534886	534880	534881	534887
2026-06-30 10:58:13.976	2182	44348	73	0	73	0	534884	534886	534886	534887	534886	534886	534883	534886	534886	534881	534886	534880	534891	534881	534886	534880	534886	534886	534885	534886
2026-06-30 10:58:13.996	2183	44368	73	0	73	0	534884	534886	534893	534891	534892	534887	534886	534886	534886	534887	534886	534886	534886	534882	534880	534886	534880	534886	534886	534886
2026-06-30 10:58:14.017	2184	44388	73	0	73	0	534886	534886	534880	534886	534888	534886	534881	534886	534888	534886	534880	534886	534882	534880	534880	534879	534880	534880	534886	534882
2026-06-30 10:58:14.037	2185	44409	73	0	73	0	534890	534886	534886	534887	534886	534886	534891	534886	534886	534886	534886	534882	534886	534880	534888	534881	534886	534886	534882	534880
2026-06-30 10:58:14.057	2186	44429	73	0	73	0	534879	534880	534888	534880	534880	534881	534883	534886	534880	534883	534886	534886	534880	534880	534886	534886	534881	534880	534886	534886
2026-06-30 10:58:14.078	2187	44449	73	0	73	0	534885	534887	534886	534886	534882	534886	534891	534881	534887	534891	534886	534885	534888	534891	534886	534891	534891	534886	534886	534886
2026-06-30 10:58:14.098	2188	44470	73	0	73	0	534880	534886	534880	534883	534886	534891	534881	534888	534886	534886	534890	534886	534880	534886	534881	534888	534886	534886	534888	534886
2026-06-30 10:58:14.118	2189	44490	73	0	73	0	534890	534886	534887	534880	534886	534886	534887	534891	534886	534891	534887	534891	534886	534882	534886	534891	534892	534886	534886	534886
2026-06-30 10:58:14.139	2190	44510	73	0	73	0	534884	534888	534886	534886	534886	534882	534886	534886	534888	534891	534886	534885	534888	534886	534886	534886	534887	534886	534880	534881
2026-06-30 10:58:14.159	2191	44531	73	0	73	0	534886	534891	534886	534886	534887	534886	534886	534888	534886	534886	534880	534891	534886	534891	534886	534888	534891	534891	534886	534893
2026-06-30 10:58:14.179	2192	44551	73	0	73	0	534885	534891	534893	534891	534886	534891	534893	534891	534891	534892	534886	534891	534886	534886	534894	534886	534891	534893	534891	534886
2026-06-30 10:58:14.200	2193	44571	73	0	73	0	534885	534887	534886	534891	534891	534888	534886	534886	534886	534887	534886	534886	534886	534886	534886	534886	534882	534886	534886	534886
2026-06-30 10:58:14.220	2194	44591	73	0	73	0	534886	534886	534880	534881	534877	534886	534886	534886	534888	534886	534886	534885	534886	534892	534886	534887	534886	534886	534886	534882
2026-06-30 10:58:14.240	2195	44612	73	0	73	0	534884	534891	534875	534883	534880	534886	534886	534883	534886	534886	534882	534880	534880	534881	534882	534880	534886	534886	534883	534886
2026-06-30 10:58:14.260	2196	44632	73	0	73	0	534884	534886	534883	534886	534886	534887	534886	534886	534880	534888	534886	534886	534886	534887	534886	534881	534891	534882	534880	534880
2026-06-30 10:58:14.281	2197	44652	73	0	73	0	534886	534886	534880	534886	534883	534880	534886	534886	534882	534886	534886	534886	534882	534891	534880	534886	534886	534886	534880	534883
2026-06-30 10:58:14.301	2198	44673	73	0	73	0	534885	534886	534880	534888	534880	534891	534881	534887	534880	534891	534880	534887	534886	534886	534880	534886	534881	534886	534886	534886
2026-06-30 10:58:14.321	2199	44693	73	0	73	0	534889	534886	534888	534886	534886	534886	534882	534886	534886	534888	534886	534885	534886	534882	534886	534886	534886	534886	534892	534886
2026-06-30 10:58:14.342	2200	44713	73	0	73	0	534889	534883	534891	534886	534884	534886	534880	534886	534887	534886	534886	534886	534887	534891	534886	534886	534891	534886	534886	534891
2026-06-30 10:58:14.362	2201	44734	73	0	73	0	534891	534886	534891	534883	534891	534886	534891	534887	534891	534886	534886	534882	534891	534886	534891	534883	534886	534891	534888	534891
2026-06-30 10:58:14.382	2202	44754	73	0	73	0	534889	534886	534887	534886	534886	534886	534883	534886	534886	534880	534887	534885	534886	534884	534891	534886	534891	534893	534886	534886
2026-06-30 10:58:14.403	2203	44774	73	0	73	0	534889	534887	534891	534891	534886	534883	534886	534886	534891	534887	534886	534891	534886	534886	534886	534886	534882	534892	534886	534891
2026-06-30 10:58:14.423	2204	44795	73	0	73	0	534886	534886	534886	534886	534887	534880	534891	534883	534886	534886	534885	534891	534891	534892	534886	534893	534891	534886	534886	534893
2026-06-30 10:58:14.443	2205	44815	73	0	73	0	534890	534886	534886	534882	534886	534886	534888	534886	534886	534880	534887	534886	534880	534886	534888	534886	534880	534891	534883	534886
2026-06-30 10:58:14.464	2206	44835	73	0	73	0	534885	534886	534886	534880	534886	534888	534886	534886	534880	534882	534886	534891	534886	534887	534886	534891	534886	534892	534886	534891
2026-06-30 10:58:14.484	2207	44856	73	0	73	0	534891	534886	534886	534886	534887	534891	534891	534886	534888	534880	534891	534891	534887	534891	534892	534891	534891	534891	534891	534888
2026-06-30 10:58:14.504	2208	44876	73	0	73	0	534885	534891	534886	534887	534886	534891	534886	534888	534892	534891	534887	534885	534891	534886	534886	534891	534886	534886	534888	534886
2026-06-30 10:58:14.525	2209	44896	73	0	73	0	534890	534891	534886	534891	534891	534886	534886	534892	534891	534891	534891	534890	534886	534893	534891	534891	534891	534891	534892	534891
2026-06-30 10:58:14.545	2210	44916	73	0	73	0	534891	534891	534896	534891	534888	534891	534886	534891	534887	534891	534886	534891	534887	534891	534891	534886	534887	534886	534891	534887
2026-06-30 10:58:14.565	2211	44937	73	0	73	0	534890	534886	534886	534887	534891	534891	534886	534888	534891	534891	534891	534893	534891	534891	534893	534891	534891	534896	534891	534892
2026-06-30 10:58:14.585	2212	44957	73	0	73	0	534894	534891	534893	534891	534891	534892	534898	534891	534896	534891	534898	534891	534891	534893	534896	534892	534891	534891	534891	534896
2026-06-30 10:58:14.606	2213	44977	73	0	73	0	534895	534893	534896	534896	534891	534887	534886	534892	534887	534892	534885	534891	534893	534886	534891	534886	534887	534891	534891	534891
2026-06-30 10:58:14.626	2214	44998	73	0	73	0	534886	534886	534891	534888	534886	534886	534892	534893	534886	534891	534891	534890	534897	534886	534891	534893	534891	534886	534892	534887
2026-06-30 10:58:14.646	2215	45018	73	0	73	0	534889	534886	534888	534886	534886	534891	534887	534886	534886	534886	534891	534886	534891	534886	534891	534886	534896	534887	534886	534896
2026-06-30 10:58:14.667	2216	45038	73	0	73	0	534885	534886	534891	534886	534891	534886	534891	534886	534886	534883	534885	534886	534888	534886	534886	534886	534893	534886	534891	534886
2026-06-30 10:58:14.687	2217	45059	73	0	73	0	534886	534886	534891	534891	534891	534891	534891	534892	534887	534891	534891	534889	534886	534891	534891	534893	534886	534891	534891	534887
2026-06-30 10:58:14.707	2218	45079	73	0	73	0	534889	534892	534891	534887	534891	534886	534888	534891	534886	534886	534890	534886	534891	534891	534888	534891	534886	534891	534883	534886
2026-06-30 10:58:14.728	2219	45099	73	0	73	0	534885	534888	534891	534886	534886	534888	534886	534886	534886	534891	534886	534890	534886	534887	534891	534886	534893	534891	534886	534886
2026-06-30 10:58:14.748	2220	45120	73	0	73	0	534886	534891	534891	534891	534888	534892	534891	534886	534886	534896	534886	534896	534888	534891	534886	534888	534886	534886	534891	534887
2026-06-30 10:58:14.768	2221	45140	73	0	73	0	534889	534886	534891	534887	534886	534891	534891	534888	534886	534891	534887	534885	534891	534886	534891	534891	534886	534891	534893	534886
2026-06-30 10:58:14.789	2222	45160	73	0	73	0	534890	534891	534893	534891	534886	534893	534891	534892	534886	534887	534891	534885	534886	534887	534891	534886	534886	534887	534891	534892
2026-06-30 10:58:14.809	2223	45181	73	0	73	0	534884	534887	534886	534886	534894	534880	534891	534891	534886	534891	534886	534891	534887	534886	534891	534886	534888	534896	534886	534893
2026-06-30 10:58:14.829	2224	45201	73	0	73	0	534889	534886	534891	534887	534896	534896	534891	534897	534891	534891	534891	534897	534892	534896	534893	534886	534896	534891	534887	534892
2026-06-30 10:58:14.850	2225	45221	73	0	73	0	534889	534896	534898	534891	534891	534886	534886	534891	534891	534891	534893	534886	534891	534893	534891	534891	534891	534888	534891	534891
2026-06-30 10:58:14.870	2226	45242	73	0	73	0	534889	534888	534886	534892	534886	534886	534891	534891	534888	534886	534891	534886	534893	534891	534892	534886	534893	534886	534886	534886
2026-06-30 10:58:14.890	2227	45262	73	0	73	0	534886	534886	534891	534883	534886	534891	534891	534888	534880	534886	534880	534887	534886	534880	534886	534883	534891	534886	534886	534887
2026-06-30 10:58:14.911	2228	45282	73	0	73	0	534885	534886	534893	534886	534891	534886	534891	534891	534886	534886	534890	534891	534886	534886	534887	534886	534886	534893	534886	534886
2026-06-30 10:58:14.931	2229	45303	73	0	73	0	534879	534887	534886	534891	534886	534888	534886	534886	534886	534887	534886	534890	534889	534891	534891	534880	534888	534886	534886	534886
2026-06-30 10:58:14.951	2230	45323	73	0	73	0	534886	534891	534886	534886	534891	534886	534891	534886	534887	534886	534891	534893	534891	534891	534891	534893	534886	534891	534892	534891
2026-06-30 10:58:14.972	2231	45343	73	0	73	0	534889	534891	534891	534894	534891	534891	534893	534891	534891	534886	534893	534886	534891	534886	534894	534891	534886	534886	534886	534891
2026-06-30 10:58:14.992	2232	45364	73	0	73	0	534884	534889	534891	534891	534891	534893	534891	534891	534892	534893	534895	534891	534896	534893	534892	534891	534891	534887	534886	534886
2026-06-30 10:58:15.012	2233	45384	73	0	73	0	534892	534891	534886	534896	534893	534886	534896	534886	534893	534891	534891	534885	534888	534886	534891	534887	534891	534886	534891	534886
2026-06-30 10:58:15.033	2234	45404	73	0	73	0	534889	534891	534891	534894	534891	534891	534891	534893	534891	534891	534888	534891	534891	534891	534894	534886	534896	534891	534893	534886
2026-06-30 10:58:15.053	2235	45424	73	0	73	0	534890	534891	534887	534891	534891	534896	534888	534896	534886	534893	534886	534891	534886	534891	534891	534891	534891	534887	534891	534886
2026-06-30 10:58:15.073	2236	45445	73	0	73	0	534890	534891	534891	534891	534886	534891	534886	534891	534891	534886	534891	534891	534893	534891	534886	534891	534892	534896	534891	534893
2026-06-30 10:58:15.093	2237	45465	73	0	73	0	534884	534892	534891	534887	534891	534891	534891	534888	534886	534891	534886	534887	534891	534891	534891	534887	534886	534891	534888	534886
2026-06-30 10:58:15.114	2238	45485	73	0	73	0	534889	534886	534882	534886	534886	534886	534891	534886	534886	534886	534891	534886	534886	534891	534886	534886	534891	534893	534892	534891
2026-06-30 10:58:15.134	2239	45506	73	0	73	0	534889	534887	534891	534886	534891	534891	534891	534886	534884	534890	534886	534886	534888	534891	534886	534886	534888	534886	534880	534886
2026-06-30 10:58:15.154	2240	45526	73	0	73	0	534886	534886	534886	534891	534882	534891	534886	534893	534886	534886	534886	534886	534891	534886	534886	534887	534880	534886	534886	534887
2026-06-30 10:58:15.175	2241	45546	73	0	73	0	534884	534886	534883	534886	534886	534886	534882	534891	534886	534891	534885	534891	534891	534891	534887	534892	534886	534886	534882	534891
2026-06-30 10:58:15.195	2242	45567	73	0	73	0	534885	534887	534886	534886	534891	534883	534886	534886	534886	534891	534886	534885	534891	534888	534891	534886	534893	534891	534886	534891
2026-06-30 10:58:15.215	2243	45587	73	0	73	0	534886	534891	534891	534891	534888	534892	534891	534886	534893	534891	534891	534887	534886	534891	534891	534887	534886	534892	534886	534886
2026-06-30 10:58:15.236	2244	45607	73	0	73	0	534889	534886	534886	534893	534891	534891	534886	534893	534891	534886	534886	534891	534886	534891	534887	534892	534891	534891	534886	534891
2026-06-30 10:58:15.256	2245	45628	73	0	73	0	534889	534886	534887	534891	534891	534887	534896	534886	534891	534887	534886	534890	534886	534888	534886	534896	534891	534891	534891	534892
2026-06-30 10:58:15.276	2246	45648	73	0	73	0	534891	534891	534891	534886	534893	534886	534891	534886	534888	534891	534886	534890	534889	534891	534891	534886	534887	534891	534886	534888
2026-06-30 10:58:15.297	2247	45668	73	0	73	0	534894	534886	534896	534893	534886	534886	534886	534893	534886	534886	534891	534887	534886	534891	534893	534891	534886	534891	534891	534896
2026-06-30 10:58:15.317	2248	45689	73	0	73	0	534889	534892	534888	534886	534886	534891	534886	534891	534886	534886	534891	534890	534891	534888	534886	534891	534891	534887	534886	534892
2026-06-30 10:58:15.337	2249	45709	73	0	73	0	534889	534887	534886	534891	534884	534886	534886	534886	534886	534886	534886	534886	534887	534891	534886	534891	534887	534892	534886	534891
2026-06-30 10:58:15.358	2250	45729	73	0	73	0	534886	534886	534886	534887	534891	534886	534891	534891	534886	534891	534885	534887	534880	534892	534891	534887	534886	534886	534883	534886
2026-06-30 10:58:15.378	2251	45750	73	0	73	0	534894	534891	534888	534886	534892	534891	534886	534886	534886	534886	534886	534886	534886	534893	534891	534891	534886	534894	534891	534891
2026-06-30 10:58:15.398	2252	45770	73	0	73	0	534889	534893	534891	534886	534892	534893	534891	534886	534891	534887	534886	534891	534893	534886	534886	534886	534888	534886	534891	534891
2026-06-30 10:58:15.418	2253	45790	73	0	73	0	534892	534886	534891	534886	534893	534891	534891	534899	534891	534891	534891	534892	534886	534896	534891	534893	534891	534891	534892	534887
2026-06-30 10:58:15.439	2254	45810	73	0	73	0	534894	534886	534886	534888	534892	534886	534891	534891	534886	534886	534887	534891	534886	534891	534886	534886	534886	534886	534887	534886
2026-06-30 10:58:15.459	2255	45831	73	0	73	0	534884	534878	534880	534881	534891	534887	534886	534886	534886	534887	534890	534880	534886	534880	534886	534886	534883	534886	534881	534886
2026-06-30 10:58:15.479	2256	45851	73	0	73	0	534886	534886	534880	534886	534887	534886	534886	534891	534887	534886	534890	534880	534888	534886	534886	534891	534886	534886	534886	534886
2026-06-30 10:58:15.500	2257	45871	73	0	73	0	534885	534886	534891	534887	534886	534891	534886	534887	534891	534886	534887	534886	534886	534886	534887	534886	534891	534886	534883	534886
2026-06-30 10:58:15.520	2258	45892	73	0	73	0	534889	534891	534888	534886	534891	534888	534880	534886	534886	534888	534886	534886	534886	534886	534886	534886	534886	534888	534886	534886
2026-06-30 10:58:15.540	2259	45912	73	0	73	0	534881	534886	534886	534891	534882	534886	534880	534886	534888	534886	534886	534886	534886	534886	534891	534886	534887	534891	534886	534887
2026-06-30 10:58:15.561	2260	45932	73	0	73	0	534889	534886	534891	534887	534880	534891	534886	534887	534886	534886	534886	534885	534886	534891	534886	534891	534886	534891	534891	534886
2026-06-30 10:58:15.581	2261	45953	73	0	73	0	534890	534880	534888	534891	534880	534886	534887	534886	534880	534883	534886	534886	534886	534887	534891	534891	534891	534886	534892	534886
2026-06-30 10:58:15.601	2262	45973	73	0	73	0	534894	534888	534886	534886	534893	534891	534891	534891	534893	534891	534891	534886	534893	534886	534891	534886	534891	534892	534886	534891
2026-06-30 10:58:15.622	2263	45993	73	0	73	0	534886	534891	534881	534887	534886	534886	534886	534888	534886	534886	534885	534887	534886	534886	534886	534886	534886	534891	534893	534891
2026-06-30 10:58:15.642	2264	46014	73	0	73	0	534890	534891	534893	534886	534886	534891	534888	534886	534891	534891	534887	534891	534886	534886	534893	534891	534886	534888	534886	534886
2026-06-30 10:58:15.663	2265	46034	73	0	73	0	534889	534887	534892	534886	534886	534893	534886	534886	534886	534888	534891	534885	534888	534897	534886	534891	534886	534891	534886	534886
2026-06-30 10:58:15.683	2266	46054	73	0	73	0	534886	534896	534891	534891	534894	534896	534886	534893	534896	534891	534891	534898	534891	534896	534891	534892	534891	534891	534891	534893
2026-06-30 10:58:15.703	2267	46075	73	0	73	0	534889	534892	534891	534893	534891	534891	534888	534891	534886	534896	534887	534895	534892	534886	534891	534891	534891	534886	534896	534886
2026-06-30 10:58:15.723	2268	46095	73	0	73	0	534889	534887	534891	534891	534891	534886	534892	534891	534886	534891	534891	534890	534886	534887	534886	534896	534888	534886	534892	534891
2026-06-30 10:58:15.744	2269	46115	73	0	73	0	534891	534891	534891	534891	534888	534896	534891	534891	534891	534891	534891	534886	534886	534886	534891	534891	534886	534886	534886	534882
2026-06-30 10:58:15.764	2270	46135	73	0	73	0	534889	534881	534886	534887	534880	534886	534891	534888	534891	534891	534887	534890	534892	534891	534887	534891	534886	534886	534888	534891
2026-06-30 10:58:15.784	2271	46156	73	0	73	0	534889	534886	534888	534897	534891	534893	534891	534891	534886	534882	534891	534886	534886	534887	534886	534891	534886	534887	534891	534886
2026-06-30 10:58:15.805	2272	46176	73	0	73	0	534889	534893	534886	534891	534888	534886	534891	534891	534888	534886	534891	534891	534887	534886	534891	534886	534886	534886	534891	534883
2026-06-30 10:58:15.825	2273	46197	73	0	73	0	534889	534886	534891	534887	534886	534886	534886	534883	534886	534886	534885	534887	534891	534886	534883	534891	534886	534886	534893	534886
2026-06-30 10:58:15.845	2274	46217	73	0	73	0	534890	534886	534893	534886	534886	534886	534883	534891	534891	534886	534887	534886	534886	534887	534891	534891	534891	534891	534886	534891
2026-06-30 10:58:15.865	2275	46237	73	0	73	0	534894	534887	534891	534891	534892	534887	534886	534891	534888	534896	534891	534886	534893	534891	534886	534891	534893	534886	534886	534891
2026-06-30 10:58:15.886	2276	46257	73	0	73	0	534891	534886	534891	534888	534891	534886	534891	534887	534891	534886	534891	534893	534891	534886	534892	534893	534886	534891	534891	534893
2026-06-30 10:58:15.906	2277	46278	73	0	73	0	534895	534891	534893	534891	534896	534891	534891	534892	534886	534891	534891	534890	534891	534891	534888	534891	534891	534893	534896	534891
2026-06-30 10:58:15.926	2278	46298	73	0	73	0	534895	534887	534891	534886	534886	534888	534886	534886	534886	534893	534886	534891	534893	534886	534891	534886	534893	534886	534892	534886
2026-06-30 10:58:15.947	2279	46318	73	0	73	0	534886	534886	534891	534892	534886	534891	534886	534886	534883	534886	534886	534882	534891	534891	534886	534888	534892	534896	534886	534891
2026-06-30 10:58:15.967	2280	46339	73	0	73	0	534895	534886	534891	534887	534886	534886	534888	534891	534886	534891	534886	534886	534886	534886	534887	534891	534891	534896	534891	534891
2026-06-30 10:58:15.987	2281	46359	73	0	73	0	534885	534893	534886	534891	534886	534888	534886	534891	534886	534888	534891	534886	534891	534887	534886	534891	534881	534887	534886	534886
2026-06-30 10:58:16.008	2282	46379	73	0	73	0	534886	534892	534891	534886	534887	534886	534886	534886	534886	534891	534886	534885	534888	534891	534891	534898	534891	534891	534892	534887
2026-06-30 10:58:16.028	2283	46400	73	0	73	0	534884	534891	534886	534893	534892	534891	534891	534893	534886	534891	534888	534891	534896	534886	534888	534891	534886	534886	534891	534891
2026-06-30 10:58:16.048	2284	46420	73	0	73	0	534889	534891	534887	534892	534891	534891	534893	534891	534891	534893	534891	534886	534886	534888	534892	534886	534886	534896	534891	534886
2026-06-30 10:58:16.069	2285	46440	73	0	73	0	534890	534896	534891	534886	534888	534891	534886	534891	534893	534891	534891	534886	534887	534886	534891	534891	534888	534891	534886	534894
2026-06-30 10:58:16.089	2286	46461	73	0	73	0	534889	534891	534891	534893	534891	534891	534892	534893	534896	534891	534891	534892	534892	534896	534893	534891	534896	534896	534888	534896
2026-06-30 10:58:16.109	2287	46481	73	0	73	0	534894	534896	534894	534891	534896	534896	534896	534892	534891	534891	534898	534891	534891	534887	534891	534891	534891	534893	534891	534891
2026-06-30 10:58:16.130	2288	46501	73	0	73	0	534890	534888	534886	534891	534886	534888	534891	534891	534893	534891	534896	534891	534887	534891	534891	534896	534892	534891	534896	534891
2026-06-30 10:58:16.150	2289	46522	73	0	73	0	534891	534891	534897	534888	534891	534891	534886	534893	534887	534891	534891	534895	534892	534891	534891	534893	534891	534891	534888	534891
2026-06-30 10:58:16.170	2290	46542	73	0	73	0	534890	534891	534887	534891	534886	534886	534888	534891	534886	534891	534882	534891	534886	534891	534883	534891	534886	534894	534891	534891
2026-06-30 10:58:16.191	2291	46562	73	0	73	0	534889	534887	534891	534892	534886	534887	534886	534891	534891	534893	534896	534891	534891	534891	534891	534892	534893	534891	534886	534886
2026-06-30 10:58:16.211	2292	46583	73	0	73	0	534892	534896	534891	534896	534898	534891	534891	534889	534891	534896	534891	534895	534892	534891	534891	534887	534891	534886	534886	534888
2026-06-30 10:58:16.232	2293	46603	73	0	73	0	534890	534886	534888	534886	534891	534886	534887	534880	534891	534886	534893	534886	534891	534886	534888	534891	534886	534892	534891	534891
2026-06-30 10:58:16.252	2294	46623	73	0	73	0	534889	534888	534886	534891	534891	534887	534891	534886	534886	534887	534890	534886	534891	534888	534891	534891	534891	534891	534896	534891
2026-06-30 10:58:16.272	2295	46644	73	0	73	0	534897	534891	534891	534891	534893	534891	534892	534891	534891	534891	534891	534893	534891	534886	534886	534887	534886	534891	534886	534887
2026-06-30 10:58:16.292	2296	46664	73	0	73	0	534889	534891	534891	534888	534886	534891	534886	534888	534886	534886	534886	534886	534886	534881	534886	534886	534886	534880	534886	534886
2026-06-30 10:58:16.313	2297	46684	73	0	73	0	534889	534886	534888	534886	534892	534887	534886	534891	534886	534887	534886	534886	534886	534888	534891	534891	534892	534891	534891	534886
2026-06-30 10:58:16.333	2298	46705	73	0	73	0	534886	534886	534886	534891	534891	534891	534891	534891	534891	534891	534896	534891	534888	534891	534891	534884	534890	534886	534886	534887
2026-06-30 10:58:16.353	2299	46725	73	0	73	0	534884	534891	534886	534887	534880	534886	534886	534886	534886	534891	534886	534881	534881	534886	534882	534886	534886	534891	534883	534886
2026-06-30 10:58:16.374	2300	46745	73	0	73	0	534884	534886	534883	534886	534891	534891	534887	534891	534891	534888	534891	534886	534886	534887	534886	534891	534886	534886	534891	534886
2026-06-30 10:58:16.394	2301	46766	73	0	73	0	534889	534888	534886	534896	534888	534891	534891	534886	534893	534886	534891	534891	534887	534891	534891	534886	534887	534886	534891	534892
2026-06-30 10:58:16.414	2302	46786	73	0	73	0	534886	534886	534891	534887	534892	534886	534896	534886	534891	534886	534885	534887	534886	534886	534886	534887	534886	534886	534888	534886
2026-06-30 10:58:16.435	2303	46806	73	0	73	0	534884	534892	534887	534891	534896	534886	534886	534892	534886	534891	534891	534891	534886	534886	534891	534891	534886	534891	534891	534886
2026-06-30 10:58:16.455	2304	46827	73	0	73	0	534884	534887	534886	534880	534886	534893	534886	534886	534886	534883	534886	534880	534887	534886	534886	534886	534891	534891	534891	534891
2026-06-30 10:58:16.475	2305	46847	73	0	73	0	534886	534886	534896	534891	534891	534891	534891	534891	534886	534891	534896	534886	534886	534886	534886	534887	534886	534886	534886	534883
2026-06-30 10:58:16.496	2306	46867	73	0	73	0	534884	534886	534888	534891	534892	534886	534891	534891	534891	534891	534891	534891	534891	534891	534887	534891	534896	534886	534893	534891
2026-06-30 10:58:16.516	2307	46888	73	0	73	0	534889	534893	534897	534891	534886	534893	534886	534891	534886	534888	534891	534885	534880	534886	534886	534886	534888	534891	534880	534886
2026-06-30 10:58:16.536	2308	46908	73	0	73	0	534886	534886	534891	534891	534883	534886	534891	534891	534893	534891	534886	534891	534882	534886	534891	534883	534891	534892	534891	534886
2026-06-30 10:58:16.557	2309	46928	73	0	73	0	534889	534886	534886	534887	534886	534886	534886	534883	534891	534891	534887	534891	534891	534891	534888	534886	534886	534886	534891	534891
2026-06-30 10:58:16.577	2310	46949	73	0	73	0	534889	534891	534888	534891	534886	534893	534886	534891	534896	534888	534891	534891	534891	534893	534886	534892	534891	534893	534891	534891
2026-06-30 10:58:16.597	2311	46969	73	0	73	0	534892	534891	534891	534891	534893	534891	534891	534892	534893	534891	534896	534895	534896	534886	534891	534896	534887	534891	534886	534893
2026-06-30 10:58:16.617	2312	46989	73	0	73	0	534894	534891	534891	534893	534897	534891	534891	534893	534891	534896	534886	534896	534891	534891	534883	534891	534886	534892	534887	534891
2026-06-30 10:58:16.638	2313	47009	73	0	73	0	534894	534896	534888	534891	534891	534891	534893	534891	534891	534894	534895	534891	534886	534893	534886	534891	534886	534893	534891	534891
2026-06-30 10:58:16.658	2314	47030	73	0	73	0	534889	534889	534891	534886	534891	534887	534886	534886	534888	534886	534890	534886	534891	534886	534886	534891	534893	534891	534886	534892
2026-06-30 10:58:16.678	2315	47050	73	0	73	0	534891	534891	534891	534887	534891	534886	534891	534893	534891	534886	534891	534887	534891	534896	534891	534887	534886	534892	534888	534886
2026-06-30 10:58:16.699	2316	47070	73	0	73	0	534889	534891	534888	534880	534886	534886	534883	534886	534886	534886	534882	534890	534886	534891	534886	534891	534886	534893	534891	534892
2026-06-30 10:58:16.719	2317	47091	73	0	73	0	534894	534887	534891	534896	534886	534893	534886	534891	534891	534893	534891	534891	534891	534886	534891	534891	534894	534886	534891	534891
2026-06-30 10:58:16.739	2318	47111	73	0	73	0	534891	534886	534891	534891	534891	534891	534891	534891	534887	534892	534885	534887	534891	534886	534886	534893	534886	534886	534891	534896
2026-06-30 10:58:16.760	2319	47131	73	0	73	0	534890	534886	534896	534888	534886	534886	534887	534891	534886	534891	534882	534886	534886	534891	534883	534891	534891	534886	534886	534886
2026-06-30 10:58:16.780	2320	47152	73	0	73	0	534889	534886	534886	534891	534881	534888	534886	534891	534891	534888	534886	534886	534886	534888	534886	534886	534886	534886	534891	534880
2026-06-30 10:58:16.800	2321	47172	73	0	73	0	534892	534891	534891	534891	534891	534891	534891	534891	534894	534891	534891	534885	534888	534891	534891	534893	534891	534891	534891	534892
2026-06-30 10:58:16.821	2322	47192	73	0	73	0	534889	534891	534886	534893	534896	534892	534886	534893	534891	534891	534893	534891	534891	534891	534887	534891	534897	534891	534898	534891
2026-06-30 10:58:16.841	2323	47213	73	0	73	0	534899	534891	534894	534891	534891	534888	534891	534891	534891	534894	534895	534891	534898	534893	534891	534896	534891	534893	534891	534896
2026-06-30 10:58:16.861	2324	47233	73	0	73	0	534890	534887	534891	534891	534893	534892	534896	534891	534893	534896	534896	534891	534893	534891	534891	534897	534891	534891	534891	534893
2026-06-30 10:58:16.882	2325	47253	73	0	73	0	534894	534891	534892	534891	534896	534886	534891	534891	534892	534891	534886	534892	534892	534886	534888	534891	534886	534891	534887	534886
2026-06-30 10:58:16.902	2326	47274	73	0	73	0	534890	534891	534893	534886	534891	534886	534886	534891	534886	534886	534887	534886	534891	534887	534891	534891	534891	534888	534891	534891
2026-06-30 10:58:16.922	2327	47294	73	0	73	0	534889	534893	534891	534897	534891	534891	534896	534891	534893	534891	534886	534891	534887	534886	534891	534886	534893	534886	534891	534896
2026-06-30 10:58:16.943	2328	47314	73	0	73	0	534886	534891	534891	534888	534891	534886	534892	534887	534891	534891	534891	534887	534896	534891	534891	534887	534891	534886	534891	534887
2026-06-30 10:58:16.963	2329	47335	73	0	73	0	534889	534891	534888	534891	534892	534891	534891	534886	534891	534891	534882	534891	534886	534891	534893	534891	534891	534894	534891	534886
2026-06-30 10:58:16.983	2330	47355	73	0	73	0	534889	534888	534886	534880	534891	534886	534891	534886	534886	534893	534891	534886	534893	534896	534891	534891	534893	534886	534891	534891
2026-06-30 10:58:17.004	2331	47375	73	0	73	0	534891	534891	534892	534891	534886	534886	534891	534888	534891	534886	534896	534887	534886	534892	534891	534887	534896	534896	534896	534892
2026-06-30 10:58:17.024	2332	47396	73	0	73	0	534894	534891	534891	534893	534886	534892	534887	534891	534891	534891	534887	534891	534891	534896	534893	534891	534891	534891	534892	534891
2026-06-30 10:58:17.044	2333	47416	73	0	73	0	534894	534887	534891	534897	534895	534892	534896	534891	534896	534891	534891	534891	534891	534893	534886	534892	534893	534891	534891	534896
2026-06-30 10:58:17.065	2334	47436	73	0	73	0	534891	534892	534891	534896	534888	534891	534891	534891	534892	534896	534891	534890	534888	534891	534891	534893	534891	534896	534892	534893
2026-06-30 10:58:17.085	2335	47456	73	0	73	0	534899	534891	534891	534898	534891	534892	534891	534893	534891	534891	534887	534891	534886	534886	534887	534886	534892	534886	534886	534891
2026-06-30 10:58:17.105	2336	47477	73	0	73	0	534884	534886	534888	534886	534896	534883	534891	534891	534886	534888	534890	534886	534891	534888	534886	534891	534891	534887	534891	534891
2026-06-30 10:58:17.126	2337	47497	73	0	73	0	534890	534887	534886	534891	534888	534891	534886	534886	534891	534891	534886	534891	534887	534891	534886	534891	534887	534891	534886	534887
2026-06-30 10:58:17.146	2338	47517	73	0	73	0	534894	534891	534886	534893	534891	534886	534891	534891	534891	534891	534891	534893	534891	534891	534893	534891	534891	534892	534887	534891
2026-06-30 10:58:17.166	2339	47538	73	0	73	0	534884	534891	534883	534886	534891	534886	534891	534891	534891	534892	534892	534891	534891	534888	534891	534891	534891	534893	534891	534896
2026-06-30 10:58:17.186	2340	47558	73	0	73	0	534890	534893	534891	534891	534891	534888	534886	534891	534893	534891	534886	534891	534887	534886	534886	534886	534886	534880	534886	534891
2026-06-30 10:58:17.207	2341	47578	73	0	73	0	534886	534881	534886	534888	534891	534891	534891	534888	534896	534891	534891	534892	534892	534891	534886	534891	534886	534886	534886	534887
2026-06-30 10:58:17.227	2342	47599	73	0	73	0	534884	534891	534888	534891	534892	534886	534887	534891	534891	534886	534893	534891	534891	534891	534888	534891	534891	534888	534891	534891
2026-06-30 10:58:17.248	2343	47619	73	0	73	0	534889	534893	534886	534892	534886	534891	534896	534886	534896	534888	534896	534891	534888	534891	534892	534891	534893	534891	534896	534891
2026-06-30 10:58:17.268	2344	47639	73	0	73	0	534892	534891	534891	534891	534891	534891	534891	534889	534886	534891	534891	534892	534892	534891	534891	534893	534891	534892	534891	534891
2026-06-30 10:58:17.288	2345	47660	73	0	73	0	534889	534891	534891	534893	534892	534891	534893	534886	534896	534886	534892	534891	534896	534891	534888	534891	534891	534886	534891	534891
2026-06-30 10:58:17.308	2346	47680	73	0	73	0	534890	534893	534891	534886	534891	534893	534891	534886	534896	534887	534891	534895	534886	534893	534891	534891	534891	534887	534892	534886
2026-06-30 10:58:17.329	2347	47700	73	0	73	0	534891	534891	534891	534886	534893	534891	534891	534891	534893	534891	534891	534891	534887	534891	534896	534894	534891	534886	534896	534891
2026-06-30 10:58:17.349	2348	47721	73	0	73	0	534889	534892	534891	534887	534891	534891	534891	534888	534886	534891	534888	534885	534891	534886	534882	534886	534891	534891	534886	534891
2026-06-30 10:58:17.369	2349	47741	73	0	73	0	534894	534891	534887	534891	534891	534886	534893	534891	534891	534887	534891	534891	534891	534893	534886	534891	534892	534891	534891	534891
2026-06-30 10:58:17.390	2350	47761	73	0	73	0	534889	534893	534891	534891	534892	534896	534891	534891	534891	534896	534891	534891	534893	534896	534896	534886	534896	534891	534891	534893
2026-06-30 10:58:17.410	2351	47782	73	0	73	0	534894	534892	534896	534893	534896	534891	534896	534894	534896	534896	534891	534892	534897	534891	534891	534893	534896	534886	534887	534891
2026-06-30 10:58:17.430	2352	47802	73	0	73	0	534889	534896	534888	534891	534891	534896	534891	534886	534891	534891	534891	534886	534891	534891	534892	534886	534891	534891	534886	534886
2026-06-30 10:58:17.451	2353	47822	73	0	73	0	534890	534887	534891	534886	534886	534887	534886	534886	534888	534891	534896	534891	534887	534891	534886	534891	534891	534891	534898	534891
2026-06-30 10:58:17.471	2354	47842	73	0	73	0	534891	534896	534886	534896	534893	534891	534886	534888	534891	534891	534891	534893	534886	534896	534891	534893	534891	534891	534891	534888
2026-06-30 10:58:17.491	2355	47863	73	0	73	0	534894	534886	534893	534891	534891	534886	534886	534891	534891	534891	534891	534886	534891	534891	534887	534886	534886	534886	534883	534886
2026-06-30 10:58:17.512	2356	47883	73	0	73	0	534884	534888	534891	534886	534891	534887	534886	534886	534886	534886	534885	534886	534891	534888	534886	534891	534887	534891	534891	534891
2026-06-30 10:58:17.532	2357	47903	73	0	73	0	534886	534891	534891	534886	534887	534891	534886	534892	534891	534886	534891	534895	534891	534886	534891	534887	534886	534886	534891	534883
2026-06-30 10:58:17.552	2358	47924	73	0	73	0	534879	534886	534891	534886	534886	534891	534883	534891	534891	534892	534886	534891	534891	534886	534893	534891	534886	534886	534883	534886
2026-06-30 10:58:17.573	2359	47944	73	0	73	0	534885	534886	534882	534886	534886	534888	534886	534886	534886	534886	534886	534891	534886	534887	534886	534886	534881	534893	534880	534886
2026-06-30 10:58:17.593	2360	47964	73	0	73	0	534881	534886	534886	534886	534887	534886	534886	534881	534886	534886	534880	534891	534882	534891	534886	534886	534887	534886	534880	534883
2026-06-30 10:58:17.613	2361	47985	73	0	73	0	534884	534886	534886	534887	534886	534886	534880	534886	534880	534886	534879	534887	534880	534881	534883	534880	534886	534886	534882	534880
2026-06-30 10:58:17.634	2362	48005	73	0	73	0	534890	534880	534888	534886	534886	534881	534887	534891	534886	534893	534891	534886	534891	534886	534896	534886	534891	534888	534891	534896
2026-06-30 10:58:17.654	2363	48025	73	0	73	0	534889	534888	534886	534891	534883	534891	534891	534881	534893	534886	534891	534890	534886	534892	534886	534891	534893	534886	534891	534886
2026-06-30 10:58:17.674	2364	48046	73	0	73	0	534886	534891	534891	534882	534886	534880	534886	534887	534886	534886	534891	534886	534886	534891	534891	534883	534886	534886	534889	534886
2026-06-30 10:58:17.694	2365	48066	73	0	73	0	534889	534886	534888	534886	534886	534886	534887	534891	534886	534886	534886	534891	534891	534888	534886	534886	534892	534882	534886	534891
2026-06-30 10:58:17.715	2366	48086	73	0	73	0	534894	534883	534886	534886	534896	534893	534891	534886	534889	534891	534885	534886	534888	534891	534881	534886	534887	534886	534886	534886
2026-06-30 10:58:17.735	2367	48107	73	0	73	0	534881	534886	534886	534886	534887	534891	534891	534888	534880	534886	534886	534886	534886	534886	534886	534883	534886	534880	534886	534887
2026-06-30 10:58:17.755	2368	48127	73	0	73	0	534889	534886	534887	534886	534880	534891	534887	534886	534886	534886	534886	534880	534891	534886	534887	534886	534891	534888	534891	534886
2026-06-30 10:58:17.776	2369	48147	73	0	73	0	534890	534882	534886	534886	534886	534888	534886	534891	534880	534888	534891	534886	534886	534891	534886	534891	534893	534886	534886	534886
2026-06-30 10:58:17.796	2370	48168	73	0	73	0	534886	534886	534886	534886	534887	534886	534886	534886	534893	534886	534891	534886	534891	534886	534891	534888	534891	534886	534886	534887
2026-06-30 10:58:17.816	2371	48188	73	0	73	0	534889	534881	534886	534887	534886	534886	534888	534886	534891	534892	534890	534886	534891	534886	534883	534886	534880	534886	534882	534886
2026-06-30 10:58:17.837	2372	48208	73	0	73	0	534885	534886	534887	534891	534886	534883	534880	534886	534886	534891	534886	534880	534891	534882	534886	534886	534886	534887	534886	534886
2026-06-30 10:58:17.857	2373	48229	73	0	73	0	534891	534886	534886	534886	534887	534886	534891	534886	534886	534881	534885	534886	534882	534886	534886	534883	534886	534886	534886	534893
2026-06-30 10:58:17.877	2374	48249	73	0	73	0	534884	534892	534886	534882	534891	534886	534886	534891	534891	534891	534886	534898	534891	534886	534893	534891	534886	534892	534893	534886
2026-06-30 10:58:17.898	2375	48269	73	0	73	0	534894	534891	534893	534892	534891	534891	534893	534891	534891	534888	534895	534886	534896	534888	534891	534886	534891	534887	534891	534891
2026-06-30 10:58:17.918	2376	48290	73	0	73	0	534889	534886	534886	534891	534888	534886	534891	534886	534893	534891	534891	534890	534888	534891	534891	534891	534886	534892	534886	534891
2026-06-30 10:58:17.938	2377	48310	73	0	73	0	534891	534886	534891	534894	534891	534891	534886	534888	534891	534886	534891	534887	534886	534886	534886	534883	534886	534891	534883	534886
2026-06-30 10:58:17.959	2378	48330	73	0	73	0	534884	534886	534888	534886	534880	534886	534886	534886	534891	534886	534886	534886	534891	534886	534886	534886	534891	534886	534886	534891
2026-06-30 10:58:17.979	2379	48350	73	0	73	0	534889	534882	534891	534881	534886	534887	534886	534886	534886	534888	534879	534886	534883	534886	534886	534886	534886	534891	534891	534886
2026-06-30 10:58:17.999	2380	48371	73	0	73	0	534892	534891	534886	534886	534891	534891	534886	534886	534891	534886	534886	534892	534881	534891	534886	534882	534891	534886	534886	534882
2026-06-30 10:58:18.020	2381	48391	73	0	73	0	534889	534886	534889	534886	534880	534886	534887	534886	534886	534886	534886	534886	534891	534886	534888	534891	534886	534886	534883	534891
2026-06-30 10:58:18.040	2382	48411	73	0	73	0	534885	534887	534886	534886	534886	534883	534891	534891	534891	534887	534891	534885	534886	534887	534886	534886	534888	534891	534886	534881
2026-06-30 10:58:18.060	2383	48432	73	0	73	0	534886	534880	534886	534886	534888	534880	534886	534886	534887	534880	534886	534886	534893	534886	534886	534886	534892	534891	534886	534893
2026-06-30 10:58:18.081	2384	48452	73	0	73	0	534890	534891	534886	534887	534886	534886	534886	534883	534891	534891	534893	534895	534896	534892	534886	534891	534886	534891	534883	534891
2026-06-30 10:58:18.101	2385	48472	73	0	73	0	534889	534886	534888	534891	534886	534888	534886	534886	534880	534883	534891	534891	534891	534891	534886	534891	534892	534887	534891	534886
2026-06-30 10:58:18.121	2386	48493	73	0	73	0	534896	534891	534886	534886	534893	534886	534886	534891	534888	534886	534885	534886	534891	534886	534896	534886	534893	534891	534880	534883
2026-06-30 10:58:18.141	2387	48513	73	0	73	0	534885	534886	534891	534887	534886	534886	534886	534893	534886	534891	534886	534887	534886	534891	534887	534891	534886	534886	534887	534886
2026-06-30 10:58:18.162	2388	48533	73	0	73	0	534889	534886	534888	534880	534891	534886	534887	534886	534886	534893	534891	534885	534891	534886	534886	534891	534891	534887	534886	534886
2026-06-30 10:58:18.182	2389	48554	73	0	73	0	534890	534887	534891	534886	534886	534883	534891	534891	534893	534886	534891	534891	534891	534891	534886	534891	534887	534886	534891	534891
2026-06-30 10:58:18.202	2390	48574	73	0	73	0	534886	534891	534891	534888	534892	534891	534891	534893	534891	534891	534891	534882	534891	534886	534886	534894	534891	534891	534886	534887
2026-06-30 10:58:18.223	2391	48594	73	0	73	0	534885	534886	534893	534886	534886	534886	534883	534886	534892	534891	534887	534885	534886	534891	534887	534886	534886	534888	534880	534886
2026-06-30 10:58:18.243	2392	48615	74	0	74	0	534884	534882	534891	534886	534886	534887	534891	534891	534891	534893	534886	534891	534888	534891	534891	534881	534893	534886	534886	534886
2026-06-30 10:58:18.263	2393	48635	74	0	74	0	534892	534891	534891	534891	534891	534886	534886	534891	534888	534891	534886	534892	534886	534880	534886	534888	534891	534886	534891	534893
2026-06-30 10:58:18.283	2394	48655	74	0	74	0	534884	534891	534886	534893	534886	534891	534887	534891	534891	534886	534895	534891	534896	534886	534894	534886	534891	534886	534893	534891
2026-06-30 10:58:18.304	2395	48675	74	0	74	0	534890	534893	534891	534891	534891	534893	534896	534892	534891	534891	534896	534891	534891	534887	534891	534891	534891	534894	534891	534891
2026-06-30 10:58:18.324	2396	48696	74	0	74	0	534891	534886	534891	534886	534887	534891	534891	534886	534892	534891	534891	534890	534888	534880	534881	534888	534886	534891	534886	534888
2026-06-30 10:58:18.345	2397	48716	74	0	74	0	534890	534891	534891	534887	534891	534891	534886	534891	534886	534891	534893	534891	534891	534896	534893	534891	534891	534891	534893	534886
2026-06-30 10:58:18.365	2398	48736	74	0	74	0	534889	534891	534887	534891	534891	534889	534886	534891	534886	534887	534891	534891	534886	534893	534891	534886	534886	534893	534886	534886
2026-06-30 10:58:18.385	2399	48757	74	0	74	0	534889	534893	534886	534892	534893	534896	534896	534891	534897	534886	534895	534891	534888	534891	534892	534891	534893	534886	534891	534893
2026-06-30 10:58:18.406	2400	48777	74	0	74	0	534890	534891	534891	534887	534886	534891	534891	534886	534891	534886	534891	534881	534892	534886	534883	534886	534886	534886	534887	534886
2026-06-30 10:58:18.426	2401	48797	74	0	74	0	534884	534891	534887	534886	534880	534886	534886	534886	534886	534886	534887	534880	534880	534883	534886	534886	534880	534888	534886	534891
2026-06-30 10:58:18.446	2402	48818	74	0	74	0	534885	534882	534886	534886	534886	534893	534891	534886	534888	534886	534886	534895	534892	534891	534891	534891	534893	534891	534896	534886
2026-06-30 10:58:18.467	2403	48838	74	0	74	0	534894	534886	534891	534891	534891	534892	534891	534891	534891	534886	534886	534887	534891	534886	534891	534886	534891	534886	534883	534886
2026-06-30 10:58:18.487	2404	48858	74	0	74	0	534889	534886	534887	534886	534892	534886	534887	534891	534886	534886	534887	534891	534886	534891	534887	534891	534886	534894	534886	534886
2026-06-30 10:58:18.507	2405	48879	74	0	74	0	534884	534887	534886	534886	534891	534887	534886	534891	534886	534891	534886	534890	534888	534892	534891	534886	534887	534886	534886	534881
2026-06-30 10:58:18.528	2406	48899	74	0	74	0	534886	534886	534886	534886	534883	534886	534891	534891	534893	534886	534886	534887	534886	534891	534886	534888	534886	534886	534886	534887
2026-06-30 10:58:18.548	2407	48919	74	0	74	0	534889	534886	534886	534888	534886	534886	534882	534886	534886	534886	534885	534891	534886	534891	534883	534886	534886	534886	534883	534891
2026-06-30 10:58:18.568	2408	48940	74	0	74	0	534890	534893	534891	534886	534891	534888	534886	534886	534891	534896	534886	534890	534892	534887	534886	534886	534888	534886	534886	534891
2026-06-30 10:58:18.589	2409	48960	74	0	74	0	534886	534891	534891	534886	534888	534886	534886	534886	534893	534886	534891	534891	534887	534896	534886	534887	534891	534886	534886	534893
2026-06-30 10:58:18.609	2410	48980	74	0	74	0	534890	534891	534891	534887	534891	534891	534886	534894	534886	534886	534893	534890	534886	534891	534893	534891	534891	534891	534894	534891
2026-06-30 10:58:18.629	2411	49001	74	0	74	0	534889	534891	534887	534891	534892	534891	534882	534886	534880	534888	534886	534886	534886	534883	534891	534886	534886	534886	534886	534886
2026-06-30 10:58:18.649	2412	49021	74	0	74	0	534889	534894	534886	534891	534887	534891	534886	534892	534888	534891	534886	534890	534888	534891	534886	534891	534891	534886	534891	534888
2026-06-30 10:58:18.670	2413	49041	74	0	74	0	534895	534891	534891	534887	534891	534892	534891	534887	534886	534891	534886	534893	534886	534891	534891	534887	534892	534891	534887	534891
2026-06-30 10:58:18.690	2414	49062	74	0	74	0	534889	534891	534888	534886	534891	534886	534887	534891	534886	534891	534886	534886	534891	534888	534891	534891	534886	534886	534886	534891
2026-06-30 10:58:18.710	2415	49082	74	0	74	0	534885	534887	534891	534892	534891	534893	534886	534891	534891	534887	534891	534891	534887	534891	534891	534891	534886	534886	534886	534886
2026-06-30 10:58:18.731	2416	49102	74	0	74	0	534886	534892	534891	534886	534896	534891	534886	534892	534891	534886	534891	534886	534892	534886	534896	534893	534891	534896	534886	534887
2026-06-30 10:58:18.751	2417	49122	74	0	74	0	534889	534891	534889	534891	534886	534891	534896	534891	534891	534891	534891	534896	534886	534891	534893	534891	534892	534891	534893	534891
2026-06-30 10:58:18.771	2418	49143	74	0	74	0	534889	534893	534886	534886	534891	534887	534891	534880	534886	534886	534886	534890	534880	534889	534886	534886	534887	534886	534886	534886
2026-06-30 10:58:18.792	2419	49163	74	0	74	0	534881	534886	534886	534886	534883	534891	534886	534886	534886	534886	534891	534886	534886	534886	534886	534886	534886	534892	534891	534887
2026-06-30 10:58:18.812	2420	49183	74	0	74	0	534889	534896	534892	534887	534896	534886	534891	534893	534886	534886	534892	534891	534891	534891	534892	534886	534891	534886	534887	534891
2026-06-30 10:58:18.832	2421	49204	74	0	74	0	534885	534891	534887	534886	534886	534893	534886	534886	534892	534882	534886	534891	534886	534882	534891	534886	534891	534888	534886	534886
2026-06-30 10:58:18.852	2422	49224	74	0	74	0	534889	534893	534886	534891	534888	534891	534891	534891	534888	534891	534891	534891	534893	534891	534891	534892	534893	534891	534891	534893
2026-06-30 10:58:18.873	2423	49244	74	0	74	0	534894	534892	534891	534893	534891	534891	534891	534894	534896	534891	534891	534887	534891	534891	534888	534886	534891	534891	534888	534891
2026-06-30 10:58:18.893	2424	49265	74	0	74	0	534885	534891	534887	534891	534891	534886	534888	534891	534886	534886	534887	534891	534891	534887	534891	534896	534891	534893	534896	534892
2026-06-30 10:58:18.913	2425	49285	74	0	74	0	534886	534890	534896	534886	534891	534887	534886	534891	534893	534891	534896	534891	534898	534891	534891	534897	534893	534891	534891	534891
2026-06-30 10:58:18.934	2426	49305	74	0	74	0	534892	534891	534891	534893	534886	534892	534891	534891	534891	534891	534891	534892	534886	534896	534891	534893	534891	534891	534889	534890
2026-06-30 10:58:18.954	2427	49326	74	0	74	0	534890	534886	534893	534886	534892	534886	534891	534886	534891	534891	534891	534891	534891	534891	534896	534891	534891	534886	534891	534891
2026-06-30 10:58:18.974	2428	49346	74	0	74	0	534889	534888	534891	534891	534897	534893	534891	534891	534886	534893	534886	534891	534893	534886	534891	534886	534888	534886	534886	534891
2026-06-30 10:58:18.995	2429	49366	74	0	74	0	534886	534886	534886	534886	534882	534886	534886	534888	534891	534891	534886	534886	534891	534880	534886	534891	534886	534891	534892	534893
2026-06-30 10:58:19.015	2430	49387	74	0	74	0	534889	534891	534886	534893	534886	534891	534887	534891	534891	534886	534887	534891	534891	534886	534893	534891	534891	534886	534893	534886
2026-06-30 10:58:19.035	2431	49407	74	0	74	0	534889	534893	534891	534891	534896	534894	534891	534891	534891	534891	534891	534891	534891	534887	534886	534891	534893	534892	534891	534896
2026-06-30 10:58:19.056	2432	49427	74	0	74	0	534891	534891	534886	534892	534887	534886	534886	534880	534891	534886	534890	534891	534891	534891	534886	534891	534896	534891	534896	534893
2026-06-30 10:58:19.076	2433	49447	74	0	74	0	534895	534891	534896	534891	534891	534891	534892	534887	534896	534891	534887	534891	534891	534891	534887	534891	534891	534892	534887	534891
2026-06-30 10:58:19.096	2434	49468	74	0	74	0	534889	534896	534889	534891	534891	534893	534891	534896	534891	534893	534891	534896	534891	534886	534891	534892	534886	534887	534891	534891
2026-06-30 10:58:19.117	2435	49488	74	0	74	0	534890	534887	534891	534891	534898	534891	534896	534892	534887	534891	534891	534885	534886	534891	534886	534891	534886	534891	534886	534886
2026-06-30 10:58:19.137	2436	49508	74	0	74	0	534885	534886	534886	534887	534891	534880	534886	534887	534880	534880	534886	534882	534880	534886	534884	534886	534891	534886	534880	534886
2026-06-30 10:58:19.157	2437	49529	74	0	74	0	534885	534886	534887	534886	534880	534886	534886	534886	534886	534886	534887	534886	534891	534887	534886	534891	534886	534887	534891	534886
2026-06-30 10:58:19.178	2438	49549	74	0	74	0	534890	534893	534886	534891	534891	534891	534891	534897	534888	534891	534891	534885	534888	534886	534881	534886	534887	534880	534891	534886
2026-06-30 10:58:19.198	2439	49569	74	0	74	0	534886	534896	534891	534883	534891	534891	534892	534893	534886	534891	534891	534893	534891	534886	534896	534887	534891	534891	534886	534893
2026-06-30 10:58:19.218	2440	49590	74	0	74	0	534889	534891	534893	534886	534886	534886	534886	534891	534886	534886	534887	534891	534891	534891	534887	534886	534892	534883	534891	534891
2026-06-30 10:58:19.239	2441	49610	74	0	74	0	534889	534888	534891	534891	534891	534891	534891	534891	534892	534887	534890	534891	534893	534891	534892	534891	534893	534886	534891	534886
2026-06-30 10:58:19.259	2442	49630	74	0	74	0	534892	534886	534891	534891	534891	534886	534881	534891	534893	534891	534891	534893	534891	534891	534886	534893	534886	534886	534891	534891
2026-06-30 10:58:19.279	2443	49651	74	0	74	0	534889	534892	534891	534887	534891	534886	534888	534891	534897	534891	534887	534885	534886	534892	534887	534891	534891	534891	534892	534886
2026-06-30 10:58:19.299	2444	49671	74	0	74	0	534894	534888	534886	534896	534886	534888	534886	534886	534886	534887	534891	534886	534891	534887	534886	534891	534892	534887	534891	534891
2026-06-30 10:58:19.320	2445	49691	74	0	74	0	534886	534891	534891	534886	534888	534891	534891	534886	534892	534886	534880	534890	534888	534891	534891	534888	534891	534886	534886	534888
2026-06-30 10:58:19.340	2446	49712	74	0	74	0	534884	534886	534891	534887	534892	534891	534891	534893	534891	534886	534886	534887	534891	534891	534887	534886	534891	534886	534891	534896
2026-06-30 10:58:19.360	2447	49732	74	0	74	0	534889	534896	534888	534886	534891	534891	534887	534891	534886	534893	534886	534891	534891	534883	534891	534892	534891	534886	534886	534891
2026-06-30 10:58:19.381	2448	49752	74	0	74	0	534889	534888	534886	534891	534893	534886	534886	534886	534883	534886	534890	534891	534888	534886	534886	534896	534886	534891	534886	534888
2026-06-30 10:58:19.401	2449	49773	74	0	74	0	534885	534886	534891	534887	534891	534886	534892	534887	534891	534891	534891	534893	534891	534891	534891	534893	534891	534891	534888	534891
2026-06-30 10:58:19.421	2450	49793	74	0	74	0	534889	534891	534888	534886	534886	534891	534887	534886	534892	534891	534898	534890	534891	534899	534891	534891	534891	534880	534886	534886
2026-06-30 10:58:19.442	2451	49813	74	0	74	0	534889	534887	534891	534891	534886	534887	534891	534891	534886	534893	534891	534891	534887	534886	534891	534886	534892	534886	534891	534891
2026-06-30 10:58:19.462	2452	49833	74	0	74	0	534892	534886	534891	534891	534891	534886	534891	534891	534886	534891	534891	534892	534881	534891	534886	534887	534891	534891	534897	534893
2026-06-30 10:58:19.482	2453	49854	74	0	74	0	534894	534891	534893	534891	534891	534892	534896	534896	534896	534897	534895	534896	534891	534896	534888	534892	534891	534896	534893	534896
2026-06-30 10:58:19.503	2454	49874	74	0	74	0	534890	534893	534896	534891	534891	534893	534892	534896	534891	534891	534891	534896	534891	534891	534891	534891	534896	534892	534896	534896
2026-06-30 10:58:19.523	2455	49894	74	0	74	0	534891	534897	534891	534896	534891	534891	534886	534891	534893	534886	534895	534888	534891	534896	534892	534898	534891	534891	534891	534896
2026-06-30 10:58:19.543	2456	49915	74	0	74	0	534890	534896	534891	534898	534896	534896	534892	534893	534896	534901	534887	534896	534896	534896	534888	534896	534892	534891	534891	534896
2026-06-30 10:58:19.564	2457	49935	74	0	74	0	534889	534892	534893	534891	534886	534887	534896	534886	534896	534893	534891	534890	534892	534893	534891	534896	534891	534894	534891	534896
2026-06-30 10:58:19.584	2458	49955	74	0	74	0	534891	534891	534891	534892	534893	534891	534891	534886	534891	534891	534886	534891	534893	534891	534891	534892	534893	534896	534891	534893
2026-06-30 10:58:19.604	2459	49976	75	0	75	0	534890	534896	534896	534893	534891	534896	534892	534891	534891	534896	534886	534893	534891	534896	534888	534891	534892	534896	534891	534891
2026-06-30 10:58:19.625	2460	49996	75	0	75	0	534889	534892	534893	534891	534891	534891	534893	534891	534896	534893	534891	534891	534896	534893	534897	534891	534891	534891	534891	534891
2026-06-30 10:58:19.645	2461	50016	75	0	75	0	534895	534887	534891	534891	534891	534886	534891	534891	534892	534896	534891	534890	534894	534891	534891	534886	534896	534891	534896	534892
2026-06-30 10:58:19.665	2462	50037	75	0	75	0	534886	534891	534886	534887	534886	534886	534891	534887	534896	534891	534891	534887	534891	534896	534896	534892	534891	534891	534893	534886
2026-06-30 10:58:19.685	2463	50057	75	0	75	0	534894	534891	534887	534892	534891	534891	534893	534891	534886	534891	534887	534886	534891	534891	534887	534886	534891	534893	534891	534891
2026-06-30 10:58:19.706	2464	50077	75	0	75	0	534895	534893	534891	534891	534896	534888	534891	534892	534886	534888	534896	534890	534894	534896	534891	534891	534896	534896	534892	534896
2026-06-30 10:58:19.726	2465	50098	75	0	75	0	534896	534896	534892	534891	534896	534896	534896	534893	534896	534892	534890	534893	534891	534891	534886	534893	534891	534891	534891	534891
2026-06-30 10:58:19.747	2466	50118	75	0	75	0	534890	534891	534893	534891	534896	534886	534893	534891	534892	534891	534887	534890	534891	534897	534893	534891	534891	534891	534893	534891
2026-06-30 10:58:19.767	2467	50138	75	0	75	0	534890	534898	534891	534891	534891	534893	534886	534896	534897	534893	534891	534891	534896	534888	534891	534891	534888	534891	534886	534886
2026-06-30 10:58:19.787	2468	50159	75	0	75	0	534891	534891	534891	534891	534894	534891	534886	534891	534893	534891	534896	534898	534891	534891	534886	534892	534891	534891	534896	534891
2026-06-30 10:58:19.807	2469	50179	75	0	75	0	534889	534891	534897	534887	534891	534891	534896	534896	534892	534891	534891	534895	534891	534892	534893	534891	534896	534891	534894	534896
2026-06-30 10:58:19.828	2470	50199	75	0	75	0	534889	534896	534893	534891	534892	534893	534891	534891	534891	534891	534896	534891	534891	534893	534891	534886	534891	534887	534896	534891
2026-06-30 10:58:19.848	2471	50220	75	0	75	0	534886	534891	534891	534891	534887	534891	534891	534896	534891	534897	534895	534886	534893	534891	534886	534891	534887	534886	534891	534893
2026-06-30 10:58:19.868	2472	50240	75	0	75	0	534889	534892	534891	534893	534891	534886	534886	534891	534886	534891	534891	534892	534892	534891	534893	534886	534891	534891	534888	534891
2026-06-30 10:58:19.889	2473	50260	75	0	75	0	534894	534891	534893	534892	534891	534891	534891	534891	534891	534888	534891	534891	534891	534893	534891	534891	534897	534893	534891	534891
2026-06-30 10:58:19.909	2474	50280	75	0	75	0	534894	534887	534886	534891	534896	534887	534891	534896	534894	534891	534890	534896	534888	534892	534891	534891	534886	534886	534891	534891
2026-06-30 10:58:19.929	2475	50301	75	0	75	0	534886	534891	534886	534887	534886	534892	534886	534887	534886	534896	534891	534893	534886	534891	534891	534891	534891	534886	534893	534891
2026-06-30 10:58:19.950	2476	50321	75	0	75	0	534894	534891	534893	534891	534886	534891	534893	534886	534896	534891	534887	534886	534891	534891	534888	534886	534892	534893	534891	534886
2026-06-30 10:58:19.970	2477	50341	75	0	75	0	534884	534893	534886	534892	534886	534887	534891	534891	534892	534893	534886	534890	534888	534891	534886	534886	534886	534886	534891	534881
2026-06-30 10:58:19.990	2478	50362	75	0	75	0	534891	534886	534886	534891	534888	534886	534886	534888	534891	534886	534891	534887	534891	534896	534891	534896	534892	534886	534891	534891
2026-06-30 10:58:20.011	2479	50382	75	0	75	0	534894	534891	534888	534897	534891	534891	534893	534891	534891	534892	534892	534891	534891	534886	534899	534891	534886	534891	534887	534891
2026-06-30 10:58:20.031	2480	50402	75	0	75	0	534890	534893	534891	534891	534896	534893	534891	534896	534892	534898	534891	534890	534892	534891	534891	534891	534893	534891	534891	534891
2026-06-30 10:58:20.051	2481	50423	75	0	75	0	534889	534892	534891	534891	534891	534891	534886	534891	534893	534886	534896	534887	534891	534886	534891	534887	534886	534891	534886	534886
2026-06-30 10:58:20.072	2482	50443	75	0	75	0	534889	534886	534896	534889	534886	534891	534886	534887	534886	534891	534887	534891	534891	534891	534887	534886	534892	534891	534886	534886
2026-06-30 10:58:20.092	2483	50463	75	0	75	0	534889	534891	534888	534886	534891	534887	534886	534891	534891	534893	534896	534891	534891	534887	534891	534896	534892	534893	534896	534896
2026-06-30 10:58:20.112	2484	50484	75	0	75	0	534892	534896	534891	534896	534893	534891	534886	534892	534893	534891	534891	534895	534892	534896	534891	534896	534888	534886	534892	534893
2026-06-30 10:58:20.133	2485	50504	75	0	75	0	534889	534886	534891	534894	534891	534886	534891	534887	534891	534886	534886	534892	534891	534886	534893	534891	534891	534891	534896	534892
2026-06-30 10:58:20.153	2486	50524	75	0	75	0	534889	534891	534887	534891	534891	534886	534893	534896	534891	534893	534891	534891	534891	534887	534886	534891	534880	534881	534886	534880
2026-06-30 10:58:20.173	2487	50545	75	0	75	0	534889	534883	534891	534886	534886	534893	534886	534886	534888	534891	534886	534890	534883	534886	534886	534891	534886	534886	534881	534886
2026-06-30 10:58:20.194	2488	50565	75	0	75	0	534886	534891	534886	534888	534886	534886	534886	534882	534886	534886	534886	534887	534886	534891	534886	534886	534891	534891	534886	534893
2026-06-30 10:58:20.214	2489	50585	75	0	75	0	534884	534892	534893	534891	534891	534891	534887	534886	534886	534891	534886	534886	534886	534886	534887	534891	534891	534882	534891	534886
2026-06-30 10:58:20.234	2490	50606	75	0	75	0	534885	534887	534886	534886	534886	534887	534886	534886	534886	534888	534886	534886	534888	534886	534891	534891	534886	534892	534891	534886
2026-06-30 10:58:20.254	2491	50626	75	0	75	0	534896	534886	534886	534891	534882	534891	534886	534886	534887	534886	534886	534881	534886	534891	534886	534891	534886	534891	534886	534886
2026-06-30 10:58:20.275	2492	50646	75	0	75	0	534889	534886	534891	534883	534891	534886	534888	534891	534886	534891	534887	534886	534886	534880	534888	534886	534886	534886	534886	534886
2026-06-30 10:58:20.295	2493	50667	75	0	75	0	534889	534894	534891	534891	534891	534894	534892	534891	534891	534887	534891	534886	534886	534882	534886	534891	534883	534886	534886	534880
2026-06-30 10:58:20.315	2494	50687	75	0	75	0	534891	534886	534886	534891	534887	534891	534886	534891	534887	534891	534891	534891	534887	534886	534886	534892	534886	534891	534891	534893
2026-06-30 10:58:20.336	2495	50707	75	0	75	0	534885	534891	534886	534887	534886	534891	534881	534893	534886	534886	534887	534880	534891	534886	534887	534891	534886	534880	534884	534886
2026-06-30 10:58:20.356	2496	50727	75	0	75	0	534889	534886	534888	534886	534881	534888	534891	534886	534891	534887	534891	534886	534891	534887	534891	534886	534892	534887	534886	534886
2026-06-30 10:58:20.376	2497	50748	75	0	75	0	534894	534888	534891	534891	534893	534891	534886	534891	534887	534886	534891	534890	534888	534886	534886	534886	534886	534886	534886	534888
2026-06-30 10:58:20.397	2498	50768	75	0	75	0	534889	534891	534886	534882	534891	534891	534886	534894	534886	534891	534891	534886	534892	534886	534886	534887	534891	534891	534888	534886
2026-06-30 10:58:20.417	2499	50788	75	0	75	0	534889	534886	534888	534891	534886	534891	534886	534886	534891	534886	534887	534886	534886	534893	534886	534891	534892	534887	534891	534891
2026-06-30 10:58:20.437	2500	50809	75	0	75	0	534894	534888	534896	534896	534891	534891	534891	534886	534888	534891	534891	534895	534888	534891	534896	534896	534893	534891	534891	534892
2026-06-30 10:58:20.457	2501	50829	75	0	75	0	534896	534891	534891	534886	534893	534891	534891	534893	534896	534892	534895	534893	534891	534896	534891	534894	534896	534896	534891	534887
2026-06-30 10:58:20.478	2502	50849	75	0	75	0	534890	534891	534893	534891	534891	534891	534886	534891	534892	534891	534891	534890	534891	534892	534898	534891	534886	534891	534887	534891
2026-06-30 10:58:20.498	2503	50869	75	0	75	0	534890	534893	534886	534891	534891	534894	534886	534896	534886	534893	534886	534886	534896	534887	534891	534891	534888	534891	534886	534891
2026-06-30 10:58:20.518	2504	50890	75	0	75	0	534891	534892	534891	534891	534891	534880	534891	534892	534887	534891	534891	534885	534887	534886	534892	534888	534891	534891	534886	534891
2026-06-30 10:58:20.539	2505	50910	75	0	75	0	534895	534891	534891	534893	534891	534891	534886	534893	534891	534891	534887	534891	534891	534891	534893	534891	534891	534896	534889	534896
2026-06-30 10:58:20.559	2506	50930	75	0	75	0	534889	534891	534888	534886	534881	534887	534886	534891	534891	534893	534886	534891	534891	534891	534886	534891	534892	534887	534886	534891
2026-06-30 10:58:20.579	2507	50951	75	0	75	0	534889	534887	534886	534886	534887	534891	534886	534891	534888	534886	534891	534886	534893	534886	534891	534886	534893	534891	534891	534888
2026-06-30 10:58:20.600	2508	50971	75	0	75	0	534890	534886	534891	534887	534891	534891	534886	534892	534891	534886	534891	534886	534891	534886	534893	534891	534896	534886	534893	534886
2026-06-30 10:58:20.620	2509	50991	75	0	75	0	534890	534886	534887	534891	534891	534886	534886	534886	534891	534883	534886	534890	534886	534882	534880	534886	534880	534888	534886	534886
2026-06-30 10:58:20.640	2510	51012	75	0	75	0	534889	534882	534886	534886	534886	534887	534886	534886	534882	534881	534885	534886	534882	534886	534886	534886	534882	534886	534891	534881
2026-06-30 10:58:20.661	2511	51032	75	0	75	0	534886	534886	534886	534888	534886	534886	534886	534882	534886	534886	534886	534887	534891	534880	534886	534877	534886	534880	534880	534883
2026-06-30 10:58:20.681	2512	51052	75	0	75	0	534885	534886	534882	534891	534886	534886	534887	534891	534891	534886	534887	534891	534886	534891	534882	534886	534880	534883	534886	534880
2026-06-30 10:58:20.701	2513	51073	75	0	75	0	534889	534893	534886	534886	534880	534888	534886	534891	534880	534888	534886	534891	534883	534891	534891	534886	534886	534891	534886	534891
2026-06-30 10:58:20.722	2514	51093	75	0	75	0	534886	534886	534891	534886	534886	534891	534886	534884	534890	534886	534891	534887	534886	534891	534886	534893	534891	534891	534891	534891
2026-06-30 10:58:20.742	2515	51113	75	0	75	0	534895	534886	534891	534893	534891	534886	534891	534891	534886	534891	534885	534891	534886	534886	534887	534886	534886	534891	534888	534886
2026-06-30 10:58:20.762	2516	51134	75	0	75	0	534889	534893	534891	534891	534886	534887	534886	534891	534891	534886	534886	534891	534896	534882	534886	534886	534888	534891	534886	534886
2026-06-30 10:58:20.783	2517	51154	75	0	75	0	534886	534886	534886	534886	534887	534886	534886	534891	534886	534886	534891	534885	534886	534886	534886	534886	534886	534886	534886	534886
2026-06-30 10:58:20.803	2518	51174	75	0	75	0	534885	534886	534886	534882	534886	534886	534886	534887	534886	534886	534887	534891	534886	534886	534893	534891	534886	534892	534887	534891
2026-06-30 10:58:20.823	2519	51195	75	0	75	0	534889	534880	534888	534892	534886	534888	534886	534891	534886	534893	534886	534886	534891	534886	534886	534891	534886	534887	534891	534891
2026-06-30 10:58:20.844	2520	51215	75	0	75	0	534890	534893	534891	534891	534887	534891	534891	534891	534888	534886	534891	534890	534886	534886	534891	534886	534886	534886	534891	534886
2026-06-30 10:58:20.864	2521	51235	75	0	75	0	534889	534891	534886	534888	534886	534891	534886	534886	534886	534886	534891	534887	534891	534891	534888	534891	534886	534891	534883	534891
2026-06-30 10:58:20.884	2522	51256	75	0	75	0	534884	534891	534888	534892	534891	534886	534891	534886	534886	534883	534891	534886	534886	534887	534880	534881	534886	534883	534880	534880
2026-06-30 10:58:20.905	2523	51276	75	0	75	0	534885	534887	534880	534880	534886	534887	534881	534891	534882	534886	534886	534886	534887	534886	534880	534886	534883	534886	534880	534886
2026-06-30 10:58:20.925	2524	51296	75	0	75	0	534881	534891	534886	534883	534886	534880	534881	534886	534880	534886	534886	534877	534886	534880	534886	534887	534886	534881	534888	534886
2026-06-30 10:58:20.945	2525	51317	75	0	75	0	534884	534886	534883	534886	534886	534886	534886	534886	534891	534886	534885	534886	534891	534886	534886	534886	534880	534886	534886	534886
2026-06-30 10:58:20.965	2526	51337	75	0	75	0	534885	534893	534891	534886	534891	534883	534886	534886	534886	534887	534886	534890	534884	534886	534886	534886	534886	534886	534886	534886
2026-06-30 10:58:20.986	2527	51357	76	0	76	0	534886	534880	534886	534886	534891	534886	534886	534883	534891	534886	534886	534884	534892	534886	534886	534882	534886	534886	534886	534883
2026-06-30 10:58:21.006	2528	51378	76	0	76	0	534884	534886	534888	534880	534892	534891	534882	534886	534891	534886	534882	534886	534886	534886	534887	534886	534891	534886	534893	534886
2026-06-30 10:58:21.026	2529	51398	76	0	76	0	534890	534886	534886	534880	534886	534888	534886	534886	534886	534887	534886	534886	534886	534882	534886	534886	534880	534886	534886	534886
2026-06-30 10:58:21.047	2530	51418	76	0	76	0	534880	534892	534886	534886	534891	534886	534891	534892	534887	534891	534886	534891	534882	534886	534880	534878	534886	534880	534881	534886
2026-06-30 10:58:21.067	2531	51438	76	0	76	0	534884	534891	534881	534882	534886	534886	534880	534888	534886	534881	534887	534879	534880	534881	534882	534880	534880	534886	534886	534880
2026-06-30 10:58:21.087	2532	51459	76	0	76	0	534884	534886	534888	534886	534886	534888	534891	534880	534886	534883	534885	534886	534891	534887	534886	534886	534886	534887	534886	534886
2026-06-30 10:58:21.108	2533	51479	76	0	76	0	534887	534886	534886	534886	534882	534892	534886	534886	534891	534886	534891	534886	534893	534886	534891	534891	534888	534886	534886	534882
2026-06-30 10:58:21.128	2534	51499	76	0	76	0	534889	534886	534886	534888	534886	534891	534886	534880	534880	534881	534886	534890	534886	534886	534891	534891	534891	534891	534891	534886
2026-06-30 10:58:21.148	2535	51520	76	0	76	0	534890	534886	534887	534891	534891	534881	534888	534886	534886	534888	534886	534886	534886	534888	534886	534886	534891	534887	534891	534891
2026-06-30 10:58:21.169	2536	51540	76	0	76	0	534889	534892	534891	534886	534888	534891	534886	534886	534888	534891	534891	534885	534894	534886	534891	534886	534888	534896	534892	534891
2026-06-30 10:58:21.189	2537	51561	76	0	76	0	534891	534896	534891	534894	534891	534886	534891	534886	534891	534892	534890	534893	534886	534891	534892	534887	534886	534896	534888	534891
2026-06-30 10:58:21.209	2538	51581	76	0	76	0	534890	534886	534893	534891	534896	534892	534886	534891	534891	534886	534886	534891	534886	534896	534886	534891	534891	534886	534886	534886
2026-06-30 10:58:21.230	2539	51601	76	0	76	0	534889	534882	534886	534892	534886	534882	534886	534891	534886	534887	534886	534885	534888	534892	534886	534886	534886	534886	534891	534891
2026-06-30 10:58:21.250	2540	51621	76	0	76	0	534892	534886	534880	534886	534886	534891	534886	534888	534886	534891	534886	534887	534891	534891	534886	534887	534886	534892	534886	534893
2026-06-30 10:58:21.270	2541	51642	76	0	76	0	534884	534891	534889	534891	534891	534891	534887	534891	534891	534891	534887	534891	534886	534886	534886	534880	534886	534880	534882	534886
2026-06-30 10:58:21.291	2542	51662	76	0	76	0	534879	534888	534886	534886	534891	534893	534886	534886	534891	534887	534886	534890	534886	534887	534891	534891	534883	534886	534886	534886
2026-06-30 10:58:21.311	2543	51682	76	0	76	0	534886	534886	534886	534886	534888	534886	534886	534886	534893	534886	534891	534883	534891	534891	534886	534891	534891	534886	534892	534887
2026-06-30 10:58:21.331	2544	51703	76	0	76	0	534889	534891	534886	534888	534891	534886	534886	534887	534886	534891	534887	534880	534891	534886	534887	534886	534891	534891	534893	534886
2026-06-30 10:58:21.352	2545	51723	76	0	76	0	534894	534886	534887	534886	534886	534888	534886	534892	534891	534887	534891	534885	534886	534887	534886	534891	534886	534888	534886	534880
2026-06-30 10:58:21.372	2546	51743	76	0	76	0	534886	534891	534886	534891	534888	534891	534886	534891	534887	534891	534891	534891	534898	534891	534886	534891	534893	534891	534891	534887
2026-06-30 10:58:21.392	2547	51764	76	0	76	0	534890	534886	534891	534887	534891	534886	534891	534888	534891	534886	534886	534886	534896	534891	534888	534896	534896	534892	534893	534891
2026-06-30 10:58:21.412	2548	51784	76	0	76	0	534884	534891	534887	534892	534886	534896	534891	534886	534886	534886	534892	534891	534891	534893	534891	534886	534886	534887	534891	534896
2026-06-30 10:58:21.433	2549	51804	76	0	76	0	534890	534898	534896	534896	534891	534894	534896	534901	534893	534896	534891	534891	534898	534891	534891	534896	534892	534891	534896	534891
2026-06-30 10:58:21.453	2550	51825	76	0	76	0	534896	534892	534891	534888	534891	534896	534891	534888	534891	534891	534891	534892	534891	534886	534886	534891	534886	534886	534886	534888
2026-06-30 10:58:21.474	2551	51845	76	0	76	0	534890	534886	534887	534891	534886	534891	534888	534886	534891	534886	534893	534886	534891	534891	534887	534891	534886	534883	534891	534886
2026-06-30 10:58:21.494	2552	51865	76	0	76	0	534889	534888	534892	534891	534886	534891	534891	534886	534892	534887	534886	534885	534889	534885	534886	534886	534887	534891	534891	534891
2026-06-30 10:58:21.514	2553	51885	76	0	76	0	534892	534891	534886	534891	534896	534886	534891	534886	534893	534891	534891	534887	534891	534886	534891	534887	534886	534886	534881	534886
2026-06-30 10:58:21.534	2554	51906	76	0	76	0	534889	534886	534886	534889	534886	534886	534883	534891	534886	534886	534887	534886	534886	534886	534882	534886	534886	534886	534891	534886
2026-06-30 10:58:21.555	2555	51926	76	0	76	0	534889	534888	534886	534886	534891	534887	534891	534891	534886	534893	534886	534890	534886	534887	534891	534891	534886	534888	534886	534881
2026-06-30 10:58:21.575	2556	51946	76	0	76	0	534886	534891	534886	534891	534888	534886	534886	534886	534887	534886	534891	534891	534893	534891	534891	534898	534891	534892	534891	534891
2026-06-30 10:58:21.595	2557	51967	77	0	77	0	534884	534886	534886	534887	534891	534886	534886	534888	534891	534891	534888	534890	534891	534886	534893	534892	534891	534892	534893	534891
2026-06-30 10:58:21.616	2558	51987	77	0	77	0	534894	534886	534888	534891	534891	534891	534893	534891	534892	534887	534891	534890	534891	534894	534891	534891	534891	534893	534891	534886
2026-06-30 10:58:21.636	2559	52007	77	0	77	0	534890	534887	534891	534886	534888	534891	534886	534886	534887	534891	534891	534891	534893	534891	534891	534886	534896	534892	534886	534891
2026-06-30 10:58:21.656	2560	52028	77	0	77	0	534886	534891	534886	534887	534886	534886	534891	534887	534896	534892	534890	534887	534886	534886	534886	534891	534891	534891	534888	534886
2026-06-30 10:58:21.677	2561	52048	77	0	77	0	534885	534891	534887	534886	534891	534886	534888	534891	534886	534886	534887	534885	534886	534888	534881	534886	534886	534883	534886	534886
2026-06-30 10:58:21.697	2562	52068	77	0	77	0	534885	534887	534886	534886	534891	534888	534891	534891	534888	534886	534891	534886	534887	534886	534891	534886	534892	534891	534891	534891
2026-06-30 10:58:21.717	2563	52089	77	0	77	0	534896	534891	534897	534891	534893	534891	534886	534893	534896	534892	534890	534887	534896	534886	534891	534886	534891	534891	534886	534891
2026-06-30 10:58:21.738	2564	52109	77	0	77	0	534890	534891	534893	534891	534891	534892	534896	534891	534886	534891	534891	534891	534886	534891	534887	534891	534891	534884	534890	534886
2026-06-30 10:58:21.758	2565	52129	77	0	77	0	534884	534887	534891	534886	534886	534887	534891	534891	534886	534891	534886	534891	534886	534891	534886	534891	534888	534891	534891	534886
2026-06-30 10:58:21.778	2566	52150	77	0	77	0	534896	534886	534891	534891	534893	534896	534891	534892	534893	534896	534891	534890	534886	534891	534891	534891	534891	534891	534886	534887
2026-06-30 10:58:21.799	2567	52170	77	0	77	0	534889	534891	534886	534894	534886	534891	534886	534887	534886	534886	534893	534886	534891	534886	534891	534886	534886	534886	534883	534886
2026-06-30 10:58:21.819	2568	52190	77	0	77	0	534889	534886	534893	534891	534891	534893	534891	534886	534886	534887	534895	534886	534891	534888	534891	534891	534886	534893	534891	534897
2026-06-30 10:58:21.839	2569	52210	77	0	77	0	534891	534896	534886	534891	534894	534886	534891	534891	534891	534886	534891	534886	534887	534886	534891	534886	534887	534886	534886	534893
2026-06-30 10:58:21.859	2570	52231	77	0	77	0	534889	534886	534897	534887	534891	534891	534891	534886	534886	534890	534886	534893	534891	534891	534889	534891	534891	534896	534888	534886
2026-06-30 10:58:21.880	2571	52251	77	0	77	0	534890	534896	534893	534886	534891	534891	534892	534886	534891	534888	534891	534885	534892	534887	534891	534891	534891	534893	534886	534897
2026-06-30 10:58:21.900	2572	52271	77	0	77	0	534884	534893	534891	534886	534892	534887	534891	534891	534887	534886	534891	534891	534882	534891	534891	534891	534891	534886	534886	534891
2026-06-30 10:58:21.920	2573	52292	77	0	77	0	534891	534896	534891	534894	534891	534891	534891	534887	534891	534891	534891	534887	534891	534891	534891	534891	534892	534891	534891	534893
2026-06-30 10:58:21.941	2574	52312	77	0	77	0	534889	534892	534893	534886	534886	534891	534888	534891	534886	534891	534887	534890	534886	534891	534887	534886	534891	534887	534886	534892
2026-06-30 10:58:21.961	2575	52332	77	0	77	0	534889	534887	534886	534891	534892	534893	534891	534896	534891	534898	534891	534896	534888	534891	534896	534892	534891	534891	534896	534891
2026-06-30 10:58:21.981	2576	52353	77	0	77	0	534897	534891	534896	534896	534898	534891	534891	534892	534893	534891	534891	534892	534886	534891	534891	534891	534891	534891	534891	534891
2026-06-30 10:58:22.002	2577	52373	77	0	77	0	534885	534891	534886	534898	534891	534892	534893	534886	534896	534891	534887	534891	534886	534886	534893	534891	534891	534897	534893	534896
2026-06-30 10:58:22.022	2578	52393	77	0	77	0	534894	534893	534896	534897	534896	534903	534896	534891	534891	534898	534896	534901	534891	534901	534891	534896	534892	534893	534896	534896
2026-06-30 10:58:22.042	2579	52414	77	0	77	0	534892	534891	534891	534896	534893	534891	534891	534891	534888	534891	534886	534890	534894	534891	534891	534898	534891	534892	534891	534893
2026-06-30 10:58:22.062	2580	52434	77	0	77	0	534894	534891	534896	534893	534897	534891	534891	534893	534896	534891	534893	534896	534891	534891	534886	534892	534896	534886	534891	534891
2026-06-30 10:58:22.083	2581	52454	77	0	77	0	534894	534886	534893	534896	534891	534896	534891	534897	534886	534896	534891	534890	534892	534898	534886	534896	534891	534893	534892	534886
2026-06-30 10:58:22.103	2582	52475	77	0	77	0	534889	534893	534891	534891	534888	534891	534896	534891	534886	534896	534896	534891	534893	534891	534886	534891	534893	534896	534891	534888
2026-06-30 10:58:22.123	2583	52495	77	0	77	0	534895	534891	534891	534893	534896	534896	534892	534896	534891	534891	534891	534891	534891	534891	534896	534891	534892	534891	534886	534891
2026-06-30 10:58:22.144	2584	52515	77	0	77	0	534894	534892	534893	534886	534886	534891	534887	534896	534892	534891	534893	534885	534891	534888	534891	534891	534891	534896	534891	534886
2026-06-30 10:58:22.164	2585	52535	77	0	77	0	534889	534887	534886	534891	534891	534888	534886	534891	534898	534886	534891	534896	534893	534886	534891	534891	534887	534891	534897	534886
2026-06-30 10:58:22.184	2586	52556	77	0	77	0	534891	534886	534896	534886	534893	534896	534891	534893	534891	534891	534891	534896	534891	534891	534891	534897	534891	534896	534891	534886
2026-06-30 10:58:22.205	2587	52576	77	0	77	0	534895	534891	534893	534896	534891	534891	534891	534892	534891	534891	534896	534886	534891	534886	534893	534891	534891	534888	534891	534886
2026-06-30 10:58:22.225	2588	52596	77	0	77	0	534889	534893	534896	534891	534892	534893	534891	534891	534891	534891	534886	534891	534896	534891	534891	534897	534891	534891	534891	534891
2026-06-30 10:58:22.245	2589	52617	77	0	77	0	534896	534892	534896	534891	534893	534896	534891	534892	534893	534891	534896	534887	534891	534896	534886	534891	534896	534896	534892	534893
2026-06-30 10:58:22.266	2590	52637	77	0	77	0	534894	534891	534896	534889	534891	534896	534888	534891	534891	534891	534887	534891	534891	534891	534891	534892	534886	534891	534893	534891
2026-06-30 10:58:22.286	2591	52657	77	0	77	0	534894	534886	534893	534886	534896	534888	534896	534886	534896	534893	534896	534891	534896	534891	534896	534891	534891	534888	534896	534896
2026-06-30 10:58:22.306	2592	52678	77	0	77	0	534891	534897	534896	534891	534893	534901	534891	534891	534898	534892	534900	534896	534896	534892	534891	534893	534891	534886	534891	534893
2026-06-30 10:58:22.327	2593	52698	77	0	77	0	534890	534891	534891	534893	534891	534901	534896	534894	534896	534891	534893	534895	534892	534896	534898	534891	534896	534896	534892	534896
2026-06-30 10:58:22.347	2594	52718	77	0	77	0	534889	534896	534898	534896	534896	534894	534901	534891	534891	534887	534891	534891	534891	534887	534896	534896	534892	534896	534891	534896
2026-06-30 10:58:22.368	2595	52739	77	0	77	0	534890	534896	534891	534901	534898	534891	534897	534892	534893	534896	534896	534891	534893	534886	534891	534892	534891	534891	534896	534888
2026-06-30 10:58:22.388	2596	52759	77	0	77	0	534894	534897	534891	534893	534901	534896	534901	534899	534896	534901	534896	534898	534896	534896	534898	534891	534891	534892	534888	534896
2026-06-30 10:58:22.408	2597	52779	77	0	77	0	534894	534891	534894	534896	534891	534886	534896	534892	534891	534891	534887	534890	534892	534887	534891	534896	534891	534893	534891	534892
2026-06-30 10:58:22.429	2598	52800	77	0	77	0	534889	534887	534891	534891	534897	534893	534891	534891	534893	534891	534891	534896	534887	534891	534891	534886	534891	534886	534886	534891
2026-06-30 10:58:22.449	2599	52820	77	0	77	0	534891	534886	534886	534893	534896	534891	534886	534893	534891	534891	534886	534887	534886	534891	534886	534886	534891	534891	534888	534891
2026-06-30 10:58:22.469	2600	52840	77	0	77	0	534889	534891	534888	534896	534896	534896	534893	534896	534886	534891	534893	534896	534891	534891	534893	534896	534896	534893	534892	534896
2026-06-30 10:58:22.489	2601	52861	77	0	77	0	534894	534893	534886	534892	534886	534896	534891	534891	534886	534888	534891	534886	534893	534891	534896	534892	534893	534891	534896	534891
2026-06-30 10:58:22.510	2602	52881	77	0	77	0	534892	534896	534891	534891	534898	534886	534892	534887	534891	534891	534896	534898	534891	534891	534896	534893	534891	534897	534891	534893
2026-06-30 10:58:22.530	2603	52901	77	0	77	0	534889	534891	534894	534895	534892	534896	534891	534891	534891	534891	534891	534891	534896	534891	534893	534892	534891	534896	534887	534896
2026-06-30 10:58:22.550	2604	52922	77	0	77	0	534895	534887	534891	534891	534896	534898	534891	534891	534886	534891	534891	534886	534891	534893	534891	534886	534888	534886	534891	534886
2026-06-30 10:58:22.571	2605	52942	77	0	77	0	534891	534892	534886	534891	534893	534891	534896	534891	534894	534896	534886	534883	534891	534886	534891	534882	534886	534896	534886	534891
2026-06-30 10:58:22.591	2606	52962	77	0	77	0	534889	534896	534892	534887	534896	534891	534896	534888	534892	534891	534893	534895	534891	534891	534894	534891	534891	534886	534891	534896
2026-06-30 10:58:22.611	2607	52983	77	0	77	0	534895	534896	534893	534896	534896	534894	534896	534891	534891	534888	534896	534891	534886	534888	534891	534891	534891	534892	534891	534891
2026-06-30 10:58:22.632	2608	53003	77	0	77	0	534889	534891	534892	534891	534896	534891	534891	534896	534888	534886	534886	534890	534892	534886	534886	534886	534887	534896	534886	534893
2026-06-30 10:58:22.652	2609	53023	77	0	77	0	534894	534891	534891	534888	534891	534886	534891	534887	534891	534891	534891	534893	534891	534891	534898	534896	534896	534892	534887	534891
2026-06-30 10:58:22.672	2610	53044	77	0	77	0	534899	534891	534888	534891	534892	534891	534893	534891	534886	534888	534896	534891	534891	534886	534891	534891	534886	534887	534891	534896
2026-06-30 10:58:22.693	2611	53064	77	0	77	0	534889	534899	534891	534896	534893	534896	534896	534892	534887	534891	534886	534890	534892	534891	534886	534896	534891	534896	534897	534891
2026-06-30 10:58:22.713	2612	53084	77	0	77	0	534896	534892	534886	534893	534891	534891	534891	534893	534886	534891	534895	534893	534891	534897	534896	534891	534896	534896	534898	534891
2026-06-30 10:58:22.733	2613	53105	77	0	77	0	534895	534891	534898	534891	534891	534896	534894	534891	534891	534891	534887	534891	534891	534893	534891	534896	534891	534893	534896	534892
2026-06-30 10:58:22.754	2614	53125	77	0	77	0	534894	534887	534896	534892	534896	534898	534896	534891	534891	534894	534895	534891	534893	534891	534891	534891	534892	534891	534891	534891
2026-06-30 10:58:22.774	2615	53145	77	0	77	0	534891	534891	534892	534891	534898	534891	534891	534888	534891	534892	534890	534893	534891	534897	534886	534896	534891	534896	534891	534888
2026-06-30 10:58:22.794	2616	53166	77	0	77	0	534894	534896	534888	534896	534892	534896	534893	534891	534891	534891	534893	534891	534891	534891	534891	534891	534896	534884	534891	534891
2026-06-30 10:58:22.815	2617	53186	77	0	77	0	534889	534888	534892	534891	534886	534887	534886	534891	534896	534883	534896	534890	534896	534894	534891	534891	534893	534891	534891	534896
2026-06-30 10:58:22.835	2618	53206	77	0	77	0	534892	534886	534891	534891	534886	534892	534891	534891	534893	534896	534886	534893	534896	534891	534891	534893	534891	534892	534891	534891
2026-06-30 10:58:22.855	2619	53227	77	0	77	0	534894	534891	534891	534888	534891	534891	534898	534896	534892	534896	534893	534895	534896	534896	534894	534891	534896	534891	534896	534897
2026-06-30 10:58:22.876	2620	53247	77	0	77	0	534899	534893	534891	534891	534891	534893	534892	534891	534896	534893	534891	534886	534891	534887	534896	534891	534891	534894	534891	534896
2026-06-30 10:58:22.896	2621	53267	77	0	77	0	534891	534896	534897	534896	534898	534896	534891	534896	534897	534891	534896	534895	534898	534892	534896	534893	534896	534891	534896	534894
2026-06-30 10:58:22.916	2622	53288	77	0	77	0	534889	534896	534896	534893	534892	534896	534891	534896	534896	534892	534893	534895	534896	534896	534888	534892	534891	534891	534893	534891
2026-06-30 10:58:22.937	2623	53308	77	0	77	0	534895	534886	534893	534891	534891	534891	534887	534892	534891	534887	534891	534890	534891	534888	534891	534891	534891	534891	534896	534892
2026-06-30 10:58:22.957	2624	53328	77	0	77	0	534894	534893	534896	534892	534898	534896	534896	534896	534898	534892	534890	534901	534893	534891	534896	534896	534892	534896	534896	534893
2026-06-30 10:58:22.978	2625	53349	78	0	78	0	534894	534897	534896	534893	534901	534891	534896	534893	534893	534891	534895	534896	534896	534892	534893	534896	534896	534901	534893	534896
2026-06-30 10:58:22.998	2626	53369	78	0	78	0	534900	534896	534893	534901	534901	534892	534901	534896	534891	534893	534896	534896	534896	534893	534896	534896	534897	534893	534896	534891
2026-06-30 10:58:23.018	2627	53390	78	0	78	0	534899	534888	534896	534896	534891	534898	534891	534897	534893	534896	534896	534890	534894	534896	534896	534896	534893	534891	534897	534891
2026-06-30 10:58:23.039	2628	53410	78	0	78	0	534896	534897	534896	534898	534891	534896	534891	534896	534892	534896	534891	534892	534891	534892	534891	534893	534891	534886	534893	534891
2026-06-30 10:58:23.059	2629	53430	78	0	78	0	534890	534891	534887	534891	534896	534892	534893	534891	534896	534891	534893	534896	534891	534898	534896	534896	534892	534898	534896	534891
2026-06-30 10:58:23.079	2630	53450	78	0	78	0	534894	534894	534896	534901	534896	534898	534891	534892	534896	534893	534901	534895	534894	534896	534901	534896	534888	534896	534891	534892
2026-06-30 10:58:23.099	2631	53471	78	0	78	0	534891	534891	534891	534897	534891	534896	534891	534893	534891	534896	534901	534893	534886	534896	534891	534894	534896	534896	534891	534896
2026-06-30 10:58:23.120	2632	53491	78	0	78	0	534890	534896	534896	534891	534896	534897	534893	534891	534891	534896	534887	534891	534891	534891	534893	534891	534891	534886	534891	534896
2026-06-30 10:58:23.140	2633	53511	78	0	78	0	534889	534893	534896	534892	534891	534893	534891	534891	534891	534893	534891	534891	534901	534887	534896	534891	534894	534896	534891	534891
2026-06-30 10:58:23.160	2634	53532	78	0	78	0	534897	534891	534896	534891	534887	534891	534892	534891	534893	534891	534891	534895	534896	534892	534891	534887	534886	534896	534886	534894
2026-06-30 10:58:23.181	2635	53552	78	0	78	0	534889	534891	534896	534891	534891	534897	534886	534893	534891	534891	534898	534891	534891	534891	534887	534896	534886	534896	534893	534891
2026-06-30 10:58:23.201	2636	53572	78	0	78	0	534894	534892	534896	534891	534896	534893	534896	534891	534891	534894	534891	534890	534891	534888	534891	534891	534886	534898	534896	534892
2026-06-30 10:58:23.221	2637	53593	78	0	78	0	534889	534893	534891	534896	534889	534896	534891	534891	534891	534891	534896	534891	534893	534891	534891	534892	534888	534891	534896	534888
2026-06-30 10:58:23.242	2638	53613	78	0	78	0	534889	534892	534891	534887	534891	534891	534896	534888	534892	534891	534891	534892	534892	534891	534896	534891	534896	534892	534893	534896
2026-06-30 10:58:23.262	2639	53633	78	0	78	0	534889	534896	534894	534896	534896	534896	534893	534886	534891	534893	534891	534890	534891	534886	534891	534891	534891	534887	534891	534891
2026-06-30 10:58:23.282	2640	53654	78	0	78	0	534890	534893	534891	534891	534891	534893	534891	534886	534888	534886	534896	534891	534886	534886	534896	534886	534888	534891	534891	534896
2026-06-30 10:58:23.303	2641	53674	78	0	78	0	534894	534896	534892	534893	534891	534896	534891	534898	534896	534897	534895	534898	534891	534897	534886	534891	534896	534886	534894	534890
2026-06-30 10:58:23.323	2642	53694	78	0	78	0	534890	534886	534893	534886	534886	534891	534882	534891	534891	534896	534893	534891	534891	534886	534887	534891	534886	534893	534891	534886
2026-06-30 10:58:23.343	2643	53715	78	0	78	0	534894	534893	534896	534892	534896	534893	534896	534896	534891	534888	534886	534890	534888	534886	534891	534891	534886	534891	534896	534897
2026-06-30 10:58:23.364	2644	53735	78	0	78	0	534891	534896	534886	534897	534887	534896	534891	534891	534887	534886	534891	534893	534891	534891	534892	534886	534891	534891	534891	534898
2026-06-30 10:58:23.384	2645	53755	78	0	78	0	534895	534891	534896	534893	534891	534891	534888	534891	534886	534891	534886	534896	534891	534892	534891	534891	534891	534896	534888	534892
2026-06-30 10:58:23.404	2646	53776	78	0	78	0	534889	534888	534891	534891	534886	534888	534891	534886	534891	534893	534886	534891	534886	534886	534891	534891	534889	534886	534886	534886
2026-06-30 10:58:23.424	2647	53796	78	0	78	0	534891	534886	534886	534886	534888	534886	534891	534886	534882	534891	534891	534891	534893	534891	534891	534894	534891	534891	534891	534893
2026-06-30 10:58:23.445	2648	53816	78	0	78	0	534895	534886	534886	534887	534891	534886	534891	534893	534891	534886	534892	534891	534886	534886	534887	534891	534891	534891	534888	534891
2026-06-30 10:58:23.465	2649	53837	78	0	78	0	534890	534891	534887	534886	534891	534888	534891	534892	534891	534891	534891	534895	534886	534882	534891	534886	534891	534888	534886	534891
2026-06-30 10:58:23.485	2650	53857	78	0	78	0	534891	534886	534886	534891	534888	534886	534892	534886	534886	534886	534886	534891	534887	534886	534891	534886	534894	534891	534891	534893
2026-06-30 10:58:23.506	2651	53877	78	0	78	0	534889	534886	534891	534893	534886	534891	534891	534891	534886	534891	534886	534885	534891	534886	534891	534886	534886	534886	534891	534891
2026-06-30 10:58:23.526	2652	53898	78	0	78	0	534890	534891	534887	534891	534886	534891	534894	534896	534891	534893	534891	534890	534891	534888	534891	534886	534891	534886	534886	534892
2026-06-30 10:58:23.546	2653	53918	78	0	78	0	534894	534887	534886	534891	534886	534893	534891	534886	534893	534886	534891	534891	534882	534891	534886	534892	534880	534891	534886	534886
2026-06-30 10:58:23.567	2654	53938	78	0	78	0	534892	534891	534886	534893	534886	534891	534886	534888	534886	534886	534891	534887	534891	534886	534896	534886	534892	534891	534891	534887
2026-06-30 10:58:23.587	2655	53958	78	0	78	0	534894	534891	534893	534892	534886	534896	534893	534891	534891	534892	534892	534886	534886	534891	534892	534891	534886	534893	534886	534886
2026-06-30 10:58:23.607	2656	53979	78	0	78	0	534890	534886	534891	534891	534886	534886	534886	534892	534886	534888	534886	534890	534888	534886	534891	534886	534887	534891	534891	534886
2026-06-30 10:58:23.628	2657	53999	78	0	78	0	534886	534891	534886	534886	534892	534886	534891	534891	534882	534891	534886	534893	534886	534891	534886	534883	534886	534891	534886	534891
2026-06-30 10:58:23.648	2658	54019	78	0	78	0	534884	534886	534891	534887	534886	534886	534893	534891	534891	534886	534886	534886	534891	534886	534888	534891	534891	534891	534886	534891
2026-06-30 10:58:23.668	2659	54040	78	0	78	0	534890	534888	534891	534891	534896	534893	534891	534897	534891	534893	534891	534895	534896	534894	534896	534896	534891	534893	534891	534891
2026-06-30 10:58:23.689	2660	54060	78	0	78	0	534892	534891	534886	534896	534887	534891	534892	534886	534893	534891	534886	534891	534888	534886	534891	534893	534886	534892	534886	534891
2026-06-30 10:58:23.709	2661	54080	78	0	78	0	534884	534891	534892	534888	534891	534891	534886	534896	534892	534891	534893	534895	534891	534892	534887	534896	534891	534891	534893	534896
2026-06-30 10:58:23.729	2662	54101	77	0	77	0	534890	534901	534887	534896	534891	534894	534891	534891	534891	534893	534886	534891	534891	534893	534891	534896	534886	534893	534890	534891
2026-06-30 10:58:23.750	2663	54121	77	0	77	0	534890	534891	534886	534896	534891	534896	534892	534896	534893	534891	534891	534896	534896	534891	534891	534896	534893	534892	534896	534893
2026-06-30 10:58:23.770	2664	54141	77	0	77	0	534889	534896	534892	534893	534891	534891	534891	534893	534891	534892	534895	534893	534896	534896	534894	534891	534891	534896	534891	534891
2026-06-30 10:58:23.791	2665	54162	77	0	77	0	534895	534896	534898	534896	534896	534896	534899	534896	534901	534893	534901	534890	534897	534898	534891	534896	534891	534896	534892	534896
2026-06-30 10:58:23.811	2666	54182	77	0	77	0	534894	534893	534896	534896	534894	534896	534896	534896	534893	534896	534896	534891	534898	534891	534897	534896	534893	534901	534896	534898
2026-06-30 10:58:23.831	2667	54203	77	0	77	0	534899	534892	534896	534893	534896	534891	534896	534892	534896	534891	534891	534898	534896	534891	534891	534898	534896	534896	534893	534897
2026-06-30 10:58:23.852	2668	54223	77	0	77	0	534894	534896	534893	534896	534896	534892	534891	534891	534896	534891	534887	534891	534896	534893	534886	534891	534892	534893	534891	534896
2026-06-30 10:58:23.872	2669	54243	77	0	77	0	534889	534899	534891	534896	534891	534893	534891	534891	534894	534896	534896	534890	534894	534891	534896	534896	534893	534896	534892	534896
2026-06-30 10:58:23.892	2670	54264	77	0	77	0	534891	534896	534892	534893	534891	534896	534891	534893	534891	534891	534891	534887	534891	534891	534892	534887	534891	534896	534896	534893
2026-06-30 10:58:23.912	2671	54284	77	0	77	0	534890	534896	534893	534891	534891	534891	534887	534892	534891	534896	534887	534891	534896	534891	534893	534891	534891	534888	534886	534891
2026-06-30 10:58:23.933	2672	54304	77	0	77	0	534889	534894	534896	534891	534891	534886	534891	534891	534892	534887	534891	534890	534891	534888	534891	534891	534898	534886	534891	534891
2026-06-30 10:58:23.953	2673	54324	77	0	77	0	534892	534886	534891	534886	534891	534886	534886	534891	534886	534886	534886	534887	534886	534891	534891	534893	534891	534886	534891	534893
2026-06-30 10:58:23.973	2674	54345	77	0	77	0	534889	534896	534892	534893	534891	534896	534891	534891	534886	534896	534886	534886	534896	534886	534893	534886	534896	534891	534891	534886
2026-06-30 10:58:23.994	2675	54365	77	0	77	0	534890	534891	534887	534891	534891	534888	534896	534891	534891	534893	534891	534891	534891	534887	534896	534886	534892	534893	534886	534891
2026-06-30 10:58:24.014	2676	54385	77	0	77	0	534886	534896	534891	534886	534887	534886	534896	534886	534891	534891	534891	534891	534893	534891	534891	534886	534893	534886	534886	534893
2026-06-30 10:58:24.034	2677	54406	77	0	77	0	534884	534886	534886	534889	534891	534891	534891	534886	534886	534886	534886	534886	534891	534886	534891	534886	534886	534896	534891	534896
2026-06-30 10:58:24.055	2678	54426	77	0	77	0	534889	534886	534893	534891	534896	534891	534888	534896	534891	534888	534891	534886	534891	534887	534891	534891	534886	534886	534891	534886
2026-06-30 10:58:24.075	2679	54446	77	0	77	0	534894	534883	534891	534891	534886	534893	534886	534891	534894	534891	534891	534890	534887	534891	534886	534896	534891	534891	534896	534886
2026-06-30 10:58:24.095	2680	54466	77	0	77	0	534891	534886	534891	534888	534886	534891	534892	534893	534896	534896	534891	534887	534891	534891	534891	534891	534891	534892	534891	534893
2026-06-30 10:58:24.116	2681	54487	77	0	77	0	534894	534891	534893	534892	534891	534896	534893	534891	534891	534896	534887	534896	534891	534891	534893	534892	534886	534893	534896	534891
2026-06-30 10:58:24.136	2682	54507	77	0	77	0	534895	534893	534891	534896	534891	534894	534891	534891	534886	534893	534891	534886	534888	534886	534891	534886	534891	534891	534886	534891
2026-06-30 10:58:24.156	2683	54527	77	0	77	0	534891	534896	534891	534897	534893	534891	534896	534891	534893	534891	534891	534898	534891	534891	534891	534892	534896	534891	534891	534898
2026-06-30 10:58:24.176	2684	54548	77	0	77	0	534890	534891	534891	534893	534886	534891	534893	534896	534892	534886	534892	534896	534891	534891	534894	534896	534896	534891	534893	534896
2026-06-30 10:58:24.197	2685	54568	77	0	77	0	534890	534887	534891	534891	534891	534893	534891	534892	534891	534891	534891	534890	534886	534893	534886	534891	534891	534893	534892	534886
2026-06-30 10:58:24.217	2686	54588	77	0	77	0	534891	534891	534896	534886	534887	534891	534886	534896	534891	534886	534890	534891	534896	534891	534897	534891	534896	534891	534896	534891
2026-06-30 10:58:24.237	2687	54609	77	0	77	0	534895	534896	534891	534893	534896	534891	534892	534893	534891	534886	534893	534891	534896	534896	534888	534886	534891	534891	534886	534891
2026-06-30 10:58:24.258	2688	54629	77	0	77	0	534889	534891	534888	534891	534891	534891	534893	534891	534892	534893	534895	534891	534891	534894	534896	534891	534891	534891	534896	534891
2026-06-30 10:58:24.278	2689	54649	77	0	77	0	534895	534893	534891	534891	534888	534891	534892	534891	534887	534891	534896	534891	534887	534891	534896	534896	534891	534891	534897	534888
2026-06-30 10:58:24.298	2690	54670	77	0	77	0	534894	534891	534896	534893	534896	534892	534891	534893	534891	534891	534891	534887	534886	534891	534886	534893	534886	534891	534888	534891
2026-06-30 10:58:24.319	2691	54690	77	0	77	0	534889	534891	534888	534896	534892	534886	534893	534891	534886	534897	534886	534891	534891	534893	534892	534891	534891	534891	534891	534891
2026-06-30 10:58:24.339	2692	54710	77	0	77	0	534890	534887	534891	534891	534896	534888	534886	534891	534887	534886	534891	534891	534887	534891	534891	534891	534891	534892	534891	534892
2026-06-30 10:58:24.359	2693	54731	77	0	77	0	534892	534896	534891	534896	534893	534891	534897	534898	534896	534896	534891	534891	534896	534896	534896	534893	534897	534896	534886	534893
2026-06-30 10:58:24.380	2694	54751	77	0	77	0	534899	534891	534898	534896	534892	534896	534898	534896	534901	534897	534892	534896	534891	534897	534893	534891	534896	534896	534892	534891
2026-06-30 10:58:24.400	2695	54771	77	0	77	0	534894	534893	534896	534897	534891	534893	534896	534896	534886	534893	534891	534891	534898	534896	534891	534896	534892	534896	534896	534891
2026-06-30 10:58:24.420	2696	54792	77	0	77	0	534896	534892	534896	534896	534896	534891	534892	534896	534893	534886	534896	534893	534891	534896	534896	534898	534892	534896	534896	534896
2026-06-30 10:58:24.441	2697	54812	77	0	77	0	534894	534892	534891	534898	534891	534896	534893	534896	534886	534896	534893	534895	534892	534891	534893	534886	534891	534891	534892	534891
2026-06-30 10:58:24.461	2698	54832	77	0	77	0	534894	534891	534886	534891	534886	534887	534891	534891	534896	534893	534891	534891	534891	534893	534896	534897	534896	534893	534896	534891
2026-06-30 10:58:24.481	2699	54853	77	0	77	0	534897	534891	534891	534896	534893	534891	534891	534892	534893	534886	534896	534891	534893	534891	534891	534893	534896	534891	534896	534893
2026-06-30 10:58:24.502	2700	54873	77	0	77	0	534890	534891	534891	534893	534896	534896	534897	534887	534891	534891	534893	534890	534892	534896	534893	534891	534891	534891	534891	534892
2026-06-30 10:58:24.522	2701	54893	77	0	77	0	534889	534896	534888	534892	534891	534893	534891	534891	534886	534887	534891	534886	534891	534887	534891	534891	534892	534891	534891	534891
2026-06-30 10:58:24.542	2702	54914	77	0	77	0	534894	534888	534896	534891	534893	534891	534896	534892	534893	534891	534891	534895	534887	534892	534891	534896	534891	534891	534896	534898
2026-06-30 10:58:24.562	2703	54934	77	0	77	0	534895	534896	534891	534898	534896	534891	534896	534888	534896	534891	534891	534898	534891	534896	534891	534887	534891	534892	534893	534891
2026-06-30 10:58:24.583	2704	54954	77	0	77	0	534894	534886	534894	534891	534896	534891	534893	534891	534891	534891	534887	534891	534896	534888	534886	534892	534891	534887	534891	534891
2026-06-30 10:58:24.603	2705	54974	77	0	77	0	534889	534894	534891	534901	534896	534893	534896	534897	534898	534896	534891	534895	534901	534892	534901	534896	534893	534896	534892	534896
2026-06-30 10:58:24.623	2706	54995	77	0	77	0	534891	534896	534891	534897	534898	534891	534886	534898	534896	534897	534896	534895	534896	534896	534892	534891	534896	534891	534891	534894
2026-06-30 10:58:24.644	2707	55015	77	0	77	0	534894	534891	534888	534896	534891	534892	534887	534891	534891	534891	534887	534896	534891	534886	534891	534891	534886	534891	534887	534891
2026-06-30 10:58:24.664	2708	55035	77	0	77	0	534894	534893	534891	534892	534891	534898	534891	534891	534891	534893	534891	534896	534891	534893	534886	534896	534894	534891	534891	534891
2026-06-30 10:58:24.684	2709	55056	77	0	77	0	534896	534892	534896	534886	534887	534891	534896	534892	534893	534891	534891	534898	534891	534891	534891	534896	534892	534896	534896	534893
2026-06-30 10:58:24.705	2710	55076	77	0	77	0	534894	534891	534891	534894	534896	534896	534896	534893	534891	534896	534893	534896	534891	534891	534892	534896	534896	534891	534896	534896
2026-06-30 10:58:24.725	2711	55096	77	0	77	0	534895	534891	534898	534896	534891	534897	534896	534896	534891	534896	534891	534891	534896	534888	534891	534891	534896	534894	534891	534891
2026-06-30 10:58:24.745	2712	55117	77	0	77	0	534891	534891	534886	534896	534893	534896	534891	534891	534896	534892	534890	534891	534888	534892	534896	534888	534896	534891	534891	534887
2026-06-30 10:58:24.766	2713	55137	77	0	77	0	534890	534896	534891	534887	534891	534896	534892	534896	534896	534896	534896	534898	534896	534896	534893	534892	534891	534901	534893	534896
2026-06-30 10:58:24.786	2714	55157	77	0	77	0	534895	534891	534893	534891	534896	534896	534898	534901	534902	534893	534896	534895	534892	534887	534891	534891	534886	534893	534891	534891
2026-06-30 10:58:24.806	2715	55178	77	0	77	0	534895	534893	534891	534891	534893	534896	534891	534896	534892	534896	534896	534891	534893	534901	534896	534896	534893	534896	534892	534898
2026-06-30 10:58:24.827	2716	55198	77	0	77	0	534889	534896	534891	534898	534892	534896	534891	534898	534891	534897	534895	534893	534896	534892	534896	534893	534896	534891	534893	534896
2026-06-30 10:58:24.847	2717	55218	77	0	77	0	534890	534891	534893	534891	534891	534892	534893	534896	534896	534896	534896	534901	534896	534896	534892	534896	534896	534891	534891	534891
2026-06-30 10:58:24.867	2718	55239	77	0	77	0	534895	534898	534891	534896	534896	534888	534891	534892	534893	534896	534896	534891	534898	534896	534896	534896	534891	534896	534897	534896
2026-06-30 10:58:24.888	2719	55259	77	0	77	0	534891	534896	534886	534894	534891	534886	534891	534893	534891	534891	534891	534893	534891	534891	534891	534892	534896	534891	534896	534893
2026-06-30 10:58:24.908	2720	55279	77	0	77	0	534894	534897	534893	534891	534891	534896	534893	534891	534896	534892	534892	534896	534896	534892	534893	534901	534896	534898	534896	534892
2026-06-30 10:58:24.928	2721	55300	77	0	77	0	534894	534898	534891	534896	534891	534894	534896	534891	534896	534893	534891	534890	534888	534891	534891	534896	534896	534892	534891	534891
2026-06-30 10:58:24.949	2722	55320	77	0	77	0	534891	534896	534891	534897	534888	534896	534891	534893	534891	534896	534896	534893	534891	534896	534886	534896	534891	534891	534896	534891
2026-06-30 10:58:24.969	2723	55340	77	0	77	0	534895	534891	534893	534896	534896	534891	534894	534886	534896	534891	534887	534891	534891	534891	534893	534891	534891	534891	534883	534886
2026-06-30 10:58:24.989	2724	55361	77	0	77	0	534889	534887	534891	534886	534892	534893	534886	534891	534896	534893	534896	534886	534891	534891	534891	534891	534888	534892	534891	534896
2026-06-30 10:58:25.010	2725	55381	77	0	77	0	534891	534891	534886	534896	534888	534891	534891	534891	534894	534891	534896	534892	534896	534892	534891	534893	534891	534896	534891	534892
2026-06-30 10:58:25.030	2726	55401	77	0	77	0	534889	534891	534886	534893	534886	534896	534891	534893	534896	534896	534898	534891	534891	534896	534894	534896	534891	534896	534896	534901
2026-06-30 10:58:25.050	2727	55422	77	0	77	0	534890	534901	534893	534896	534891	534894	534891	534891	534896	534893	534896	534891	534891	534893	534896	534891	534897	534891	534896	534891
2026-06-30 10:58:25.071	2728	55442	77	0	77	0	534889	534886	534892	534886	534893	534891	534886	534891	534888	534892	534895	534891	534893	534891	534891	534892	534891	534891	534891	534893
2026-06-30 10:58:25.091	2729	55462	77	0	77	0	534894	534891	534892	534887	534891	534896	534891	534887	534892	534886	534891	534892	534886	534896	534891	534891	534896	534891	534894	534891
2026-06-30 10:58:25.111	2730	55483	77	0	77	0	534889	534891	534887	534891	534886	534892	534886	534891	534886	534893	534890	534891	534886	534889	534891	534896	534896	534893	534891	534891
2026-06-30 10:58:25.132	2731	55503	77	0	77	0	534890	534896	534896	534891	534893	534896	534886	534892	534893	534886	534891	534891	534893	534891	534891	534891	534893	534896	534892	534891
2026-06-30 10:58:25.152	2732	55523	77	0	77	0	534896	534896	534897	534887	534891	534891	534886	534891	534892	534886	534891	534886	534891	534892	534891	534887	534891	534886	534888	534891
2026-06-30 10:58:25.172	2733	55544	77	0	77	0	534890	534891	534893	534896	534886	534891	534892	534891	534891	534891	534893	534896	534891	534896	534893	534891	534896	534888	534891	534892
2026-06-30 10:58:25.193	2734	55564	77	0	77	0	534889	534893	534891	534891	534886	534891	534886	534891	534896	534888	534886	534886	534893	534886	534891	534886	534887	534886	534886	534891
2026-06-30 10:58:25.213	2735	55584	77	0	77	0	534881	534880	534886	534886	534882	534881	534886	534888	534891	534886	534891	534887	534891	534891	534891	534887	534892	534891	534891	534887
2026-06-30 10:58:25.233	2736	55605	77	0	77	0	534889	534886	534889	534891	534891	534891	534891	534891	534891	534891	534891	534891	534891	534891	534887	534891	534891	534886	534892	534892
2026-06-30 10:58:25.254	2737	55625	77	0	77	0	534889	534893	534891	534891	534892	534893	534891	534886	534886	534893	534886	534891	534891	534893	534891	534896	534894	534891	534891	534891
2026-06-30 10:58:25.274	2738	55645	77	0	77	0	534891	534891	534892	534891	534896	534886	534891	534891	534888	534891	534896	534893	534891	534891	534891	534893	534891	534886	534891	534892
2026-06-30 10:58:25.294	2739	55666	77	0	77	0	534884	534886	534886	534893	534886	534891	534886	534887	534891	534891	534887	534891	534891	534891	534887	534891	534886	534886	534896	534896
2026-06-30 10:58:25.315	2740	55686	77	0	77	0	534895	534896	534893	534891	534891	534893	534896	534896	534892	534893	534896	534890	534892	534893	534891	534891	534891	534886	534892	534891
2026-06-30 10:58:25.335	2741	55706	77	0	77	0	534886	534891	534891	534891	534888	534896	534891	534886	534893	534896	534896	534896	534893	534896	534901	534897	534893	534891	534891	534898
2026-06-30 10:58:25.355	2742	55727	77	0	77	0	534890	534891	534891	534893	534896	534896	534896	534899	534896	534901	534891	534897	534892	534896	534898	534891	534896	534891	534891	534897
2026-06-30 10:58:25.376	2743	55747	77	0	77	0	534894	534896	534893	534891	534891	534897	534891	534896	534891	534898	534891	534891	534891	534887	534891	534886	534891	534888	534886	534896
2026-06-30 10:58:25.396	2744	55767	77	0	77	0	534889	534888	534891	534896	534891	534893	534902	534896	534893	534896	534891	534896	534893	534891	534896	534891	534888	534891	534891	534891
2026-06-30 10:58:25.416	2745	55787	77	0	77	0	534886	534892	534896	534893	534891	534891	534896	534891	534892	534891	534890	534893	534891	534891	534886	534891	534891	534891	534888	534896
2026-06-30 10:58:25.437	2746	55808	77	0	77	0	534890	534891	534887	534896	534891	534897	534893	534886	534891	534896	534891	534891	534896	534886	534896	534891	534892	534891	534891	534891
2026-06-30 10:58:25.457	2747	55828	77	0	77	0	534894	534893	534897	534896	534891	534893	534896	534897	534896	534893	534891	534895	534893	534892	534896	534891	534891	534891	534891	534892
2026-06-30 10:58:25.477	2748	55848	77	0	77	0	534896	534891	534891	534897	534893	534891	534891	534891	534882	534891	534891	534898	534891	534896	534891	534893	534891	534892	534891	534893
2026-06-30 10:58:25.497	2749	55869	77	0	77	0	534894	534891	534891	534899	534891	534891	534893	534891	534896	534896	534891	534891	534896	534891	534899	534891	534896	534886	534893	534891
2026-06-30 10:58:25.518	2750	55889	77	0	77	0	534889	534884	534896	534891	534896	534888	534891	534891	534892	534886	534895	534896	534891	534898	534891	534892	534898	534896	534896	534891
2026-06-30 10:58:25.538	2751	55909	77	0	77	0	534892	534891	534896	534891	534893	534896	534897	534896	534896	534896	534896	534896	534893	534896	534896	534898	534896	534897	534891	534893
2026-06-30 10:58:25.558	2752	55930	77	0	77	0	534894	534896	534891	534894	534896	534896	534896	534893	534896	534892	534893	534895	534896	534891	534892	534896	534896	534896	534893	534896
2026-06-30 10:58:25.579	2753	55950	77	0	77	0	534890	534891	534896	534896	534892	534891	534896	534891	534891	534891	534891	534896	534886	534888	534891	534886	534891	534887	534891	534891
2026-06-30 10:58:25.599	2754	55970	77	0	77	0	534886	534886	534891	534891	534893	534891	534891	534892	534896	534891	534891	534890	534894	534891	534891	534891	534887	534891	534891	534888
2026-06-30 10:58:25.619	2755	55991	77	0	77	0	534895	534891	534891	534898	534896	534896	534892	534896	534891	534896	534891	534887	534891	534891	534888	534896	534891	534886	534893	534891
2026-06-30 10:58:25.640	2756	56011	77	0	77	0	534894	534886	534894	534896	534896	534896	534891	534896	534901	534899	534895	534896	534891	534898	534896	534892	534891	534887	534891	534896
2026-06-30 10:58:25.660	2757	56031	77	0	77	0	534894	534888	534891	534891	534886	534893	534891	534892	534887	534891	534891	534885	534894	534896	534891	534891	534891	534896	534891	534892
2026-06-30 10:58:25.680	2758	56052	77	0	77	0	534896	534896	534891	534888	534886	534891	534891	534887	534891	534891	534891	534887	534886	534896	534891	534892	534891	534896	534891	534898
2026-06-30 10:58:25.701	2759	56072	76	0	76	0	534894	534892	534887	534896	534891	534891	534894	534891	534891	534891	534889	534896	534891	534891	534893	534896	534891	534892	534891	534891
2026-06-30 10:58:25.721	2760	56092	76	0	76	0	534894	534888	534896	534892	534896	534893	534891	534891	534891	534893	534896	534891	534893	534891	534891	534896	534893	534886	534891	534891
2026-06-30 10:58:25.741	2761	56113	76	0	76	0	534896	534891	534886	534892	534898	534891	534896	534887	534896	534886	534891	534895	534891	534896	534892	534891	534891	534891	534891	534887
2026-06-30 10:58:25.762	2762	56133	76	0	76	0	534895	534891	534891	534891	534891	534886	534891	534891	534886	534897	534892	534891	534891	534891	534886	534891	534891	534891	534887	534891
2026-06-30 10:58:25.782	2763	56153	76	0	76	0	534894	534888	534886	534891	534886	534893	534886	534886	534892	534893	534896	534885	534892	534893	534896	534886	534893	534891	534886	534891
2026-06-30 10:58:25.802	2764	56174	76	0	76	0	534891	534891	534891	534891	534894	534896	534896	534891	534893	534891	534896	534893	534891	534891	534891	534892	534896	534891	534891	534888
2026-06-30 10:58:25.823	2765	56194	76	0	76	0	534894	534886	534886	534887	534891	534886	534886	534887	534891	534892	534887	534890	534886	534892	534891	534891	534886	534891	534891	534892
2026-06-30 10:58:25.843	2766	56214	76	0	76	0	534889	534891	534888	534886	534892	534891	534891	534896	534896	534891	534896	534896	534891	534893	534891	534891	534896	534892	534891	534891
2026-06-30 10:58:25.863	2767	56235	76	0	76	0	534889	534891	534892	534891	534893	534886	534891	534891	534893	534896	534891	534891	534893	534886	534891	534892	534891	534886	534891	534887
2026-06-30 10:58:25.884	2768	56255	76	0	76	0	534890	534891	534886	534882	534891	534891	534886	534894	534891	534891	534891	534892	534892	534891	534893	534891	534891	534886	534893	534891
2026-06-30 10:58:25.904	2769	56275	76	0	76	0	534894	534896	534898	534892	534896	534891	534898	534891	534896	534892	534886	534891	534896	534893	534892	534886	534886	534887	534886	534891
2026-06-30 10:58:25.924	2770	56295	76	0	76	0	534890	534887	534891	534886	534896	534898	534892	534891	534893	534896	534891	534891	534893	534891	534896	534891	534891	534897	534896	534896
2026-06-30 10:58:25.945	2771	56316	76	0	76	0	534891	534896	534892	534893	534886	534891	534896	534893	534891	534891	534891	534893	534891	534896	534891	534892	534891	534891	534893	534896
2026-06-30 10:58:25.965	2772	56336	76	0	76	0	534890	534896	534898	534891	534886	534896	534888	534892	534896	534896	534891	534896	534886	534891	534891	534886	534891	534892	534891	534891
2026-06-30 10:58:25.985	2773	56356	76	0	76	0	534894	534888	534891	534886	534891	534893	534891	534891	534891	534893	534896	534891	534893	534891	534891	534891	534887	534897	534891	534896
2026-06-30 10:58:26.006	2774	56377	76	0	76	0	534891	534892	534896	534891	534893	534891	534897	534892	534886	534891	534886	534890	534886	534891	534891	534886	534891	534891	534891	534888
2026-06-30 10:58:26.026	2775	56397	76	0	76	0	534889	534896	534891	534887	534892	534896	534887	534896	534896	534891	534893	534891	534891	534886	534888	534891	534892	534891	534887	534891
2026-06-30 10:58:26.046	2776	56417	76	0	76	0	534894	534894	534896	534896	534891	534898	534891	534896	534897	534891	534896	534890	534897	534893	534896	534896	534893	534891	534892	534891
2026-06-30 10:58:26.067	2777	56438	76	0	76	0	534891	534891	534886	534896	534889	534891	534891	534891	534893	534891	534891	534888	534891	534891	534891	534896	534892	534891	534896	534893
2026-06-30 10:58:26.087	2778	56458	76	0	76	0	534894	534892	534896	534887	534896	534896	534891	534894	534891	534891	534893	534890	534892	534896	534891	534896	534891	534891	534893	534891
2026-06-30 10:58:26.107	2779	56478	76	0	76	0	534895	534896	534887	534896	534891	534888	534891	534891	534891	534887	534891	534890	534892	534893	534886	534891	534891	534893	534896	534897
2026-06-30 10:58:26.128	2780	56499	76	0	76	0	534896	534896	534896	534896	534893	534892	534891	534886	534891	534896	534891	534896	534893	534896	534891	534893	534891	534891	534897	534898
2026-06-30 10:58:26.148	2781	56519	76	0	76	0	534889	534896	534896	534894	534891	534896	534896	534887	534891	534892	534885	534887	534891	534892	534893	534891	534891	534891	534893	534886
2026-06-30 10:58:26.168	2782	56539	76	0	76	0	534890	534891	534893	534891	534891	534896	534888	534896	534896	534896	534891	534896	534891	534893	534896	534891	534892	534887	534896	534886
2026-06-30 10:58:26.188	2783	56560	76	0	76	0	534889	534893	534892	534891	534891	534893	534891	534896	534897	534891	534895	534896	534893	534896	534892	534896	534893	534896	534896	534896
2026-06-30 10:58:26.209	2784	56580	76	0	76	0	534892	534891	534896	534893	534891	534896	534892	534898	534891	534891	534896	534893	534891	534896	534891	534894	534891	534891	534891	534893
2026-06-30 10:58:26.229	2785	56600	76	0	76	0	534894	534891	534894	534891	534896	534891	534893	534896	534892	534891	534893	534890	534891	534892	534891	534891	534891	534893	534891	534891
2026-06-30 10:58:26.249	2786	56621	76	0	76	0	534894	534892	534891	534891	534896	534886	534896	534891	534892	534887	534890	534886	534888	534891	534892	534891	534898	534896	534891	534896
2026-06-30 10:58:26.270	2787	56641	76	0	76	0	534892	534891	534896	534896	534892	534896	534891	534896	534888	534891	534886	534893	534891	534891	534886	534888	534886	534891	534891	534891
2026-06-30 10:58:26.290	2788	56661	76	0	76	0	534890	534891	534886	534887	534891	534891	534893	534891	534892	534891	534893	534895	534891	534897	534893	534896	534896	534891	534891	534891
2026-06-30 10:58:26.310	2789	56682	76	0	76	0	534890	534888	534891	534891	534891	534893	534891	534891	534886	534893	534891	534890	534892	534893	534891	534896	534896	534894	534891	534891
2026-06-30 10:58:26.331	2790	56702	76	0	76	0	534896	534891	534892	534891	534893	534896	534896	534896	534893	534896	534891	534891	534893	534891	534897	534887	534891	534891	534896	534886
2026-06-30 10:58:26.351	2791	56722	76	0	76	0	534890	534891	534886	534893	534891	534891	534892	534893	534891	534891	534887	534891	534891	534896	534887	534896	534896	534896	534892	534896
2026-06-30 10:58:26.371	2792	56743	76	0	76	0	534894	534891	534894	534891	534891	534896	534888	534891	534891	534894	534895	534891	534896	534893	534892	534891	534891	534891	534886	534891
2026-06-30 10:58:26.392	2793	56763	76	0	76	0	534890	534893	534891	534891	534898	534891	534896	534886	534894	534891	534891	534890	534888	534891	534891	534891	534891	534891	534891	534888
2026-06-30 10:58:26.412	2794	56783	76	0	76	0	534890	534891	534891	534893	534891	534896	534892	534893	534891	534896	534891	534887	534891	534896	534893	534896	534896	534892	534893	534891
2026-06-30 10:58:26.432	2795	56804	76	0	76	0	534899	534896	534893	534896	534892	534891	534893	534896	534891	534891	534893	534891	534896	534888	534896	534892	534891	534891	534891	534891
2026-06-30 10:58:26.453	2796	56824	76	0	76	0	534884	534893	534892	534891	534891	534893	534886	534896	534894	534891	534886	534895	534894	534891	534891	534891	534896	534891	534891	534892
2026-06-30 10:58:26.473	2797	56844	76	0	76	0	534896	534896	534891	534893	534901	534892	534891	534898	534896	534896	534891	534898	534896	534891	534897	534891	534891	534896	534892	534898
2026-06-30 10:58:26.493	2798	56864	76	0	76	0	534895	534901	534893	534896	534896	534892	534898	534896	534891	534891	534896	534891	534891	534896	534892	534891	534896	534893	534886	534886
2026-06-30 10:58:26.514	2799	56885	76	0	76	0	534894	534892	534891	534896	534891	534891	534891	534892	534891	534893	534891	534900	534889	534896	534891	534896	534893	534896	534891	534892
2026-06-30 10:58:26.534	2800	56905	76	0	76	0	534891	534891	534891	534891	534892	534896	534891	534896	534898	534886	534896	534893	534891	534896	534891	534894	534896	534896	534896	534893
2026-06-30 10:58:26.554	2801	56925	76	0	76	0	534895	534896	534891	534893	534891	534891	534899	534891	534896	534891	534891	534891	534891	534891	534893	534891	534891	534891	534896	534897
2026-06-30 10:58:26.574	2802	56946	76	0	76	0	534889	534891	534891	534896	534897	534893	534891	534896	534891	534894	534895	534896	534896	534898	534897	534896	534896	534891	534896	534897
2026-06-30 10:58:26.595	2803	56966	76	0	76	0	534891	534896	534891	534891	534896	534892	534891	534896	534888	534896	534891	534891	534893	534896	534886	534888	534891	534886	534891	534891
2026-06-30 10:58:26.615	2804	56986	76	0	76	0	534890	534891	534891	534893	534886	534891	534892	534893	534891	534891	534888	534890	534892	534891	534893	534891	534886	534891	534891	534886
2026-06-30 10:58:26.635	2805	57007	76	0	76	0	534889	534891	534888	534891	534891	534892	534893	534886	534896	534898	534891	534891	534896	534893	534891	534896	534886	534892	534891	534891
2026-06-30 10:58:26.656	2806	57027	76	0	76	0	534884	534893	534891	534897	534893	534891	534886	534891	534887	534892	534890	534891	534887	534891	534896	534892	534891	534891	534891	534888
2026-06-30 10:58:26.676	2807	57047	76	0	76	0	534889	534886	534886	534887	534886	534886	534891	534887	534886	534891	534886	534892	534886	534886	534891	534893	534891	534891	534893	534896
2026-06-30 10:58:26.697	2808	57068	76	0	76	0	534890	534891	534893	534891	534896	534897	534893	534891	534891	534891	534893	534891	534886	534888	534891	534886	534891	534887	534891	534891
2026-06-30 10:58:26.717	2809	57088	76	0	76	0	534889	534888	534891	534891	534886	534887	534891	534891	534889	534891	534890	534886	534886	534891	534891	534892	534888	534886	534891	534891
2026-06-30 10:58:26.737	2810	57108	76	0	76	0	534886	534891	534891	534891	534887	534896	534892	534893	534886	534891	534891	534886	534892	534891	534886	534893	534891	534891	534891	534894
2026-06-30 10:58:26.757	2811	57129	76	0	76	0	534889	534891	534893	534886	534891	534891	534886	534886	534891	534896	534886	534891	534896	534891	534888	534886	534891	534888	534892	534891
2026-06-30 10:58:26.778	2812	57149	76	0	76	0	534889	534893	534891	534886	534891	534893	534886	534891	534886	534892	534885	534896	534886	534891	534886	534891	534891	534891	534891	534896
2026-06-30 10:58:26.798	2813	57169	76	0	76	0	534886	534891	534891	534896	534896	534897	534901	534896	534898	534901	534891	534898	534891	534891	534891	534893	534891	534892	534891	534891
2026-06-30 10:58:26.818	2814	57190	76	0	76	0	534894	534891	534891	534894	534891	534896	534896	534891	534896	534891	534891	534891	534891	534896	534888	534892	534891	534896	534886	534886
2026-06-30 10:58:26.839	2815	57210	76	0	76	0	534894	534892	534891	534891	534891	534893	534891	534891	534892	534887	534885	534891	534891	534888	534896	534891	534891	534888	534891	534892
2026-06-30 10:58:26.859	2816	57230	76	0	76	0	534889	534896	534896	534896	534892	534891	534896	534886	534887	534891	534886	534891	534886	534891	534896	534883	534896	534892	534891	534893
2026-06-30 10:58:26.879	2817	57251	76	0	76	0	534889	534891	534886	534894	534891	534896	534891	534893	534891	534891	534888	534886	534891	534886	534888	534891	534886	534891	534893	534891
2026-06-30 10:58:26.900	2818	57271	76	0	76	0	534890	534886	534887	534886	534891	534886	534894	534891	534891	534893	534891	534891	534896	534891	534896	534896	534892	534891	534886	534896
2026-06-30 10:58:26.920	2819	57291	76	0	76	0	534894	534888	534891	534896	534888	534891	534891	534896	534888	534896	534891	534895	534887	534892	534891	534891	534886	534891	534896	534891
2026-06-30 10:58:26.940	2820	57311	76	0	76	0	534897	534896	534896	534896	534892	534896	534896	534891	534891	534896	534891	534893	534891	534891	534891	534893	534891	534891	534888	534891
2026-06-30 10:58:26.960	2821	57332	76	0	76	0	534884	534892	534893	534891	534896	534886	534886	534891	534896	534892	534893	534890	534891	534889	534891	534886	534891	534882	534891	534891
2026-06-30 10:58:26.981	2822	57352	76	0	76	0	534890	534887	534891	534886	534891	534891	534892	534886	534886	534888	534886	534886	534887	534886	534891	534886	534888	534886	534891	534886
2026-06-30 10:58:27.001	2823	57372	76	0	76	0	534886	534886	534886	534886	534887	534891	534891	534893	534891	534886	534891	534882	534891	534892	534891	534891	534891	534891	534891	534886
2026-06-30 10:58:27.021	2824	57393	76	0	76	0	534890	534886	534888	534891	534891	534886	534893	534886	534886	534886	534887	534886	534886	534886	534888	534891	534886	534891	534883	534891
2026-06-30 10:58:27.042	2825	57413	76	0	76	0	534889	534888	534886	534892	534896	534887	534891	534891	534891	534891	534891	534886	534886	534893	534896	534892	534893	534891	534896	534896
2026-06-30 10:58:27.062	2826	57433	76	0	76	0	534892	534891	534891	534886	534893	534886	534891	534891	534897	534891	534890	534891	534896	534897	534891	534896	534891	534896	534892	534887
2026-06-30 10:58:27.082	2827	57454	76	0	76	0	534889	534896	534896	534894	534891	534896	534888	534891	534891	534891	534887	534891	534891	534891	534896	534891	534886	534891	534887	534891
2026-06-30 10:58:27.103	2828	57474	76	0	76	0	534889	534892	534887	534891	534891	534893	534896	534892	534891	534893	534891	534895	534892	534891	534891	534886	534891	534893	534886	534886
2026-06-30 10:58:27.123	2829	57494	76	0	76	0	534896	534886	534891	534891	534894	534891	534891	534891	534893	534896	534891	534891	534893	534891	534896	534891	534893	534891	534897	534898
2026-06-30 10:58:27.143	2830	57515	76	0	76	0	534894	534891	534891	534888	534891	534886	534886	534891	534891	534896	534891	534887	534891	534886	534883	534891	534891	534896	534887	534896
2026-06-30 10:58:27.164	2831	57535	75	0	75	0	534890	534891	534887	534886	534886	534891	534886	534886	534891	534894	534891	534891	534891	534887	534886	534891	534891	534886	534891	534891
2026-06-30 10:58:27.184	2832	57555	75	0	75	0	534889	534893	534896	534892	534891	534893	534896	534891	534893	534891	534891	534891	534893	534891	534891	534892	534886	534891	534886	534886
2026-06-30 10:58:27.204	2833	57576	75	0	75	0	534886	534886	534891	534887	534891	534886	534886	534887	534886	534891	534886	534886	534886	534897	534891	534893	534886	534896	534889	534891
2026-06-30 10:58:27.225	2834	57596	75	0	75	0	534889	534886	534888	534886	534891	534886	534888	534891	534886	534891	534887	534891	534886	534886	534887	534891	534886	534892	534891	534886
2026-06-30 10:58:27.245	2835	57616	75	0	75	0	534894	534888	534891	534891	534886	534893	534891	534886	534886	534893	534886	534891	534893	534891	534886	534891	534888	534886	534891	534886
2026-06-30 10:58:27.265	2836	57636	75	0	75	0	534886	534886	534891	534886	534893	534891	534891	534893	534891	534891	534891	534887	534896	534891	534892	534893	534891	534896	534891	534893
2026-06-30 10:58:27.286	2837	57657	75	0	75	0	534890	534891	534891	534888	534891	534892	534888	534891	534891	534891	534887	534891	534891	534886	534887	534891	534891	534886	534891	534886
2026-06-30 10:58:27.306	2838	57677	75	0	75	0	534884	534893	534891	534881	534886	534893	534886	534891	534891	534883	534890	534886	534886	534888	534892	534886	534893	534891	534891	534891
2026-06-30 10:58:27.326	2839	57697	75	0	75	0	534886	534892	534891	534886	534893	534886	534886	534886	534887	534886	534891	534890	534888	534896	534891	534887	534891	534886	534886	534886
2026-06-30 10:58:27.346	2840	57718	75	0	75	0	534884	534886	534886	534887	534886	534886	534891	534882	534891	534886	534887	534891	534891	534886	534893	534886	534886	534891	534886	534886
2026-06-30 10:58:27.367	2841	57738	75	0	75	0	534890	534891	534887	534886	534886	534886	534888	534886	534886	534887	534891	534891	534886	534887	534891	534886	534891	534888	534891	534886
2026-06-30 10:58:27.387	2842	57758	75	0	75	0	534889	534887	534886	534891	534888	534891	534886	534891	534887	534886	534886	534891	534891	534891	534886	534886	534888	534886	534891	534888
2026-06-30 10:58:27.407	2843	57779	75	0	75	0	534889	534891	534886	534889	534891	534880	534886	534887	534891	534886	534890	534886	534886	534886	534892	534888	534886	534891	534883	534886
2026-06-30 10:58:27.428	2844	57799	75	0	75	0	534884	534886	534887	534891	534886	534886	534888	534886	534891	534886	534887	534890	534886	534887	534886	534891	534886	534888	534891	534886
2026-06-30 10:58:27.448	2845	57819	75	0	75	0	534894	534887	534891	534886	534892	534888	534886	534891	534887	534886	534891	534891	534896	534891	534886	534896	534888	534886	534891	534891
2026-06-30 10:58:27.469	2846	57840	75	0	75	0	534889	534891	534886	534891	534886	534886	534891	534886	534891	534891	534886	534887	534886	534886	534886	534886	534886	534886	534888	534891
2026-06-30 10:58:27.489	2847	57860	75	0	75	0	534889	534886	534887	534886	534891	534886	534887	534886	534891	534891	534887	534886	534886	534891	534887	534886	534886	534883	534886	534886
2026-06-30 10:58:27.509	2848	57880	75	0	75	0	534889	534883	534886	534886	534891	534886	534886	534886	534886	534880	534880	534886	534880	534881	534880	534880	534880	534880	534881	534880
2026-06-30 10:58:27.529	2849	57901	75	0	75	0	534886	534886	534880	534886	534880	534886	534886	534884	534886	534886	534886	534886	534886	534891	534891	534887	534886	534880	534886	534892
2026-06-30 10:58:27.550	2850	57921	75	0	75	0	534889	534891	534896	534888	534886	534886	534887	534891	534886	534896	534887	534891	534891	534891	534893	534891	534886	534886	534891	534886
2026-06-30 10:58:27.570	2851	57941	75	0	75	0	534889	534883	534891	534886	534892	534886	534891	534886	534891	534891	534891	534891	534891	534883	534891	534886	534882	534891	534886	534886
2026-06-30 10:58:27.590	2852	57962	75	0	75	0	534891	534886	534886	534891	534887	534886	534886	534886	534891	534886	534886	534885	534888	534891	534891	534893	534886	534892	534886	534887
2026-06-30 10:58:27.611	2853	57982	75	0	75	0	534889	534886	534891	534887	534892	534891	534891	534893	534891	534891	534887	534886	534886	534886	534893	534892	534891	534891	534893	534891
2026-06-30 10:58:27.631	2854	58002	75	0	75	0	534889	534886	534886	534886	534891	534888	534891	534886	534886	534888	534886	534879	534886	534883	534886	534886	534886	534882	534886	534886
2026-06-30 10:58:27.651	2855	58023	75	0	75	0	534889	534887	534891	534886	534888	534891	534891	534886	534886	534886	534891	534886	534893	534891	534886	534891	534893	534891	534891	534893
2026-06-30 10:58:27.672	2856	58043	75	0	75	0	534889	534892	534896	534893	534896	534896	534896	534891	534897	534891	534896	534897	534892	534896	534891	534893	534891	534886	534888	534891
2026-06-30 10:58:27.692	2857	58063	75	0	75	0	534889	534891	534883	534891	534886	534891	534896	534886	534892	534886	534890	534886	534891	534892	534891	534886	534886	534891	534891	534891
2026-06-30 10:58:27.712	2858	58083	75	0	75	0	534890	534893	534891	534891	534886	534894	534891	534891	534893	534891	534886	534891	534887	534891	534886	534886	534893	534886	534886	534886
2026-06-30 10:58:27.733	2859	58104	75	0	75	0	534891	534891	534886	534891	534888	534891	534886	534887	534891	534892	534890	534891	534891	534891	534891	534888	534891	534891	534891	534893
2026-06-30 10:58:27.753	2860	58124	75	0	75	0	534890	534891	534893	534891	534891	534886	534893	534892	534891	534886	534893	534890	534886	534886	534882	534891	534886	534886	534888	534891
2026-06-30 10:58:27.773	2861	58144	75	0	75	0	534889	534888	534891	534886	534886	534893	534886	534886	534891	534883	534890	534891	534886	534888	534886	534886	534888	534891	534886	534886
2026-06-30 10:58:27.793	2862	58165	75	0	75	0	534886	534891	534891	534886	534893	534891	534886	534891	534893	534891	534891	534893	534891	534896	534886	534893	534891	534891	534886	534891
2026-06-30 10:58:27.814	2863	58185	75	0	75	0	534889	534891	534886	534888	534892	534891	534896	534887	534891	534891	534887	534886	534891	534886	534893	534886	534891	534886	534891	534886
2026-06-30 10:58:27.834	2864	58205	75	0	75	0	534889	534881	534888	534886	534886	534887	534886	534892	534891	534893	534891	534890	534892	534893	534891	534891	534891	534891	534886	534891
2026-06-30 10:58:27.854	2865	58226	75	0	75	0	534896	534891	534891	534886	534887	534891	534886	534886	534893	534886	534891	534886	534887	534892	534886	534886	534887	534891	534891	534888
2026-06-30 10:58:27.875	2866	58246	75	0	75	0	534889	534886	534891	534893	534891	534891	534886	534888	534891	534886	534891	534882	534886	534891	534886	534891	534891	534892	534888	534886
2026-06-30 10:58:27.895	2867	58266	75	0	75	0	534889	534886	534888	534886	534886	534891	534883	534891	534886	534893	534886	534890	534892	534886	534886	534886	534886	534886	534891	534886
2026-06-30 10:58:27.915	2868	58286	75	0	75	0	534884	534887	534886	534886	534886	534887	534886	534886	534887	534886	534891	534891	534893	534891	534886	534891	534888	534880	534886	534891
2026-06-30 10:58:27.936	2869	58307	75	0	75	0	534889	534886	534891	534883	534886	534886	534886	534888	534881	534886	534886	534886	534892	534886	534880	534891	534891	534886	534888	534886
2026-06-30 10:58:27.956	2870	58327	75	0	75	0	534889	534886	534888	534891	534886	534886	534887	534886	534886	534891	534887	534891	534886	534893	534891	534891	534891	534883	534891	534886
2026-06-30 10:58:27.976	2871	58347	75	0	75	0	534894	534888	534891	534891	534891	534886	534891	534891	534886	534893	534891	534890	534883	534891	534886	534886	534893	534886	534886	534886
2026-06-30 10:58:27.997	2872	58368	75	0	75	0	534886	534891	534886	534886	534887	534891	534886	534893	534886	534891	534891	534893	534886	534891	534891	534886	534886	534892	534880	534887
2026-06-30 10:58:28.017	2873	58388	75	0	75	0	534889	534886	534886	534887	534886	534891	534887	534891	534892	534891	534893	534890	534891	534886	534892	534886	534891	534891	534886	534891
2026-06-30 10:58:28.037	2874	58408	75	0	75	0	534885	534893	534896	534891	534891	534891	534896	534892	534891	534896	534891	534886	534891	534893	534891	534891	534888	534886	534891	534892
2026-06-30 10:58:28.058	2875	58429	75	0	75	0	534896	534891	534891	534896	534888	534892	534891	534891	534886	534886	534886	534891	534891	534891	534891	534886	534886	534886	534886	534887
2026-06-30 10:58:28.078	2876	58449	75	0	75	0	534884	534886	534892	534887	534886	534886	534891	534888	534891	534892	534886	534891	534891	534886	534886	534886	534886	534886	534887	534886
2026-06-30 10:58:28.098	2877	58469	75	0	75	0	534890	534886	534887	534886	534891	534883	534891	534886	534886	534882	534891	534886	534886	534887	534891	534886	534891	534887	534891	534891
2026-06-30 10:58:28.119	2878	58490	75	0	75	0	534885	534887	534891	534886	534883	534886	534891	534886	534891	534891	534886	534890	534888	534891	534886	534896	534893	534891	534886	534893
2026-06-30 10:58:28.139	2879	58510	75	0	75	0	534894	534886	534891	534888	534886	534886	534886	534891	534891	534886	534886	534887	534891	534886	534888	534892	534886	534886	534887	534886
2026-06-30 10:58:28.159	2880	58530	75	0	75	0	534890	534891	534887	534886	534891	534886	534892	534891	534891	534886	534893	534890	534892	534887	534891	534880	534886	534888	534886	534891
2026-06-30 10:58:28.179	2881	58551	75	0	75	0	534889	534888	534892	534891	534891	534887	534896	534891	534888	534896	534896	534890	534894	534891	534891	534891	534893	534896	534892	534891
2026-06-30 10:58:28.200	2882	58571	75	0	75	0	534891	534891	534896	534899	534891	534896	534891	534893	534886	534896	534891	534898	534896	534891	534892	534898	534891	534891	534891	534887
2026-06-30 10:58:28.220	2883	58591	75	0	75	0	534894	534892	534887	534891	534891	534886	534888	534886	534891	534886	534887	534895	534886	534886	534891	534891	534880	534888	534891	534886
2026-06-30 10:58:28.240	2884	58612	75	0	75	0	534879	534887	534886	534886	534891	534894	534886	534891	534891	534893	534891	534891	534888	534891	534891	534896	534888	534892	534891	534886
2026-06-30 10:58:28.261	2885	58632	75	0	75	0	534891	534896	534892	534891	534893	534891	534886	534891	534888	534891	534886	534886	534892	534891	534886	534891	534891	534880	534886	534891
2026-06-30 10:58:28.281	2886	58652	75	0	75	0	534879	534886	534886	534883	534891	534881	534887	534880	534886	534891	534887	534886	534886	534886	534883	534886	534886	534886	534891	534886
2026-06-30 10:58:28.301	2887	58673	75	0	75	0	534889	534894	534891	534886	534886	534887	534886	534891	534892	534882	534886	534885	534886	534888	534886	534891	534891	534888	534891	534886
2026-06-30 10:58:28.322	2888	58693	75	0	75	0	534886	534886	534891	534880	534884	534886	534886	534891	534882	534886	534891	534886	534887	534886	534892	534887	534891	534891	534886	534891
2026-06-30 10:58:28.342	2889	58713	75	0	75	0	534890	534891	534886	534893	534886	534886	534892	534893	534891	534891	534883	534891	534886	534891	534887	534891	534886	534886	534886	534886
2026-06-30 10:58:28.362	2890	58733	75	0	75	0	534889	534891	534893	534886	534892	534891	534887	534891	534891	534893	534886	534886	534886	534882	534886	534892	534886	534886	534886	534891
2026-06-30 10:58:28.383	2891	58754	75	0	75	0	534885	534887	534891	534886	534888	534891	534886	534891	534894	534891	534890	534891	534893	534891	534886	534891	534886	534886	534891	534888
2026-06-30 10:58:28.403	2892	58774	75	0	75	0	534890	534886	534891	534887	534886	534891	534891	534888	534891	534892	534890	534893	534891	534892	534888	534896	534891	534896	534893	534896
2026-06-30 10:58:28.423	2893	58795	75	0	75	0	534890	534886	534887	534891	534891	534891	534888	534891	534891	534891	534887	534886	534891	534887	534891	534891	534891	534888	534891	534892
2026-06-30 10:58:28.444	2894	58815	75	0	75	0	534889	534893	534886	534892	534886	534893	534886	534891	534888	534891	534891	534891	534886	534891	534886	534891	534894	534891	534891	534891
2026-06-30 10:58:28.464	2895	58835	74	0	74	0	534891	534886	534886	534893	534886	534886	534896	534888	534886	534891	534886	534886	534891	534891	534886	534893	534886	534886	534888	534887
2026-06-30 10:58:28.484	2896	58856	74	0	74	0	534884	534891	534882	534880	534886	534886	534886	534891	534886	534886	534891	534891	534886	534891	534891	534891	534886	534891	534891	534886
2026-06-30 10:58:28.505	2897	58876	74	0	74	0	534884	534883	534891	534886	534891	534887	534886	534891	534896	534894	534895	534891	534888	534892	534891	534891	534886	534891	534891	534886
2026-06-30 10:58:28.525	2898	58896	74	0	74	0	534892	534886	534891	534891	534883	534891	534891	534888	534891	534886	534891	534887	534891	534886	534891	534891	534886	534886	534891	534887
2026-06-30 10:58:28.545	2899	58916	74	0	74	0	534884	534886	534886	534887	534886	534886	534887	534886	534891	534886	534887	534886	534886	534891	534887	534886	534892	534886	534893	534886
2026-06-30 10:58:28.566	2900	58937	74	0	74	0	534884	534889	534886	534886	534891	534887	534891	534892	534891	534891	534896	534890	534897	534887	534891	534896	534888	534891	534897	534891
2026-06-30 10:58:28.586	2901	58957	74	0	74	0	534886	534886	534886	534891	534888	534886	534891	534891	534893	534886	534896	534886	534893	534891	534891	534888	534891	534891	534891	534887
2026-06-30 10:58:28.606	2902	58977	74	0	74	0	534894	534891	534892	534887	534891	534891	534891	534888	534886	534892	534890	534891	534891	534892	534893	534891	534886	534896	534888	534891
2026-06-30 10:58:28.627	2903	58998	74	0	74	0	534890	534886	534887	534891	534891	534893	534896	534886	534891	534891	534890	534891	534886	534894	534886	534891	534886	534893	534886	534886
2026-06-30 10:58:28.647	2904	59018	74	0	74	0	534889	534887	534891	534891	534888	534886	534892	534886	534886	534886	534891	534886	534887	534886	534891	534891	534893	534891	534891	534888
2026-06-30 10:58:28.667	2905	59038	74	0	74	0	534889	534891	534891	534888	534891	534892	534891	534896	534891	534891	534896	534891	534896	534891	534891	534896	534892	534891	534893	534891
2026-06-30 10:58:28.688	2906	59059	74	0	74	0	534894	534891	534893	534892	534891	534896	534888	534891	534891	534893	534891	534896	534891	534896	534891	534897	534891	534893	534891	534886
2026-06-30 10:58:28.708	2907	59079	74	0	74	0	534895	534887	534891	534891	534891	534887	534886	534892	534893	534891	534886	534890	534892	534896	534891	534896	534893	534891	534891	534892
2026-06-30 10:58:28.728	2908	59099	74	0	74	0	534891	534891	534891	534893	534891	534896	534886	534893	534891	534886	534886	534893	534891	534891	534896	534887	534896	534892	534898	534891
2026-06-30 10:58:28.749	2909	59120	74	0	74	0	534894	534886	534893	534891	534897	534896	534893	534896	534896	534891	534893	534896	534891	534891	534891	534897	534891	534887	534886	534891
2026-06-30 10:58:28.769	2910	59140	74	0	74	0	534889	534894	534891	534891	534891	534896	534896	534896	534892	534893	534891	534890	534888	534896	534891	534891	534893	534880	534886	534886
2026-06-30 10:58:28.789	2911	59160	74	0	74	0	534891	534891	534892	534891	534882	534896	534886	534893	534886	534892	534890	534891	534891	534886	534891	534887	534886	534891	534891	534887
2026-06-30 10:58:28.810	2912	59181	74	0	74	0	534885	534886	534893	534886	534891	534886	534883	534886	534886	534886	534890	534891	534891	534886	534894	534891	534896	534886	534893	534891
2026-06-30 10:58:28.830	2913	59201	74	0	74	0	534890	534893	534896	534891	534891	534894	534896	534891	534896	534896	534896	534896	534896	534896	534892	534896	534893	534891	534896	534886
2026-06-30 10:58:28.850	2914	59221	74	0	74	0	534895	534896	534896	534891	534896	534891	534892	534891	534891	534886	534896	534891	534886	534891	534891	534891	534891	534891	534892	534887
2026-06-30 10:58:28.871	2915	59242	74	0	74	0	534894	534891	534891	534893	534886	534886	534891	534893	534886	534891	534887	534891	534886	534891	534888	534896	534886	534896	534893	534891
2026-06-30 10:58:28.891	2916	59262	74	0	74	0	534889	534892	534893	534896	534891	534893	534896	534892	534891	534898	534891	534896	534891	534898	534891	534891	534891	534893	534892	534891
2026-06-30 10:58:28.911	2917	59282	74	0	74	0	534896	534891	534891	534892	534893	534891	534891	534891	534893	534891	534896	534891	534893	534891	534886	534891	534893	534896	534891	534898
2026-06-30 10:58:28.931	2918	59303	74	0	74	0	534900	534896	534896	534898	534901	534896	534897	534898	534896	534896	534896	534893	534891	534891	534893	534891	534891	534892	534891	534891
2026-06-30 10:58:28.952	2919	59323	74	0	74	0	534894	534896	534893	534896	534897	534891	534896	534896	534896	534894	534895	534891	534891	534893	534896	534897	534891	534898	534891	534896
2026-06-30 10:58:28.972	2920	59343	74	0	74	0	534900	534893	534896	534891	534893	534891	534896	534886	534893	534891	534896	534896	534893	534896	534896	534891	534898	534886	534896	534896
2026-06-30 10:58:28.992	2921	59364	74	0	74	0	534891	534892	534891	534898	534891	534901	534891	534896	534892	534896	534891	534892	534891	534892	534891	534893	534896	534896	534893	534891
2026-06-30 10:58:29.013	2922	59384	74	0	74	0	534900	534896	534898	534891	534896	534892	534896	534896	534891	534896	534896	534896	534891	534891	534894	534891	534891	534887	534891	534891
2026-06-30 10:58:29.033	2923	59404	74	0	74	0	534895	534893	534891	534896	534896	534893	534891	534892	534891	534893	534886	534890	534894	534886	534886	534896	534893	534891	534891	534892
2026-06-30 10:58:29.054	2924	59425	74	0	74	0	534891	534891	534891	534886	534892	534886	534886	534893	534886	534891	534886	534887	534891	534891	534891	534887	534886	534886	534891	534891
2026-06-30 10:58:29.074	2925	59445	74	0	74	0	534884	534891	534886	534891	534891	534891	534887	534896	534891	534892	534887	534895	534886	534897	534887	534891	534896	534891	534893	534896
2026-06-30 10:58:29.094	2926	59465	74	0	74	0	534890	534891	534896	534891	534891	534893	534892	534886	534891	534887	534891	534891	534891	534893	534896	534896	534886	534891	534891	534896
2026-06-30 10:58:29.114	2927	59485	74	0	74	0	534891	534891	534892	534891	534887	534891	534891	534896	534893	534891	534891	534896	534888	534891	534886	534891	534891	534896	534891	534887
2026-06-30 10:58:29.135	2928	59506	74	0	74	0	534890	534886	534896	534888	534896	534896	534897	534893	534891	534891	534893	534891	534896	534896	534896	534891	534896	534892	534896	534891
2026-06-30 10:58:29.155	2929	59526	74	0	74	0	534894	534892	534893	534896	534891	534891	534896	534891	534892	534891	534885	534891	534886	534893	534892	534891	534891	534891	534891	534891
2026-06-30 10:58:29.175	2930	59546	74	0	74	0	534890	534886	534896	534891	534887	534896	534897	534891	534898	534891	534891	534891	534893	534896	534891	534891	534887	534891	534892	534893
2026-06-30 10:58:29.196	2931	59567	74	0	74	0	534894	534891	534896	534888	534896	534892	534891	534887	534896	534891	534891	534893	534891	534891	534893	534891	534891	534897	534893	534891
2026-06-30 10:58:29.216	2932	59587	74	0	74	0	534894	534891	534894	534891	534896	534891	534896	534891	534892	534896	534893	534895	534892	534893	534891	534896	534891	534898	534896	534892
2026-06-30 10:58:29.236	2933	59607	74	0	74	0	534894	534893	534901	534892	534896	534896	534896	534896	534894	534896	534896	534895	534893	534896	534892	534891	534898	534891	534891	534891
2026-06-30 10:58:29.257	2934	59628	74	0	74	0	534892	534896	534896	534896	534894	534891	534896	534898	534893	534896	534896	534890	534892	534891	534891	534896	534891	534896	534892	534891
2026-06-30 10:58:29.277	2935	59648	74	0	74	0	534899	534891	534898	534891	534892	534896	534898	534896	534891	534897	534892	534891	534891	534891	534894	534891	534896	534891	534893	534896
2026-06-30 10:58:29.297	2936	59668	74	0	74	0	534890	534893	534896	534891	534896	534894	534896	534896	534896	534893	534891	534891	534896	534893	534896	534891	534894	534891	534891	534891
2026-06-30 10:58:29.317	2937	59688	74	0	74	0	534891	534891	534892	534891	534896	534896	534896	534896	534888	534896	534896	534893	534891	534886	534891	534887	534886	534892	534886	534896
2026-06-30 10:58:29.338	2938	59709	74	0	74	0	534889	534896	534892	534898	534896	534891	534896	534893	534896	534891	534893	534896	534896	534891	534894	534896	534896	534901	534896	534891
2026-06-30 10:58:29.358	2939	59729	74	0	74	0	534890	534891	534887	534896	534901	534899	534891	534896	534896	534893	534891	534896	534891	534893	534891	534891	534891	534891	534892	534891
2026-06-30 10:58:29.378	2940	59750	74	0	74	0	534896	534891	534896	534892	534893	534896	534891	534901	534888	534901	534891	534896	534898	534896	534896	534899	534890	534897	534896	534898
2026-06-30 10:58:29.399	2941	59770	74	0	74	0	534894	534896	534891	534894	534891	534891	534891	534891	534896	534896	534891	534898	534891	534891	534894	534891	534896	534891	534893	534891
2026-06-30 10:58:29.419	2942	59790	74	0	74	0	534890	534896	534893	534891	534891	534886	534888	534886	534891	534898	534896	534886	534891	534898	534891	534892	534891	534893	534891	534891
2026-06-30 10:58:29.439	2943	59811	74	0	74	0	534884	534892	534891	534891	534893	534891	534891	534891	534894	534891	534895	534891	534888	534891	534892	534891	534891	534896	534891	534891
2026-06-30 10:58:29.460	2944	59831	74	0	74	0	534892	534896	534891	534887	534891	534892	534891	534887	534896	534891	534891	534893	534891	534896	534896	534898	534891	534892	534893	534896
2026-06-30 10:58:29.480	2945	59851	74	0	74	0	534894	534891	534894	534891	534891	534886	534891	534891	534886	534886	534886	534891	534896	534894	534891	534891	534891	534893	534891	534896
2026-06-30 10:58:29.500	2946	59871	74	0	74	0	534890	534893	534896	534891	534891	534896	534892	534896	534886	534887	534896	534891	534887	534896	534896	534886	534893	534892	534891	534891
2026-06-30 10:58:29.521	2947	59892	74	0	74	0	534891	534886	534892	534891	534886	534886	534886	534887	534891	534886	534895	534887	534891	534891	534891	534888	534891	534891	534891	534896
2026-06-30 10:58:29.541	2948	59912	74	0	74	0	534890	534896	534893	534891	534896	534891	534894	534891	534891	534891	534893	534890	534892	534896	534887	534896	534891	534896	534899	534896
2026-06-30 10:58:29.561	2949	59932	74	0	74	0	534899	534903	534896	534897	534896	534898	534901	534896	534896	534896	534891	534896	534891	534893	534897	534891	534898	534896	534896	534892
2026-06-30 10:58:29.581	2950	59953	74	0	74	0	534891	534891	534891	534896	534893	534892	534896	534891	534887	534891	534891	534888	534896	534891	534891	534888	534891	534891	534892	534891
2026-06-30 10:58:29.602	2951	59973	74	0	74	0	534889	534891	534891	534894	534891	534896	534891	534893	534896	534897	534897	534896	534891	534897	534898	534891	534896	534891	534896	534892
2026-06-30 10:58:29.622	2952	59993	74	0	74	0	534894	534891	534893	534891	534891	534888	534891	534891	534891	534893	534891	534886	534891	534893	534891	534891	534892	534886	534896	534896
2026-06-30 10:58:29.643	2953	60014	74	0	74	0	534899	534896	534897	534896	534898	534891	534891	534896	534894	534896	534895	534891	534893	534896	534892	534896	534893	534896	534896	534888
2026-06-30 10:58:29.663	2954	60034	74	0	74	0	534900	534896	534891	534893	534891	534896	534892	534898	534896	534891	534896	534896	534891	534896	534891	534891	534897	534891	534896	534891
2026-06-30 10:58:29.683	2955	60054	74	0	74	0	534894	534892	534887	534891	534886	534891	534887	534891	534892	534893	534890	534891	534896	534893	534892	534891	534896	534891	534891	534896
2026-06-30 10:58:29.703	2956	60075	74	0	74	0	534895	534898	534896	534891	534896	534888	534891	534891	534893	534886	534891	534896	534893	534896	534896	534891	534894	534896	534896	534896
2026-06-30 10:58:29.724	2957	60095	74	0	74	0	534895	534896	534901	534893	534896	534896	534896	534888	534896	534891	534896	534887	534891	534891	534891	534891	534891	534892	534896	534893
2026-06-30 10:58:29.744	2958	60115	74	0	74	0	534889	534897	534893	534891	534896	534886	534893	534891	534891	534896	534893	534896	534886	534891	534894	534891	534891	534887	534886	534891
2026-06-30 10:58:29.764	2959	60135	74	0	74	0	534890	534887	534891	534891	534886	534888	534892	534891	534891	534893	534891	534886	534893	534891	534891	534891	534891	534891	534891	534886
2026-06-30 10:58:29.785	2960	60156	74	0	74	0	534891	534896	534891	534886	534894	534891	534891	534886	534887	534891	534891	534887	534891	534891	534891	534893	534896	534886	534891	534893
2026-06-30 10:58:29.805	2961	60176	74	0	74	0	534889	534892	534886	534887	534891	534891	534893	534896	534892	534891	534887	534890	534891	534892	534887	534891	534886	534891	534887	534886
2026-06-30 10:58:29.825	2962	60196	74	0	74	0	534890	534893	534891	534886	534891	534888	534891	534892	534891	534887	534891	534891	534891	534893	534896	534896	534891	534894	534891	534891
2026-06-30 10:58:29.846	2963	60217	74	0	74	0	534896	534891	534892	534891	534887	534891	534891	534891	534894	534891	534891	534890	534894	534891	534891	534893	534891	534886	534891	534891
2026-06-30 10:58:29.866	2964	60237	73	0	73	0	534890	534896	534891	534893	534891	534891	534892	534893	534891	534896	534889	534886	534891	534891	534896	534892	534891	534891	534893	534891
2026-06-30 10:58:29.886	2965	60257	73	0	73	0	534899	534891	534888	534896	534886	534891	534888	534892	534896	534882	534896	534886	534891	534891	534891	534891	534891	534887	534886	534886
2026-06-30 10:58:29.907	2966	60278	73	0	73	0	534889	534891	534891	534886	534886	534886	534891	534886	534891	534880	534886	534886	534887	534891	534886	534891	534886	534891	534896	534888
2026-06-30 10:58:29.927	2967	60298	73	0	73	0	534890	534886	534891	534887	534886	534886	534891	534894	534891	534891	534891	534892	534886	534891	534886	534887	534891	534891	534894	534891
2026-06-30 10:58:29.947	2968	60318	73	0	73	0	534889	534891	534893	534896	534892	534891	534891	534886	534891	534896	534898	534891	534891	534888	534886	534891	534892	534893	534891	534891
2026-06-30 10:58:29.967	2969	60339	73	0	73	0	534894	534887	534897	534891	534891	534891	534896	534891	534892	534893	534896	534890	534899	534891	534891	534896	534893	534891	534896	534892
2026-06-30 10:58:29.988	2970	60359	73	0	73	0	534891	534891	534891	534886	534894	534891	534891	534893	534891	534896	534891	534887	534891	534891	534892	534886	534891	534891	534886	534891
2026-06-30 10:58:30.008	2971	60379	73	0	73	0	534890	534886	534888	534891	534886	534891	534888	534886	534886	534891	534893	534890	534886	534886	534893	534886	534891	534896	534888	534891
2026-06-30 10:58:30.028	2972	60399	73	0	73	0	534889	534887	534891	534886	534891	534887	534886	534891	534886	534893	534891	534891	534891	534887	534891	534892	534893	534891	534896	534896
2026-06-30 10:58:30.049	2973	60420	73	0	73	0	534892	534891	534891	534891	534891	534891	534886	534891	534893	534896	534891	534898	534896	534896	534891	534898	534896	534897	534896	534896
2026-06-30 10:58:30.069	2974	60440	73	0	73	0	534894	534896	534897	534898	534896	534891	534896	534888	534897	534891	534893	534890	534892	534891	534893	534891	534891	534896	534893	534886
2026-06-30 10:58:30.089	2975	60460	73	0	73	0	534889	534891	534898	534891	534892	534887	534891	534891	534896	534891	534896	534896	534891	534898	534886	534892	534891	534893	534891	534891
2026-06-30 10:58:30.110	2976	60481	73	0	73	0	534892	534891	534891	534896	534893	534896	534891	534886	534891	534896	534896	534891	534887	534891	534896	534891	534893	534896	534892	534893
2026-06-30 10:58:30.130	2977	60501	73	0	73	0	534894	534896	534891	534888	534896	534891	534896	534891	534897	534891	534891	534890	534897	534891	534887	534896	534891	534886	534893	534892
2026-06-30 10:58:30.150	2978	60521	73	0	73	0	534894	534896	534888	534897	534896	534896	534887	534891	534891	534889	534890	534891	534891	534893	534891	534892	534891	534893	534891	534896
2026-06-30 10:58:30.171	2979	60542	73	0	73	0	534894	534888	534891	534896	534891	534893	534891	534897	534898	534891	534891	534895	534897	534891	534886	534891	534893	534891	534901	534896
2026-06-30 10:58:30.191	2980	60562	73	0	73	0	534895	534896	534891	534896	534897	534891	534896	534891	534891	534891	534891	534898	534901	534896	534892	534891	534896	534896	534893	534891
2026-06-30 10:58:30.211	2981	60582	73	0	73	0	534894	534897	534893	534896	534896	534891	534893	534892	534891	534891	534893	534886	534891	534891	534893	534891	534891	534887	534896	534886
2026-06-30 10:58:30.232	2982	60603	73	0	73	0	534889	534887	534891	534896	534892	534891	534891	534891	534891	534888	534891	534891	534898	534891	534896	534892	534893	534891	534896	534891
2026-06-30 10:58:30.252	2983	60623	73	0	73	0	534891	534892	534891	534891	534891	534896	534891	534891	534888	534886	534891	534892	534892	534886	534896	534888	534886	534891	534886	534886
2026-06-30 10:58:30.272	2984	60643	73	0	73	0	534884	534886	534891	534887	534892	534886	534887	534886	534891	534886	534882	534891	534891	534886	534893	534891	534886	534891	534891	534891
2026-06-30 10:58:30.293	2985	60664	73	0	73	0	534889	534888	534891	534886	534892	534891	534886	534886	534891	534886	534886	534891	534886	534893	534886	534886	534889	534891	534891	534880
2026-06-30 10:58:30.313	2986	60684	73	0	73	0	534886	534886	534881	534886	534877	534886	534891	534886	534891	534891	534886	534890	534881	534891	534886	534886	534891	534891	534891	534886
2026-06-30 10:58:30.333	2987	60704	73	0	73	0	534889	534886	534891	534888	534891	534886	534886	534888	534886	534886	534887	534886	534886	534886	534888	534886	534886	534886	534886	534891
2026-06-30 10:58:30.353	2988	60725	73	0	73	0	534884	534881	534887	534886	534886	534883	534880	534880	534886	534882	534880	534886	534880	534888	534880	534880	534881	534883	534886	534880
2026-06-30 10:58:30.374	2989	60745	73	0	73	0	534880	534886	534886	534886	534882	534891	534881	534886	534886	534886	534886	534886	534887	534886	534891	534886	534887	534891	534886	534883
2026-06-30 10:58:30.394	2990	60765	73	0	73	0	534889	534891	534880	534888	534886	534886	534886	534886	534886	534886	534880	534887	534886	534891	534887	534891	534892	534891	534887	534891
2026-06-30 10:58:30.414	2991	60786	73	0	73	0	534884	534886	534888	534891	534886	534886	534891	534891	534892	534893	534890	534886	534891	534888	534891	534891	534891	534887	534891	534892
2026-06-30 10:58:30.435	2992	60806	73	0	73	0	534889	534887	534891	534891	534891	534887	534886	534891	534887	534891	534891	534891	534887	534891	534891	534891	534896	534892	534891	534886
2026-06-30 10:58:30.455	2993	60826	73	0	73	0	534896	534886	534892	534887	534891	534891	534891	534888	534891	534892	534890	534887	534886	534891	534892	534886	534891	534891	534888	534891
2026-06-30 10:58:30.475	2994	60846	73	0	73	0	534885	534886	534887	534891	534886	534891	534888	534886	534891	534886	534886	534886	534886	534891	534891	534891	534886	534888	534886	534891
2026-06-30 10:58:30.496	2995	60867	73	0	73	0	534894	534888	534892	534886	534891	534882	534891	534891	534886	534888	534891	534885	534891	534892	534891	534891	534886	534891	534891	534886
2026-06-30 10:58:30.516	2996	60887	73	0	73	0	534891	534896	534891	534891	534894	534891	534891	534893	534891	534891	534891	534887	534886	534886	534886	534886	534886	534886	534886	534887
2026-06-30 10:58:30.536	2997	60907	73	0	73	0	534894	534891	534891	534892	534891	534891	534886	534891	534891	534886	534891	534891	534891	534891	534893	534886	534897	534891	534893	534891
2026-06-30 10:58:30.557	2998	60928	73	0	73	0	534894	534888	534891	534891	534891	534893	534891	534892	534891	534893	534896	534885	534896	534892	534891	534896	534888	534896	534891	534886
2026-06-30 10:58:30.577	2999	60948	73	0	73	0	534891	534891	534896	534891	534888	534896	534886	534886	534891	534886	534885	534891	534886	534886	534891	534892	534891	534891	534891	534898
2026-06-30 10:58:30.597	3000	60968	73	0	73	0	534894	534891	534892	534893	534891	534896	534891	534893	534896	534892	534892	534896	534886	534892	534893	534896	534896	534891	534894	534896
2026-06-30 10:58:30.618	3001	60989	74	0	74	0	534894	534896	534898	534891	534892	534893	534891	534896	534896	534898	534896	534891	534891	534893	534891	534891	534896	534888	534892	534891
2026-06-30 10:58:30.638	3002	61009	74	0	74	0	534895	534893	534896	534891	534893	534891	534891	534897	534887	534891	534886	534890	534886	534886	534891	534886	534891	534891	534886	534891
2026-06-30 10:58:30.658	3003	61029	74	0	74	0	534889	534886	534891	534887	534881	534891	534891	534886	534891	534886	534891	534893	534891	534891	534889	534895	534892	534891	534893	534891
2026-06-30 10:58:30.679	3004	61050	74	0	74	0	534894	534891	534894	534886	534891	534891	534887	534891	534891	534896	534893	534891	534891	534888	534891	534886	534896	534896	534891	534891
2026-06-30 10:58:30.699	3005	61070	74	0	74	0	534889	534894	534896	534891	534896	534891	534892	534896	534893	534891	534886	534886	534882	534891	534891	534891	534887	534892	534891	534896
2026-06-30 10:58:30.719	3006	61090	74	0	74	0	534901	534896	534892	534896	534893	534891	534891	534893	534896	534897	534890	534893	534891	534891	534897	534896	534896	534896	534896	534893
2026-06-30 10:58:30.740	3007	61111	74	0	74	0	534890	534891	534898	534891	534891	534896	534894	534891	534891	534896	534893	534895	534892	534891	534896	534896	534891	534894	534896	534896
2026-06-30 10:58:30.760	3008	61131	74	0	74	0	534889	534893	534892	534896	534891	534893	534891	534891	534892	534893	534895	534896	534894	534895	534892	534896	534893	534891	534896	534891
2026-06-30 10:58:30.780	3009	61151	74	0	74	0	534897	534896	534891	534891	534896	534892	534891	534891	534887	534891	534891	534893	534896	534886	534891	534888	534886	534892	534891	534891
2026-06-30 10:58:30.800	3010	61172	74	0	74	0	534894	534896	534886	534893	534891	534891	534893	534896	534896	534892	534897	534896	534891	534896	534894	534891	534896	534896	534896	534897
2026-06-30 10:58:30.821	3011	61192	74	0	74	0	534894	534896	534896	534896	534897	534898	534896	534891	534896	534888	534891	534896	534891	534893	534896	534892	534891	534896	534891	534891
2026-06-30 10:58:30.841	3012	61212	74	0	74	0	534897	534891	534891	534891	534898	534891	534902	534896	534893	534901	534896	534895	534894	534901	534891	534896	534896	534897	534896	534898
2026-06-30 10:58:30.862	3013	61233	74	0	74	0	534894	534891	534891	534894	534896	534896	534896	534893	534896	534892	534898	534895	534896	534892	534896	534896	534896	534891	534891	534897
2026-06-30 10:58:30.882	3014	61253	74	0	74	0	534894	534891	534893	534891	534886	534891	534893	534896	534891	534898	534896	534896	534891	534898	534896	534897	534891	534891	534896	534896
2026-06-30 10:58:30.902	3015	61273	74	0	74	0	534895	534893	534896	534896	534894	534901	534896	534896	534898	534896	534896	534896	534898	534896	534892	534896	534893	534896	534891	534894
2026-06-30 10:58:30.922	3016	61293	74	0	74	0	534894	534896	534896	534898	534896	534897	534896	534891	534891	534891	534886	534893	534896	534896	534896	534887	534896	534886	534898	534891
2026-06-30 10:58:30.943	3017	61314	74	0	74	0	534894	534896	534894	534896	534891	534896	534891	534891	534892	534896	534890	534896	534891	534891	534892	534896	534891	534891	534891	534891
2026-06-30 10:58:30.963	3018	61334	74	0	74	0	534895	534893	534891	534891	534891	534893	534891	534892	534888	534896	534891	534890	534888	534891	534891	534891	534891	534891	534886	534886
2026-06-30 10:58:30.983	3019	61354	74	0	74	0	534891	534891	534891	534892	534893	534891	534891	534893	534891	534891	534891	534893	534891	534891	534891	534888	534891	534891	534891	534893
2026-06-30 10:58:31.004	3020	61375	74	0	74	0	534895	534891	534888	534891	534891	534896	534887	534891	534886	534891	534890	534896	534897	534891	534893	534896	534891	534891	534893	534891
2026-06-30 10:58:31.024	3021	61395	74	0	74	0	534890	534893	534891	534891	534891	534888	534891	534896	534886	534893	534886	534891	534891	534888	534891	534891	534892	534891	534891	534891
2026-06-30 10:58:31.044	3022	61415	74	0	74	0	534891	534886	534892	534891	534893	534891	534886	534891	534893	534886	534885	534893	534891	534891	534892	534893	534891	534896	534891	534893
2026-06-30 10:58:31.065	3023	61436	74	0	74	0	534890	534896	534891	534893	534891	534896	534894	534891	534886	534886	534891	534895	534891	534886	534893	534891	534896	534896	534893	534891
2026-06-30 10:58:31.085	3024	61456	74	0	74	0	534895	534891	534893	534896	534891	534887	534891	534892	534886	534891	534891	534890	534886	534887	534896	534891	534891	534893	534891	534886
2026-06-30 10:58:31.105	3025	61476	74	0	74	0	534886	534891	534886	534891	534883	534886	534891	534891	534886	534886	534891	534891	534887	534886	534896	534886	534888	534891	534891	534887
