{
  "type": "StandardScaler",
  "n_features_in": 25,
  "mean": [
    1038.0430908203125,
    810.64990234375,
    546.3466796875,
    406.1364440917969,
    302.00909423828125,
    227.41104125976562,
    171.59457397460938,
    136.7299041748047,
    114.14491271972656,
    97.75643920898438,
    84.33631134033203,
    72.4545669555664,
    64.01905822753906,
    56.388153076171875,
    51.416290283203125,
    48.2166633605957,
    45.798274993896484,
    44.097991943359375,
    42.24246597290039,
    41.40814208984375,
    39.79514694213867,
    38.63578414916992,
    36.94811248779297,
    35.443382263183594,
    34.12250900268555
  ],
  "scale": [
    1384.2496337890625,
    1032.026123046875,
    656.6466064453125,
    466.5901794433594,
    350.96636962890625,
    263.203369140625,
    209.021484375,
    169.7164764404297,
    137.58071899414062,
    117.00702667236328,
    98.5232925415039,
    84.31839752197266,
    74.67329406738281,
    69.55272674560547,
    64.94662475585938,
    64.30667877197266,
    59.06637191772461,
    56.59421157836914,
    55.01311111450195,
    52.67205810546875,
    51.22395324707031,
    51.292335510253906,
    49.125675201416016,
    48.0125617980957,
    47.15274429321289
  ]
}